epoch,train_loss,val_loss,epoch_time_s,peak_gpu_mem_mb,cumul_train_time_s
1,0.7512151658535003,1.2649278938770294,12.847,16053.9,12.847
2,0.7151702523231507,,7.507,16053.9,20.355
3,0.6925026535987854,,8.006,16053.9,28.361
4,0.6747535586357116,,8.005,16053.9,36.366
5,0.662704473733902,1.2073250114917755,7.469,16053.9,43.835
6,0.6518669605255127,,8.049,16053.9,51.884
7,0.6411115646362304,,7.505,16053.9,59.389
8,0.6277267634868622,,7.85,16053.9,67.239
9,0.6098633050918579,,7.528,16053.9,74.767
10,0.5925053626298904,1.0620526671409607,7.939,16053.9,82.705
11,0.5767483800649643,,7.542,16053.9,90.247
12,0.5608399420976639,,7.435,16053.9,97.682
13,0.5457561761140823,,7.674,16053.9,105.356
14,0.531576406955719,,7.951,16053.9,113.307
15,0.519121190905571,0.9721616357564926,7.622,16053.9,120.929
16,0.5092597067356109,,8.16,16053.9,129.089
17,0.5014630883932114,,7.616,16053.9,136.705
18,0.49583934545516967,,8.012,16053.9,144.717
19,0.49197799563407896,,7.728,16053.9,152.445
20,0.48833954334259033,0.9330247044563293,7.951,16053.9,160.396
21,0.4851986825466156,,8.004,16053.9,168.4
22,0.4823433578014374,,8.137,16053.9,176.537
23,0.4797035217285156,,8.204,16053.9,184.741
24,0.47723503708839415,,7.575,16053.9,192.316
25,0.47481856048107146,0.9115139096975327,7.711,16053.9,200.027
26,0.4731955349445343,,7.604,16053.9,207.63
27,0.4702664315700531,,7.442,16053.9,215.072
28,0.46796649098396303,,7.566,16053.9,222.638
29,0.4654603213071823,,8.139,16053.9,230.777
30,0.46252450346946716,0.8845818042755127,7.676,16053.9,238.452
31,0.45998031497001646,,7.593,16053.9,246.045
32,0.4592645674943924,,8.154,16053.9,254.199
33,0.4546525239944458,,7.475,16053.9,261.675
34,0.4511460602283478,,8.108,16053.9,269.783
35,0.4479969024658203,0.856872946023941,7.577,16053.9,277.36
36,0.4446925073862076,,7.588,16053.9,284.948
37,0.4410099357366562,,7.825,16053.9,292.772
38,0.4378738820552826,,8.081,16053.9,300.853
39,0.43500328063964844,,8.031,16053.9,308.884
40,0.43127394318580625,0.8252478688955307,7.998,16053.9,316.881
41,0.42817298173904417,,7.607,16053.9,324.489
42,0.4252937316894531,,7.884,16053.9,332.373
43,0.42188798189163207,,7.726,16053.9,340.099
44,0.4181929141283035,,7.422,16053.9,347.521
45,0.4148128807544708,0.7896963953971863,7.949,16053.9,355.47
46,0.4115349352359772,,7.542,16053.9,363.012
47,0.40758880972862244,,7.371,16053.9,370.383
48,0.4047204256057739,,7.943,16053.9,378.326
49,0.40265296697616576,,8.147,16053.9,386.473
50,0.4032161861658096,0.7653144747018814,7.43,16053.9,393.903
51,0.39866531193256377,,6.799,16053.9,400.702
52,0.3952669233083725,,7.108,16053.9,407.81
53,0.39285687506198885,,8.62,16053.9,416.429
54,0.3908447057008743,,11.037,16053.9,427.466
55,0.38907322883605955,0.7336960732936859,10.665,16053.9,438.131
56,0.38717020452022555,,10.155,16053.9,448.285
57,0.38576099276542664,,10.856,16053.9,459.141
58,0.38405789732933043,,11.129,16053.9,470.27
59,0.3828622311353683,,10.697,16053.9,480.967
60,0.3814083218574524,0.7160060852766037,11.506,16053.9,492.474
61,0.3799367606639862,,10.648,16053.9,503.122
62,0.3786014229059219,,11.06,16053.9,514.182
63,0.37736821472644805,,11.186,16053.9,525.368
64,0.3765376999974251,,10.302,16053.9,535.67
65,0.37707690596580506,0.7028481438755989,10.527,16053.9,546.197
66,0.37631866335868835,,11.212,16053.9,557.409
67,0.37387472987174986,,10.883,16053.9,568.292
68,0.3716158136725426,,11.507,16053.9,579.799
69,0.370205819606781,,6.213,16053.9,586.012
70,0.36903626620769503,0.688321016728878,7.576,16053.9,593.589
71,0.36792155504226687,,7.309,16053.9,600.898
72,0.3669343262910843,,8.491,16053.9,609.389
73,0.36599325835704805,,8.369,16053.9,617.758
74,0.36510142385959626,,9.865,16053.9,627.623
75,0.36404246389865874,0.6777613162994385,9.767,16053.9,637.39
76,0.363453084230423,,9.761,16053.9,647.151
77,0.36280906200408936,,9.613,16053.9,656.764
78,0.361678808927536,,9.523,16053.9,666.287
79,0.3608659625053406,,9.918,16053.9,676.205
80,0.36013359427452085,0.6685948222875595,10.316,16053.9,686.522
81,0.35927757918834685,,10.396,16053.9,696.917
82,0.3584847837686539,,9.779,16053.9,706.696
83,0.3578237980604172,,9.863,16053.9,716.56
84,0.35703098475933076,,10.062,16053.9,726.622
85,0.3562519997358322,0.6607893332839012,9.069,16053.9,735.691
86,0.35560559034347533,,10.115,16053.9,745.805
87,0.3549402475357056,,9.952,16053.9,755.758
88,0.3545223593711853,,9.812,16053.9,765.57
89,0.3549281656742096,,10.01,16053.9,775.58
90,0.35351450443267823,0.6544991135597229,10.163,16053.9,785.743
91,0.35264923274517057,,9.93,16053.9,795.673
92,0.3522735208272934,,10.052,16053.9,805.725
93,0.3528554230928421,,9.283,16053.9,815.008
94,0.3518379271030426,,8.72,16053.9,823.728
95,0.3543199345469475,0.6496782898902893,8.992,16053.9,832.72
96,0.3516154170036316,,8.687,16053.9,841.407
97,0.3512319356203079,,8.863,16053.9,850.27
98,0.34976037591695786,,9.031,16053.9,859.3
99,0.34766371697187426,,8.719,16053.9,868.019
100,0.3465388357639313,0.6412375345826149,8.653,16053.9,876.672
101,0.3456880211830139,,8.677,16053.9,885.349
102,0.34486528784036635,,8.196,16053.9,893.546
103,0.3441375344991684,,9.156,16053.9,902.702
104,0.3434655278921127,,9.667,16053.9,912.369
105,0.3427031755447388,0.633139505982399,9.83,16053.9,922.199
106,0.341919532418251,,10.269,16053.9,932.468
107,0.34112715125083926,,10.05,16053.9,942.518
108,0.3403410851955414,,9.844,16053.9,952.362
109,0.33978161215782166,,10.209,16053.9,962.571
110,0.3389114856719971,0.6254668086767197,9.683,16053.9,972.254
111,0.33804296851158144,,9.61,16053.9,981.863
112,0.3372333914041519,,10.013,16053.9,991.877
113,0.3364823818206787,,9.688,16053.9,1001.565
114,0.33560178577899935,,9.907,16053.9,1011.472
115,0.3347996950149536,0.6169355362653732,9.137,16053.9,1020.609
116,0.33398433327674865,,9.486,16053.9,1030.095
117,0.3332561731338501,,11.695,16053.9,1041.79
118,0.33251123428344725,,11.669,16053.9,1053.46
119,0.3316246420145035,,11.027,16053.9,1064.486
120,0.33064078390598295,0.6084785312414169,12.168,16053.9,1076.654
121,0.3298298716545105,,8.775,16053.9,1085.429
122,0.32914728224277495,,9.717,16053.9,1095.147
123,0.32830232977867124,,9.769,16053.9,1104.915
124,0.3273767650127411,,9.594,16053.9,1114.509
125,0.3267837271094322,0.6003749892115593,9.818,16053.9,1124.327
126,0.3255618721246719,,9.856,16053.9,1134.183
127,0.32446483373641966,,9.868,16053.9,1144.05
128,0.3236194163560867,,9.404,16053.9,1153.454
129,0.32302697002887726,,9.85,16053.9,1163.304
130,0.3228524088859558,0.5947867706418037,9.957,16053.9,1173.261
131,0.32239030599594115,,9.627,16053.9,1182.888
132,0.3209546610713005,,9.949,16053.9,1192.836
133,0.3201285064220428,,9.79,16053.9,1202.626
134,0.3189370512962341,,10.105,16053.9,1212.731
135,0.31762507259845735,0.5830919221043587,9.71,16053.9,1222.441
136,0.31686072498559953,,9.849,16053.9,1232.29
137,0.3159378796815872,,9.795,16053.9,1242.086
138,0.31489511132240294,,9.731,16053.9,1251.817
139,0.3139498561620712,,9.798,16053.9,1261.615
140,0.3129759952425957,0.5732296258211136,9.801,16053.9,1271.416
141,0.31221731603145597,,9.612,16053.9,1281.027
142,0.31160984486341475,,9.879,16053.9,1290.907
143,0.31111474633216857,,9.817,16053.9,1300.724
144,0.3100870609283447,,9.502,16053.9,1310.226
145,0.3090732365846634,0.5649327486753464,9.849,16053.9,1320.075
146,0.30819772034883497,,9.817,16053.9,1329.893
147,0.30730382204055784,,9.872,16053.9,1339.765
148,0.3064625471830368,,9.785,16053.9,1349.55
149,0.3056579068303108,,9.657,16053.9,1359.207
150,0.3045156329870224,0.5570471882820129,9.832,16053.9,1369.039
151,0.3037959456443787,,9.995,16053.9,1379.034
152,0.3031171515583992,,9.505,16053.9,1388.538
153,0.301900252699852,,9.757,16053.9,1398.296
154,0.3016647696495056,,10.067,16053.9,1408.362
155,0.30157447308301927,0.5493752062320709,10.048,16053.9,1418.41
156,0.2998614370822906,,9.716,16053.9,1428.126
157,0.2995315074920654,,9.549,16053.9,1437.675
158,0.2989568993449211,,9.751,16053.9,1447.425
159,0.29749178886413574,,9.505,16053.9,1456.93
160,0.29665174037218095,0.5414112210273743,9.355,16053.9,1466.286
161,0.2959338158369064,,9.738,16053.9,1476.024
162,0.29506905823946,,9.807,16053.9,1485.83
163,0.2942808225750923,,9.895,16053.9,1495.725
164,0.29313122034072875,,9.722,16053.9,1505.447
165,0.29235554933547975,0.5340788960456848,9.693,16053.9,1515.14
166,0.29180725663900375,,9.153,16053.9,1524.293
167,0.2907536387443542,,9.705,16053.9,1533.997
168,0.29029909521341324,,9.309,16053.9,1543.306
169,0.2895467668771744,,8.813,16053.9,1552.12
170,0.28857276439666746,0.5269435048103333,9.398,16053.9,1561.517
171,0.28815566301345824,,9.23,16053.9,1570.747
172,0.2874282687902451,,10.117,16053.9,1580.865
173,0.2867660909891129,,8.894,16053.9,1589.758
174,0.286043818295002,,9.067,16053.9,1598.826
175,0.2852807521820068,0.5206063911318779,9.057,16053.9,1607.883
176,0.2845860466361046,,10.243,16053.9,1618.126
177,0.28378955125808714,,9.026,16053.9,1627.152
178,0.2831415832042694,,9.121,16053.9,1636.273
179,0.2827425256371498,,9.34,16053.9,1645.614
180,0.28282441943883896,0.5149295032024384,8.641,16053.9,1654.254
181,0.28212850242853166,,9.934,16053.9,1664.188
182,0.28128014504909515,,8.441,16053.9,1672.63
183,0.28047131299972533,,8.004,16053.9,1680.633
184,0.27995857447385786,,7.601,16053.9,1688.234
185,0.2794995754957199,0.509316012263298,7.213,16053.9,1695.447
186,0.2787752538919449,,8.233,16053.9,1703.68
187,0.2777965173125267,,7.681,16053.9,1711.361
188,0.2773658484220505,,8.022,16053.9,1719.383
189,0.27656899988651273,,7.276,16053.9,1726.659
190,0.2762422576546669,0.5040584579110146,7.361,16053.9,1734.02
191,0.2763817846775055,,7.622,16053.9,1741.642
192,0.2758749470114708,,7.79,16053.9,1749.431
193,0.2747438818216324,,7.519,16053.9,1756.95
194,0.27391764223575593,,7.435,16053.9,1764.386
195,0.2733553260564804,0.49835817515850067,6.434,16053.9,1770.819
196,0.2726670727133751,,6.632,16053.9,1777.452
197,0.2720953419804573,,6.569,16053.9,1784.021
198,0.2717138543725014,,6.696,16053.9,1790.717
199,0.2711469233036041,,6.712,16053.9,1797.429
200,0.2705171018838882,0.49287210404872894,9.152,16053.9,1806.581
201,0.2701033025979996,,10.298,16053.9,1816.879
202,0.2693411991000175,,9.113,16053.9,1825.993
203,0.2690004572272301,,8.477,16053.9,1834.469
204,0.2682558536529541,,9.368,16053.9,1843.838
205,0.26804438382387163,0.4877275377511978,7.359,16053.9,1851.196
206,0.2671572774648666,,7.324,16053.9,1858.521
207,0.2667694628238678,,7.474,16053.9,1865.995
208,0.266255384683609,,7.277,16053.9,1873.271
209,0.2657825112342834,,8.998,16053.9,1882.269
210,0.2662089064717293,0.4831028878688812,9.561,16053.9,1891.83
211,0.2649435043334961,,9.51,16053.9,1901.34
212,0.2649122282862663,,8.905,16053.9,1910.244
213,0.26660051494836806,,8.82,16053.9,1919.064
214,0.2652222216129303,,7.713,16053.9,1926.777
215,0.2652040347456932,0.4818916842341423,7.013,16053.9,1933.791
216,0.26368900388479233,,7.817,16053.9,1941.608
217,0.26250698417425156,,8.613,16053.9,1950.221
218,0.26206895858049395,,8.992,16053.9,1959.214
219,0.2613504007458687,,8.958,16053.9,1968.172
220,0.26084538996219636,0.47506704926490784,9.184,16053.9,1977.356
221,0.2603227525949478,,11.315,16053.9,1988.671
222,0.2599141076207161,,11.032,16053.9,1999.704
223,0.25938827395439146,,10.669,16053.9,2010.372
224,0.25896365791559217,,10.638,16053.9,2021.011
225,0.2587074264883995,0.47042425721883774,9.514,16053.9,2030.525
226,0.25882676541805266,,8.325,16053.9,2038.849
227,0.25888463109731674,,7.469,16053.9,2046.319
228,0.2577521339058876,,7.481,16053.9,2053.799
229,0.25733195096254347,,7.552,16053.9,2061.352
230,0.25680179595947267,0.4670235589146614,7.48,16053.9,2068.831
231,0.25676715523004534,,7.791,16053.9,2076.622
232,0.2563560470938683,,9.381,16053.9,2086.003
233,0.2558089181780815,,8.538,16053.9,2094.542
234,0.25528028309345246,,8.43,16053.9,2102.972
235,0.2549396947026253,0.46340417861938477,8.123,16053.9,2111.095
236,0.25467757135629654,,8.049,16053.9,2119.144
237,0.2541984707117081,,7.001,16053.9,2126.145
238,0.25391602218151094,,8.028,16053.9,2134.173
239,0.2535794645547867,,9.381,16053.9,2143.555
240,0.2532684043049812,0.45938216894865036,8.81,16053.9,2152.364
241,0.25253493785858155,,9.256,16053.9,2161.62
242,0.25234347581863403,,8.673,16053.9,2170.294
243,0.25228155851364137,,8.889,16053.9,2179.182
244,0.2530235558748245,,9.965,16053.9,2189.147
245,0.2530980944633484,0.4578472822904587,9.301,16053.9,2198.448
246,0.2518620014190674,,8.986,16053.9,2207.434
247,0.2508287772536278,,7.433,16053.9,2214.867
248,0.2505472391843796,,7.569,16053.9,2222.435
249,0.24986201524734497,,7.85,16053.9,2230.285
250,0.24945256412029265,0.4529176205396652,7.956,16053.9,2238.241
251,0.24898450672626496,,9.812,16053.9,2248.053
252,0.2487962782382965,,9.241,16053.9,2257.294
253,0.24895032793283461,,8.848,16053.9,2266.142
254,0.24829018861055374,,8.584,16053.9,2274.726
255,0.2477741852402687,0.45008157938718796,8.464,16053.9,2283.19
256,0.24741369634866714,,8.614,16053.9,2291.804
257,0.24723559916019439,,8.522,16053.9,2300.326
258,0.24710419178009033,,8.799,16053.9,2309.124
259,0.24751833826303482,,8.16,16053.9,2317.284
260,0.24670496582984924,0.44741340726614,7.057,16053.9,2324.341
261,0.24602656662464142,,6.726,16053.9,2331.067
262,0.2457444041967392,,7.009,16053.9,2338.076
263,0.24536567479372023,,8.251,16053.9,2346.327
264,0.2454138770699501,,8.533,16053.9,2354.861
265,0.24553204327821732,0.4447082430124283,8.38,16053.9,2363.24
266,0.2449811577796936,,8.455,16053.9,2371.696
267,0.2445721685886383,,8.275,16053.9,2379.971
268,0.24473317712545395,,8.439,16053.9,2388.409
269,0.24387266635894775,,7.284,16053.9,2395.694
270,0.2433968484401703,0.4412083923816681,7.699,16053.9,2403.393
271,0.24287712424993516,,10.2,16053.9,2413.592
272,0.24256205409765244,,10.003,16053.9,2423.596
273,0.24246263951063157,,8.611,16053.9,2432.206
274,0.24226878583431244,,9.009,16053.9,2441.216
275,0.24187638163566588,0.4384850859642029,9.1,16053.9,2450.316
276,0.2415131598711014,,8.805,16053.9,2459.121
277,0.2412339925765991,,8.964,16053.9,2468.085
278,0.24115806818008423,,8.891,16053.9,2476.976
279,0.24072147011756898,,8.763,16053.9,2485.739
280,0.24055482894182206,0.4365614503622055,8.446,16053.9,2494.185
281,0.24151390194892883,,6.936,16053.9,2501.12
282,0.24082404226064683,,8.241,16053.9,2509.362
283,0.2401888206601143,,8.47,16053.9,2517.831
284,0.24002134054899216,,8.642,16053.9,2526.474
285,0.23954590559005737,0.43324654549360275,9.077,16053.9,2535.551
286,0.2393376812338829,,8.723,16053.9,2544.274
287,0.23892717063426971,,8.631,16053.9,2552.905
288,0.23862808644771577,,7.84,16053.9,2560.744
289,0.23838185369968415,,8.054,16053.9,2568.798
290,0.23925524204969406,0.4314887747168541,7.052,16053.9,2575.85
291,0.2384672209620476,,9.586,16053.9,2585.436
292,0.23797524720430374,,8.012,16053.9,2593.449
293,0.23782030940055848,,8.14,16053.9,2601.589
294,0.23809008151292801,,9.179,16053.9,2610.768
295,0.2378091335296631,0.42984917759895325,9.774,16053.9,2620.542
296,0.23864398002624512,,7.852,16053.9,2628.393
297,0.23770759999752045,,8.196,16053.9,2636.589
298,0.23708222955465316,,10.011,16053.9,2646.6
299,0.2363929733633995,,9.706,16053.9,2656.307
300,0.23587944656610488,0.4269565939903259,9.999,16053.9,2666.306
301,0.23553351908922196,,8.244,16053.9,2674.55
302,0.23524021059274675,,8.254,16053.9,2682.804
303,0.2351137489080429,,8.24,16053.9,2691.044
304,0.23476919382810593,,8.391,16053.9,2699.435
305,0.23486270159482955,0.4245246648788452,8.756,16053.9,2708.19
306,0.23544285744428634,,8.885,16053.9,2717.075
307,0.2352568745613098,,8.894,16053.9,2725.969
308,0.23523999750614166,,8.941,16053.9,2734.91
309,0.23462959825992585,,8.291,16053.9,2743.201
310,0.2342109575867653,0.42298397421836853,7.259,16053.9,2750.46
311,0.2336922749876976,,6.558,16053.9,2757.018
312,0.23334446400403977,,6.486,16053.9,2763.504
313,0.23328315913677217,,6.412,16053.9,2769.915
314,0.2328123554587364,,6.556,16053.9,2776.471
315,0.23259429335594178,0.4202486649155617,6.812,16053.9,2783.284
316,0.23249329328536988,,6.424,16053.9,2789.707
317,0.23230274319648742,,6.557,16053.9,2796.265
318,0.2319547340273857,,6.48,16053.9,2802.744
319,0.2316967412829399,,6.693,16053.9,2809.437
320,0.23186288326978682,0.41828564554452896,6.47,16053.9,2815.907
321,0.23147135972976685,,6.572,16053.9,2822.479
322,0.2312419593334198,,6.813,16053.9,2829.292
323,0.23113684207201005,,6.381,16053.9,2835.674
324,0.23128902465105056,,6.254,16053.9,2841.928
325,0.23082429468631743,0.4169640764594078,6.547,16053.9,2848.474
326,0.23147759735584258,,6.6,16053.9,2855.074
327,0.2311728999018669,,6.599,16053.9,2861.674
328,0.2305649474263191,,6.678,16053.9,2868.351
329,0.2299402415752411,,6.358,16053.9,2874.709
330,0.22984045147895812,0.41469283401966095,6.357,16053.9,2881.066
331,0.23010639399290084,,6.501,16053.9,2887.567
332,0.22998050600290298,,6.853,16053.9,2894.42
333,0.22994716912508012,,6.391,16053.9,2900.81
334,0.2296806737780571,,6.463,16053.9,2907.273
335,0.2293435201048851,0.4142594113945961,6.612,16053.9,2913.886
336,0.2290102571249008,,6.72,16053.9,2920.606
337,0.22866535782814026,,7.598,16053.9,2928.203
338,0.22859901934862137,,6.36,16053.9,2934.563
339,0.22831426560878754,,6.335,16053.9,2940.898
340,0.22807631492614747,0.41120604425668716,6.582,16053.9,2947.481
341,0.22797127962112426,,6.775,16053.9,2954.256
342,0.2278669998049736,,6.643,16053.9,2960.899
343,0.22852735817432404,,6.503,16053.9,2967.402
344,0.22788239717483522,,6.484,16053.9,2973.886
345,0.22742412537336348,0.4105124920606613,6.656,16053.9,2980.542
346,0.22727838456630706,,6.618,16053.9,2987.159
347,0.22782677859067918,,6.725,16053.9,2993.885
348,0.2292262777686119,,6.582,16053.9,3000.467
349,0.2275898575782776,,6.625,16053.9,3007.092
350,0.2268188402056694,0.40864671021699905,6.577,16053.9,3013.669
351,0.22639953941106797,,6.6,16053.9,3020.269
352,0.22609842270612718,,6.548,16053.9,3026.818
353,0.2260282352566719,,6.518,16053.9,3033.335
354,0.2260615721344948,,6.382,16053.9,3039.718
355,0.22587291449308394,0.4072924703359604,6.662,16053.9,3046.38
356,0.22571928501129152,,6.549,16053.9,3052.928
357,0.22543578147888182,,8.067,16053.9,3060.996
358,0.225519160926342,,7.865,16053.9,3068.86
359,0.22548393160104752,,8.28,16053.9,3077.14
360,0.2252022385597229,0.4061175510287285,8.966,16053.9,3086.106
361,0.2252255156636238,,7.812,16053.9,3093.917
362,0.22564619928598403,,8.359,16053.9,3102.276
363,0.22525014728307724,,8.491,16053.9,3110.768
364,0.22512514740228654,,8.15,16053.9,3118.917
365,0.22528729289770127,0.40490374714136124,8.008,16053.9,3126.925
366,0.22464620172977448,,8.119,16053.9,3135.044
367,0.22414975762367248,,8.172,16053.9,3143.217
368,0.22410790175199508,,8.019,16053.9,3151.236
369,0.2239159420132637,,8.247,16053.9,3159.483
370,0.2239971026778221,0.4036068767309189,8.167,16053.9,3167.65
371,0.22379421293735505,,7.819,16053.9,3175.469
372,0.22353410273790358,,8.3,16053.9,3183.769
373,0.22330302447080613,,8.246,16053.9,3192.015
374,0.22312616258859636,,8.067,16053.9,3200.082
375,0.22305694073438645,0.4016215205192566,8.045,16053.9,3208.127
376,0.22314051389694214,,8.185,16053.9,3216.311
377,0.22465214878320694,,7.965,16053.9,3224.277
378,0.2242622494697571,,8.028,16053.9,3232.305
379,0.22420220524072648,,8.197,16053.9,3240.502
380,0.2237767219543457,0.4017004817724228,7.941,16053.9,3248.443
381,0.22292377352714537,,8.455,16053.9,3256.898
382,0.2226074978709221,,8.059,16053.9,3264.957
383,0.2224128946661949,,8.12,16053.9,3273.077
384,0.2222067803144455,,7.953,16053.9,3281.03
385,0.2219520017504692,0.39988740533590317,8.058,16053.9,3289.088
386,0.22190240174531936,,8.339,16053.9,3297.427
387,0.22177805453538896,,8.392,16053.9,3305.819
388,0.22142114043235778,,7.908,16053.9,3313.727
389,0.22114163339138032,,8.344,16053.9,3322.071
390,0.22109108567237853,0.3982468247413635,8.344,16053.9,3330.415
391,0.220899398624897,,8.346,16053.9,3338.761
392,0.22069431692361832,,8.063,16053.9,3346.824
393,0.22073737382888795,,8.593,16053.9,3355.417
394,0.22070725858211518,,8.442,16053.9,3363.859
395,0.22038868367671965,0.39710045605897903,8.151,16053.9,3372.01
396,0.22019377648830413,,7.926,16053.9,3379.936
397,0.22059608846902848,,8.331,16053.9,3388.267
398,0.22032623440027238,,7.888,16053.9,3396.156
399,0.21996137350797654,,8.434,16053.9,3404.59
400,0.2200318992137909,0.39605455100536346,8.232,16053.9,3412.822
401,0.22010150849819182,,8.169,16053.9,3420.992
402,0.22006452679634095,,8.367,16053.9,3429.358
403,0.2198755294084549,,8.119,16053.9,3437.478
404,0.2202696144580841,,8.355,16053.9,3445.833
405,0.219822895526886,0.39587802439928055,8.093,16053.9,3453.926
406,0.22033081948757172,,8.351,16053.9,3462.277
407,0.22210218757390976,,8.139,16053.9,3470.416
408,0.2210858002305031,,8.282,16053.9,3478.698
409,0.22057317495346068,,8.425,16053.9,3487.123
410,0.21967153400182723,0.3954312354326248,8.038,16053.9,3495.161
411,0.21943154633045198,,7.977,16053.9,3503.139
412,0.21939719319343567,,8.286,16053.9,3511.424
413,0.21895787119865417,,8.315,16053.9,3519.739
414,0.21870435923337936,,8.028,16053.9,3527.767
415,0.21847940534353255,0.3932206332683563,8.253,16053.9,3536.019
416,0.21824916452169418,,8.021,16053.9,3544.041
417,0.21808285862207413,,8.414,16053.9,3552.454
418,0.2179632380604744,,8.076,16053.9,3560.53
419,0.21777260452508926,,7.93,16053.9,3568.46
420,0.217795792222023,0.3921297490596771,8.3,16053.9,3576.76
421,0.21763276308774948,,8.108,16053.9,3584.868
422,0.21771899610757828,,7.959,16053.9,3592.827
423,0.2174956426024437,,7.999,16053.9,3600.826
424,0.21734509617090225,,7.719,16053.9,3608.545
425,0.21776810437440872,0.3920309245586395,7.863,16053.9,3616.408
426,0.21764388382434846,,8.37,16053.9,3624.778
427,0.21748124063014984,,8.196,16053.9,3632.974
428,0.21743744611740112,,8.434,16053.9,3641.408
429,0.21741390377283096,,8.34,16053.9,3649.747
430,0.2178986370563507,0.3917175829410553,8.063,16053.9,3657.811
431,0.2175630271434784,,8.046,16053.9,3665.857
432,0.2171905979514122,,8.088,16053.9,3673.944
433,0.21724447160959243,,8.135,16053.9,3682.079
434,0.21855412423610687,,8.294,16053.9,3690.373
435,0.21798168420791625,0.391019731760025,8.134,16053.9,3698.507
436,0.21692637652158736,,7.963,16053.9,3706.47
437,0.21634646207094194,,8.131,16053.9,3714.601
438,0.21624861061573028,,8.32,16053.9,3722.921
439,0.21609139293432236,,7.989,16053.9,3730.91
440,0.21599089801311494,0.3886910378932953,7.992,16053.9,3738.902
441,0.2159460574388504,,8.172,16053.9,3747.074
442,0.21577552258968352,,8.182,16053.9,3755.256
443,0.2158221110701561,,8.155,16053.9,3763.411
444,0.21584514677524566,,7.94,16053.9,3771.351
445,0.21580586433410645,0.38811537623405457,8.33,16053.9,3779.682
446,0.21579378396272658,,8.186,16053.9,3787.868
447,0.21660871654748917,,8.181,16053.9,3796.049
448,0.21619900166988373,,7.977,16053.9,3804.026
449,0.2164422258734703,,8.769,16053.9,3812.795
450,0.2169970914721489,0.3887787386775017,8.27,16053.9,3821.065
451,0.21582735031843187,,8.395,16053.9,3829.459
452,0.215288969874382,,8.065,16053.9,3837.525
453,0.21521268039941788,,8.157,16053.9,3845.682
454,0.21498887240886688,,8.03,16053.9,3853.712
455,0.2146301344037056,0.38633348047733307,7.879,16053.9,3861.59
456,0.2145244896411896,,8.034,16053.9,3869.625
457,0.214516544342041,,8.09,16053.9,3877.715
458,0.2146143928170204,,8.752,16053.9,3886.467
459,0.21462938338518142,,8.455,16053.9,3894.922
460,0.21532643288373948,0.3858627527952194,8.502,16053.9,3903.425
461,0.21506079882383347,,8.354,16053.9,3911.779
462,0.21641627252101897,,8.198,16053.9,3919.977
463,0.21526316106319426,,8.04,16053.9,3928.017
464,0.21516479849815368,,7.492,16053.9,3935.509
465,0.21472680419683457,0.3860805854201317,7.827,16053.9,3943.336
466,0.21431407630443572,,7.505,16053.9,3950.841
467,0.21383557170629502,,7.495,16053.9,3958.335
468,0.2137669652700424,,7.304,16053.9,3965.64
469,0.213834547996521,,7.546,16053.9,3973.185
470,0.2140031024813652,0.38488370925188065,7.878,16053.9,3981.063
471,0.2135694816708565,,7.699,16053.9,3988.763
472,0.2133284628391266,,8.073,16053.9,3996.835
473,0.21312181949615477,,7.365,16053.9,4004.201
474,0.21321130841970443,,7.546,16053.9,4011.746
475,0.21311922520399093,0.38330820202827454,7.525,16053.9,4019.272
476,0.21297046691179275,,7.969,16053.9,4027.241
477,0.2126971200108528,,7.564,16053.9,4034.805
478,0.21281601041555404,,7.417,16053.9,4042.222
479,0.2128767639398575,,7.453,16053.9,4049.676
480,0.21316317319869996,0.38265174627304077,7.893,16053.9,4057.569
481,0.21333367377519608,,7.583,16053.9,4065.152
482,0.2140399232506752,,8.183,16053.9,4073.336
483,0.21505052894353865,,7.327,16053.9,4080.662
484,0.21442890614271165,,7.432,16053.9,4088.094
485,0.2138206660747528,0.38384200632572174,7.584,16053.9,4095.678
486,0.21297323554754258,,7.468,16053.9,4103.146
487,0.21246352344751357,,7.48,16053.9,4110.626
488,0.21208650916814803,,8.203,16053.9,4118.828
489,0.21193164736032485,,7.646,16053.9,4126.475
490,0.2120658501982689,0.3815205618739128,7.381,16053.9,4133.856
491,0.2119198128581047,,7.405,16053.9,4141.262
492,0.211699678003788,,7.986,16053.9,4149.247
493,0.21160028874874115,,8.055,16053.9,4157.302
494,0.21171126812696456,,8.419,16053.9,4165.721
495,0.2115917131304741,0.3806934207677841,7.508,16053.9,4173.229
496,0.21168604344129563,,7.785,16053.9,4181.015
497,0.21150099486112595,,7.366,16053.9,4188.381
498,0.21136540472507476,,7.557,16053.9,4195.938
499,0.21128516346216203,,7.703,16053.9,4203.641
500,0.21135396063327788,0.3801559880375862,7.665,16053.9,4211.305
501,0.21131658405065537,,7.348,16053.9,4218.653
502,0.2114857792854309,,7.972,16053.9,4226.625
503,0.21223049610853195,,8.091,16053.9,4234.716
504,0.21153918504714966,,8.135,16053.9,4242.852
505,0.21116514801979064,0.37955234944820404,7.424,16053.9,4250.276
506,0.2114045351743698,,7.516,16053.9,4257.792
507,0.21168696582317353,,7.753,16053.9,4265.545
508,0.21185237914323807,,7.478,16053.9,4273.023
509,0.21289585083723067,,8.109,16053.9,4281.132
510,0.21180272549390794,0.3797379359602928,7.438,16053.9,4288.57
511,0.2109866812825203,,7.944,16053.9,4296.514
512,0.21051258146762847,,7.484,16053.9,4303.998
513,0.21051762849092484,,8.004,16053.9,4312.002
514,0.21033863723278046,,8.19,16053.9,4320.192
515,0.21026444286108018,0.3784109205007553,7.566,16053.9,4327.758
516,0.21021175384521484,,7.542,16053.9,4335.3
517,0.21006484031677247,,7.544,16053.9,4342.843
518,0.21010093986988068,,6.285,16053.9,4349.128
519,0.21002560555934907,,6.917,16053.9,4356.045
520,0.20996759235858917,0.3778168186545372,9.051,16053.9,4365.096
521,0.20991916805505753,,10.926,16053.9,4376.021
522,0.21006924510002137,,10.591,16053.9,4386.612
523,0.2101239815354347,,10.783,16053.9,4397.395
524,0.21090709418058395,,11.32,16053.9,4408.714
525,0.2116302505135536,0.3785536512732506,10.953,16053.9,4419.668
526,0.21252172589302062,,10.922,16053.9,4430.589
527,0.21418866664171218,,11.156,16053.9,4441.746
528,0.21274493187665938,,10.943,16053.9,4452.689
529,0.2113466426730156,,10.426,16053.9,4463.115
530,0.21001429855823517,0.37769174575805664,10.893,16053.9,4474.008
531,0.20965079665184022,,11.408,16053.9,4485.416
532,0.2095197930932045,,10.692,16053.9,4496.108
533,0.20932365208864212,,11.079,16053.9,4507.187
534,0.20910100787878036,,11.17,16053.9,4518.356
535,0.20901973843574523,0.37619876861572266,10.776,16053.9,4529.132
536,0.20884157568216324,,10.757,16053.9,4539.89
537,0.20875201523303985,,11.61,16053.9,4551.5
538,0.20864378064870834,,8.527,16053.9,4560.027
539,0.20857170224189758,,6.396,16053.9,4566.423
540,0.20864179134368896,0.37543193995952606,7.08,16053.9,4573.503
541,0.20857100933790207,,8.26,16053.9,4581.763
542,0.20844219475984574,,8.055,16053.9,4589.818
543,0.20843719094991683,,8.232,16053.9,4598.05
544,0.2083110526204109,,8.106,16053.9,4606.156
545,0.20827447175979613,0.374799408018589,7.94,16053.9,4614.097
546,0.20838844776153564,,8.008,16053.9,4622.105
547,0.2081651583313942,,7.926,16053.9,4630.031
548,0.20813723355531694,,8.187,16053.9,4638.217
549,0.2079479232430458,,8.078,16053.9,4646.296
550,0.20787043869495392,0.37373511493206024,8.432,16053.9,4654.727
551,0.20783642679452896,,9.22,16053.9,4663.948
552,0.20791832804679872,,9.128,16053.9,4673.075
553,0.2077767163515091,,9.233,16053.9,4682.308
554,0.208033949136734,,8.682,16053.9,4690.99
555,0.20794700980186462,0.3735267445445061,9.172,16053.9,4700.162
556,0.20819468200206756,,8.863,16053.9,4709.025
557,0.20805222392082215,,9.548,16053.9,4718.573
558,0.20768193155527115,,8.938,16053.9,4727.511
559,0.2075914666056633,,9.534,16053.9,4737.044
560,0.20826780945062637,0.37331732362508774,9.32,16053.9,4746.364
561,0.20804808139801026,,9.215,16053.9,4755.579
562,0.20758256912231446,,8.703,16053.9,4764.281
563,0.20743063390254973,,9.299,16053.9,4773.581
564,0.20738308280706405,,9.196,16053.9,4782.776
565,0.20809565633535385,0.3745412826538086,9.17,16053.9,4791.946
566,0.20789676308631896,,9.117,16053.9,4801.063
567,0.2078119233250618,,9.152,16053.9,4810.215
568,0.20770252794027327,,9.213,16053.9,4819.428
569,0.20719422698020934,,9.178,16053.9,4828.607
570,0.2069617971777916,0.3722321465611458,10.783,16053.9,4839.389
571,0.20679316222667693,,11.212,16053.9,4850.601
572,0.20686227977275848,,8.778,16053.9,4859.379
573,0.20803653597831726,,7.787,16053.9,4867.165
574,0.20786847472190856,,8.878,16053.9,4876.044
575,0.2076974928379059,0.3730267062783241,8.783,16053.9,4884.826
576,0.2072034254670143,,8.428,16053.9,4893.254
577,0.2067241534590721,,8.7,16053.9,4901.954
578,0.2064684122800827,,8.453,16053.9,4910.408
579,0.2064875528216362,,8.499,16053.9,4918.906
580,0.20629332661628724,0.3709220364689827,8.568,16053.9,4927.474
581,0.20620533376932143,,8.528,16053.9,4936.003
582,0.20612361431121826,,8.534,16053.9,4944.537
583,0.20601370334625244,,8.695,16053.9,4953.232
584,0.20622269213199615,,8.819,16053.9,4962.052
585,0.20654119104146956,0.37108537554740906,8.664,16053.9,4970.716
586,0.20644839107990265,,8.697,16053.9,4979.413
587,0.2062635228037834,,8.568,16053.9,4987.98
588,0.20622067600488664,,9.012,16053.9,4996.992
589,0.20609499663114547,,8.573,16053.9,5005.565
590,0.20643524080514908,0.3710554465651512,8.573,16053.9,5014.137
591,0.2069629818201065,,8.518,16053.9,5022.656
592,0.2065023273229599,,8.474,16053.9,5031.13
593,0.206089648604393,,8.391,16053.9,5039.521
594,0.20644022822380065,,8.903,16053.9,5048.424
595,0.20628937035799028,0.37138256430625916,8.419,16053.9,5056.844
596,0.206297467648983,,8.424,16053.9,5065.267
597,0.2057817816734314,,8.327,16053.9,5073.594
598,0.2059888482093811,,8.895,16053.9,5082.489
599,0.20621402859687804,,8.725,16053.9,5091.213
600,0.2058164581656456,0.3692639544606209,8.863,16053.9,5100.076
601,0.20537457764148712,,8.264,16053.9,5108.34
602,0.20522578060626984,,8.756,16053.9,5117.096
603,0.20513840466737748,,8.419,16053.9,5125.515
604,0.20502903163433076,,8.425,16053.9,5133.939
605,0.20562886744737624,0.36937645077705383,8.6,16053.9,5142.54
606,0.20570630431175232,,8.703,16053.9,5151.243
607,0.20552990734577178,,8.673,16053.9,5159.916
608,0.20533271431922911,,8.583,16053.9,5168.5
609,0.20505328178405763,,8.45,16053.9,5176.95
610,0.20488837510347366,0.36817580461502075,8.5,16053.9,5185.45
611,0.20462025701999664,,8.439,16053.9,5193.889
612,0.2046527862548828,,8.471,16053.9,5202.359
613,0.20461925417184829,,8.588,16053.9,5210.947
614,0.20468356013298034,,8.798,16053.9,5219.745
615,0.20465757697820663,0.36775950342416763,8.741,16053.9,5228.486
616,0.2047047883272171,,8.707,16053.9,5237.193
617,0.204549577832222,,8.115,16053.9,5245.307
618,0.20459715723991395,,8.8,16053.9,5254.107
619,0.20466085523366928,,8.525,16053.9,5262.632
620,0.20453979820013046,0.3672391250729561,8.952,16053.9,5271.585
621,0.2043459013104439,,8.951,16053.9,5280.535
622,0.20448603928089143,,8.33,16053.9,5288.865
623,0.20519995987415313,,8.758,16053.9,5297.623
624,0.21491800546646117,,8.915,16053.9,5306.538
625,0.2116643562912941,0.37351253628730774,8.619,16053.9,5315.157
626,0.20799626559019088,,8.385,16053.9,5323.542
627,0.20561101734638215,,8.66,16053.9,5332.202
628,0.20472428500652312,,8.505,16053.9,5340.707
629,0.20414444357156752,,8.644,16053.9,5349.351
630,0.20390094816684723,0.367812842130661,8.706,16053.9,5358.057
631,0.2039523646235466,,8.673,16053.9,5366.73
632,0.20375657230615615,,8.594,16053.9,5375.324
633,0.2037625640630722,,8.795,16053.9,5384.12
634,0.2036013901233673,,8.815,16053.9,5392.934
635,0.20359861552715303,0.36646851152181625,8.645,16053.9,5401.58
636,0.20353332608938218,,8.705,16053.9,5410.284
637,0.20354942977428436,,8.642,16053.9,5418.926
638,0.2037644386291504,,8.104,16053.9,5427.03
639,0.20362386256456375,,8.44,16053.9,5435.47
640,0.20346170514822007,0.3662542551755905,8.857,16053.9,5444.327
641,0.20342621356248855,,8.925,16053.9,5453.252
642,0.20335005968809128,,8.639,16053.9,5461.891
643,0.2033264622092247,,8.47,16053.9,5470.361
644,0.20311685800552368,,8.457,16053.9,5478.818
645,0.20326317995786666,0.3657740354537964,8.992,16053.9,5487.81
646,0.2031681090593338,,8.554,16053.9,5496.363
647,0.20359686464071275,,8.33,16053.9,5504.693
648,0.20358292907476425,,8.63,16053.9,5513.324
649,0.203440859913826,,8.629,16053.9,5521.953
650,0.20334281176328659,0.36561447381973267,8.893,16053.9,5530.846
651,0.20322346389293672,,9.036,16053.9,5539.883
652,0.2029629737138748,,8.188,16053.9,5548.071
653,0.20351420640945433,,8.556,16053.9,5556.627
654,0.20431042462587357,,8.807,16053.9,5565.434
655,0.20389214158058167,0.3662683516740799,8.825,16053.9,5574.259
656,0.20351996272802353,,8.778,16053.9,5583.037
657,0.2030104711651802,,8.796,16053.9,5591.833
658,0.20295967161655426,,8.9,16053.9,5600.733
659,0.20299234390258789,,8.621,16053.9,5609.354
660,0.20280481725931168,0.3644511476159096,8.273,16053.9,5617.627
661,0.20262532085180282,,8.644,16053.9,5626.271
662,0.202701635658741,,8.478,16053.9,5634.749
663,0.20254489481449128,,8.438,16053.9,5643.187
664,0.20240487903356552,,8.414,16053.9,5651.6
665,0.20248185843229294,0.36371123045682907,8.432,16053.9,5660.032
666,0.20235098898410797,,8.509,16053.9,5668.541
667,0.20240815728902817,,8.846,16053.9,5677.387
668,0.20223356932401657,,8.56,16053.9,5685.947
669,0.2027386337518692,,8.364,16053.9,5694.311
670,0.20259881913661956,0.364149771630764,8.648,16053.9,5702.959
671,0.20246731042861937,,8.893,16053.9,5711.852
672,0.20288198739290236,,8.715,16053.9,5720.567
673,0.20299174636602402,,8.517,16053.9,5729.084
674,0.20292586982250213,,8.81,16053.9,5737.894
675,0.20215499997138978,0.3634583204984665,8.807,16053.9,5746.701
676,0.20216895043849945,,8.594,16053.9,5755.296
677,0.2021675631403923,,8.535,16053.9,5763.831
678,0.20216090679168702,,8.676,16053.9,5772.507
679,0.20242688804864883,,8.595,16053.9,5781.102
680,0.20234244763851167,0.36258813738822937,9.678,16053.9,5790.781
681,0.20177666693925858,,10.245,16053.9,5801.025
682,0.20170027315616607,,9.538,16053.9,5810.563
683,0.20156038403511048,,10.368,16053.9,5820.931
684,0.20141827315092087,,9.535,16053.9,5830.466
685,0.20126386880874633,0.3621418848633766,11.345,16053.9,5841.811
686,0.20128979682922363,,11.111,16053.9,5852.921
687,0.20141931176185607,,10.077,16053.9,5862.998
688,0.2013334959745407,,11.381,16053.9,5874.379
689,0.2012260526418686,,10.176,16053.9,5884.555
690,0.20135610699653625,0.3624120503664017,11.068,16053.9,5895.623
691,0.20169596821069719,,11.257,16053.9,5906.881
692,0.20138653814792634,,9.67,16053.9,5916.551
693,0.20126419216394426,,7.386,16053.9,5923.937
694,0.20135850757360457,,7.71,16053.9,5931.646
695,0.20178038775920867,0.3626825883984566,7.35,16053.9,5938.996
696,0.20139063894748688,,7.027,16053.9,5946.023
697,0.2011127158999443,,6.98,16053.9,5953.003
698,0.2010212555527687,,6.72,16053.9,5959.723
699,0.20083981603384018,,6.874,16053.9,5966.597
700,0.2008301019668579,0.36111951246857643,6.908,16053.9,5973.505
701,0.20144126564264297,,6.411,16053.9,5979.916
702,0.20106460601091386,,7.862,16053.9,5987.778
703,0.20107596814632417,,6.841,16053.9,5994.618
704,0.20122260600328445,,6.982,16053.9,6001.601
705,0.20180668979883193,0.36246900260448456,7.911,16053.9,6009.511
706,0.20177739560604097,,7.319,16053.9,6016.83
707,0.20083658993244172,,6.329,16053.9,6023.159
708,0.20097089409828187,,6.038,16053.9,6029.197
709,0.20086115151643752,,5.846,16053.9,6035.042
710,0.2007337376475334,0.3607471287250519,6.336,16053.9,6041.378
711,0.20052821785211564,,5.981,16053.9,6047.36
712,0.20048854053020476,,7.217,16053.9,6054.577
713,0.20022935867309571,,6.015,16053.9,6060.592
714,0.20012039244174956,,11.871,16053.9,6072.463
715,0.20098119229078293,0.36139239370822906,12.428,16053.9,6084.891
716,0.2006978914141655,,8.731,16053.9,6093.622
717,0.20105250626802446,,7.989,16053.9,6101.611
718,0.20158596634864806,,7.645,16053.9,6109.256
719,0.20428530126810074,,8.986,16053.9,6118.242
720,0.2057676136493683,0.3626568615436554,8.957,16053.9,6127.198
721,0.203059820830822,,8.076,16053.9,6135.275
722,0.2021512821316719,,8.243,16053.9,6143.518
723,0.2007663741707802,,8.26,16053.9,6151.778
724,0.2003727599978447,,7.546,16053.9,6159.323
725,0.2003613993525505,0.3603728339076042,7.125,16053.9,6166.449
726,0.20016770660877228,,8.084,16053.9,6174.533
727,0.19993325024843217,,8.728,16053.9,6183.261
728,0.1997899293899536,,8.872,16053.9,6192.133
729,0.19967179745435715,,12.779,16053.9,6204.912
730,0.19954138100147248,0.3593055307865143,12.016,16053.9,6216.928
731,0.19971783459186554,,10.929,16053.9,6227.858
732,0.1997025266289711,,9.571,16053.9,6237.429
733,0.19960320740938187,,9.224,16053.9,6246.653
734,0.1995173767209053,,10.696,16053.9,6257.349
735,0.19953501969575882,0.3591541573405266,10.859,16053.9,6268.208
736,0.19940937012434007,,10.169,16053.9,6278.377
737,0.19945448786020278,,10.021,16053.9,6288.398
738,0.2005373865365982,,7.839,16053.9,6296.238
739,0.20013952106237412,,9.71,16053.9,6305.947
740,0.20015555173158645,0.35922255739569664,9.807,16053.9,6315.754
741,0.20030711740255355,,11.773,16053.9,6327.528
742,0.20137525200843812,,12.111,16053.9,6339.639
743,0.20049996972084044,,10.176,16053.9,6349.815
744,0.19958635866642,,9.871,16053.9,6359.685
745,0.1992431938648224,0.3582528233528137,10.195,16053.9,6369.881
746,0.19899388104677201,,10.53,16053.9,6380.411
747,0.19895164519548417,,10.295,16053.9,6390.706
748,0.19880941808223723,,9.597,16053.9,6400.302
749,0.19884445518255234,,9.529,16053.9,6409.831
750,0.19914558082818984,0.3581053651869297,9.893,16053.9,6419.725
751,0.19919412732124328,,9.749,16053.9,6429.473
752,0.19918298572301865,,9.568,16053.9,6439.042
753,0.1995922088623047,,8.208,16053.9,6447.25
754,0.19921767264604567,,8.352,16053.9,6455.602
755,0.19894651025533677,0.3581272214651108,8.366,16053.9,6463.968
756,0.1998982846736908,,9.37,16053.9,6473.338
757,0.19949971139431,,10.174,16053.9,6483.512
758,0.1991951808333397,,9.981,16053.9,6493.493
759,0.19955185800790787,,9.876,16053.9,6503.369
760,0.19909237176179886,0.35774778947234154,9.83,16053.9,6513.199
761,0.19874325543642044,,9.643,16053.9,6522.842
762,0.19877838641405104,,8.602,16053.9,6531.443
763,0.19876660108566285,,10.04,16053.9,6541.484
764,0.19895820170640946,,10.338,16053.9,6551.822
765,0.19957900494337083,0.3599512353539467,10.006,16053.9,6561.827
766,0.20045971125364304,,8.647,16053.9,6570.474
767,0.2006589278578758,,9.078,16053.9,6579.553
768,0.1996250182390213,,8.872,16053.9,6588.425
769,0.19907671809196473,,8.54,16053.9,6596.965
770,0.19842020869255067,0.3573366589844227,8.799,16053.9,6605.764
771,0.1982513979077339,,8.989,16053.9,6614.754
772,0.19806817620992662,,8.626,16053.9,6623.38
773,0.19803303033113479,,9.417,16053.9,6632.797
774,0.19797830581665038,,10.194,16053.9,6642.991
775,0.19802030473947524,0.35634739324450493,9.91,16053.9,6652.901
776,0.19820224195718766,,9.903,16053.9,6662.805
777,0.19834161698818206,,9.562,16053.9,6672.367
778,0.19806183129549026,,10.126,16053.9,6682.493
779,0.19798446744680404,,9.623,16053.9,6692.116
780,0.19833904802799224,0.35785845667123795,9.254,16053.9,6701.37
781,0.19965974539518355,,9.819,16053.9,6711.188
782,0.19908171892166138,,9.332,16053.9,6720.521
783,0.19830424040555955,,10.179,16053.9,6730.7
784,0.19790097177028657,,10.134,16053.9,6740.834
785,0.1976885423064232,0.35572801902890205,10.192,16053.9,6751.026
786,0.19774785935878753,,8.616,16053.9,6759.643
787,0.1975988879799843,,10.242,16053.9,6769.884
788,0.19769613444805145,,10.219,16053.9,6780.104
789,0.19760272800922393,,10.583,16053.9,6790.687
790,0.19752112478017808,0.3554469980299473,9.943,16053.9,6800.63
791,0.19759174436330795,,8.388,16053.9,6809.018
792,0.19754188656806945,,8.169,16053.9,6817.187
793,0.19805849641561507,,9.421,16053.9,6826.608
794,0.1977209582924843,,8.874,16053.9,6835.482
795,0.19747407138347625,0.3549001067876816,8.641,16053.9,6844.123
796,0.197570239007473,,9.211,16053.9,6853.334
797,0.19747345596551896,,8.915,16053.9,6862.25
798,0.19760679826140404,,8.164,16053.9,6870.414
799,0.19757687896490098,,8.132,16053.9,6878.546
800,0.1974664345383644,0.3547824062407017,8.35,16053.9,6886.897
801,0.19753333181142807,,8.291,16053.9,6895.187
802,0.19851391166448593,,8.076,16053.9,6903.264
803,0.19846668392419814,,8.103,16053.9,6911.367
804,0.19974659383296967,,8.111,16053.9,6919.478
805,0.20331480354070663,0.3615094721317291,8.145,16053.9,6927.623
806,0.20114070177078247,,8.21,16053.9,6935.833
807,0.19865085035562516,,8.215,16053.9,6944.049
808,0.19748168289661408,,8.384,16053.9,6952.432
809,0.19722800850868225,,9.074,16053.9,6961.506
810,0.1970791056752205,0.35469377785921097,9.363,16053.9,6970.87
811,0.1971565827727318,,9.299,16053.9,6980.168
812,0.19699542075395585,,8.697,16053.9,6988.865
813,0.19680130183696748,,9.019,16053.9,6997.884
814,0.1967243328690529,,9.022,16053.9,7006.907
815,0.1969580754637718,0.3539935424923897,9.024,16053.9,7015.931
816,0.19682211428880692,,9.183,16053.9,7025.113
817,0.19694628864526748,,9.601,16053.9,7034.715
818,0.19670367985963821,,11.752,16053.9,7046.467
819,0.19663386642932892,,12.11,16053.9,7058.577
820,0.19680869430303574,0.3537513166666031,13.004,16053.9,7071.581
821,0.19656366258859634,,12.663,16053.9,7084.243
822,0.19652386605739594,,11.889,16053.9,7096.132
823,0.1964456021785736,,11.05,16053.9,7107.182
824,0.19665645509958268,,11.197,16053.9,7118.379
825,0.19693603217601777,0.35393932089209557,10.926,16053.9,7129.304
826,0.19675736725330353,,10.402,16053.9,7139.706
827,0.19697980284690858,,11.085,16053.9,7150.791
828,0.19730372428894044,,11.285,16053.9,7162.076
829,0.19673045426607133,,10.486,16053.9,7172.562
830,0.19663523733615876,0.3532060533761978,10.584,16053.9,7183.146
831,0.19658447355031966,,11.189,16053.9,7194.334
832,0.19639043360948563,,10.874,16053.9,7205.209
833,0.19626326560974122,,10.773,16053.9,7215.981
834,0.19653626829385756,,11.161,16053.9,7227.142
835,0.1964043214917183,0.3529117591679096,10.843,16053.9,7237.985
836,0.19621071666479112,,10.804,16053.9,7248.789
837,0.19614964425563813,,10.886,16053.9,7259.675
838,0.19622425436973573,,10.632,16053.9,7270.307
839,0.19638803452253342,,10.972,16053.9,7281.279
840,0.19654668271541595,0.3532559312880039,10.599,16053.9,7291.878
841,0.19651390612125397,,10.98,16053.9,7302.858
842,0.1965957224369049,,10.685,16053.9,7313.543
843,0.19640084207057953,,10.653,16053.9,7324.196
844,0.19655266404151917,,11.343,16053.9,7335.538
845,0.1961180478334427,0.35280661284923553,10.639,16053.9,7346.177
846,0.19615567475557327,,10.854,16053.9,7357.031
847,0.196001772582531,,10.8,16053.9,7367.831
848,0.19579624235630036,,11.0,16053.9,7378.831
849,0.19620634764432907,,10.701,16053.9,7389.532
850,0.19628302454948426,0.3524353429675102,10.597,16053.9,7400.129
851,0.19597226828336717,,10.509,16053.9,7410.638
852,0.19588132649660112,,11.086,16053.9,7421.724
853,0.19575004577636718,,10.627,16053.9,7432.351
854,0.1956319257616997,,10.657,16053.9,7443.008
855,0.19598599672317504,0.3537862040102482,10.775,16053.9,7453.783
856,0.1968963101506233,,10.913,16053.9,7464.696
857,0.19619847238063812,,11.005,16053.9,7475.702
858,0.19684168696403503,,11.16,16053.9,7486.862
859,0.19613704830408096,,10.702,16053.9,7497.564
860,0.19577883332967758,0.35167891159653664,11.118,16053.9,7508.682
861,0.19569312334060668,,11.117,16053.9,7519.798
862,0.1957906886935234,,11.22,16053.9,7531.018
863,0.19551731944084166,,10.862,16053.9,7541.88
864,0.19558187574148178,,10.525,16053.9,7552.405
865,0.19586067348718644,0.35175560414791107,10.817,16053.9,7563.223
866,0.19550641179084777,,10.487,16053.9,7573.71
867,0.19517728984355925,,10.505,16053.9,7584.215
868,0.19546933323144913,,10.947,16053.9,7595.162
869,0.19643028527498246,,10.768,16053.9,7605.93
870,0.19640775322914122,0.35164593160152435,10.773,16053.9,7616.703
871,0.19581496268510817,,10.855,16053.9,7627.558
872,0.19618739634752275,,11.312,16053.9,7638.87
873,0.19568943679332734,,10.44,16053.9,7649.31
874,0.19506049901247025,,10.559,16053.9,7659.869
875,0.19511477798223495,0.3515114337205887,10.798,16053.9,7670.668
876,0.1950881987810135,,10.478,16053.9,7681.145
877,0.19490199238061906,,10.933,16053.9,7692.078
878,0.19507917612791062,,10.479,16053.9,7702.557
879,0.1951408013701439,,10.903,16053.9,7713.461
880,0.19496876299381255,0.3514975942671299,10.571,16053.9,7724.032
881,0.1951269045472145,,10.382,16053.9,7734.414
882,0.19474322348833084,,10.555,16053.9,7744.969
883,0.19463471025228501,,10.773,16053.9,7755.743
884,0.19464864879846572,,10.468,16053.9,7766.211
885,0.19457660913467406,0.35011644661426544,10.576,16053.9,7776.787
886,0.1951098173856735,,10.473,16053.9,7787.261
887,0.19529969394207,,10.52,16053.9,7797.781
888,0.1951245814561844,,11.276,16053.9,7809.057
889,0.1946972355246544,,10.655,16053.9,7819.713
890,0.1947663590312004,0.35077883303165436,11.073,16053.9,7830.786
891,0.19478752017021178,,10.54,16053.9,7841.326
892,0.19458092302083968,,10.999,16053.9,7852.326
893,0.1944124072790146,,10.81,16053.9,7863.136
894,0.19454774260520935,,10.642,16053.9,7873.778
895,0.19510608911514282,0.35101521387696266,10.854,16053.9,7884.632
896,0.19504061341285706,,11.102,16053.9,7895.734
897,0.19557775408029557,,10.778,16053.9,7906.512
898,0.19492631107568742,,10.395,16053.9,7916.907
899,0.19436064958572388,,11.118,16053.9,7928.025
900,0.1942263126373291,0.3493398576974869,11.332,16053.9,7939.357
901,0.1943121701478958,,10.569,16053.9,7949.926
902,0.19408266991376877,,11.182,16053.9,7961.108
903,0.19401459991931916,,10.634,16053.9,7971.742
904,0.19404920786619187,,11.041,16053.9,7982.783
905,0.19404845237731932,0.349396038800478,10.447,16053.9,7993.23
906,0.19421109408140183,,10.521,16053.9,8003.752
907,0.19416710287332534,,9.672,16053.9,8013.423
908,0.19509043991565705,,9.258,16053.9,8022.682
909,0.1947126492857933,,10.326,16053.9,8033.008
910,0.19408753663301467,0.34871215373277664,9.89,16053.9,8042.898
911,0.19426572024822236,,9.084,16053.9,8051.982
912,0.19393669068813324,,9.153,16053.9,8061.136
913,0.19416671693325044,,9.826,16053.9,8070.961
914,0.19415964484214782,,9.455,16053.9,8080.416
915,0.19447839260101318,0.3490679934620857,9.01,16053.9,8089.426
916,0.19498405158519744,,9.323,16053.9,8098.749
917,0.19475734680891038,,9.403,16053.9,8108.152
918,0.19475790560245515,,8.921,16053.9,8117.073
919,0.1940942957997322,,9.233,16053.9,8126.306
920,0.19388024061918258,0.34825827926397324,9.373,16053.9,8135.679
921,0.19370767921209336,,9.176,16053.9,8144.855
922,0.1936794713139534,,9.52,16053.9,8154.375
923,0.1936507910490036,,8.61,16053.9,8162.984
924,0.19353062957525252,,8.947,16053.9,8171.931
925,0.1937968209385872,0.3480229526758194,10.372,16053.9,8182.303
926,0.19364556968212127,,10.48,16053.9,8192.783
927,0.19358196556568147,,10.367,16053.9,8203.15
928,0.19351120740175248,,10.603,16053.9,8213.752
929,0.19331907033920287,,10.547,16053.9,8224.3
930,0.1936420828104019,0.3479928486049175,10.162,16053.9,8234.462
931,0.19350101053714752,,8.798,16053.9,8243.26
932,0.19344416111707688,,9.009,16053.9,8252.269
933,0.19330421835184097,,8.766,16053.9,8261.035
934,0.1931134954094887,,8.796,16053.9,8269.83
935,0.19316981881856918,0.34725313633680344,8.522,16053.9,8278.352
936,0.19352837800979614,,8.586,16053.9,8286.938
937,0.1943116456270218,,8.586,16053.9,8295.524
938,0.19392491281032562,,8.348,16053.9,8303.871
939,0.19324142038822173,,8.543,16053.9,8312.415
940,0.193681238591671,0.3498711884021759,8.29,16053.9,8320.705
941,0.19426092207431794,,8.313,16053.9,8329.018
942,0.19341948479413987,,9.468,16053.9,8338.486
943,0.19331206381320953,,9.978,16053.9,8348.463
944,0.19340990036725997,,9.969,16053.9,8358.433
945,0.19313427805900574,0.3472152091562748,10.101,16053.9,8368.534
946,0.1931060329079628,,10.291,16053.9,8378.825
947,0.1927817851305008,,9.84,16053.9,8388.665
948,0.19271930754184724,,10.305,16053.9,8398.97
949,0.19268347322940826,,9.789,16053.9,8408.759
950,0.19275124222040177,0.3467249795794487,9.872,16053.9,8418.631
951,0.19261953085660935,,10.412,16053.9,8429.043
952,0.1930081307888031,,10.023,16053.9,8439.066
953,0.1930442824959755,,10.673,16053.9,8449.738
954,0.19425560235977174,,11.065,16053.9,8460.804
955,0.1940231129527092,0.3478526622056961,11.72,16053.9,8472.524
956,0.19339717477560042,,9.861,16053.9,8482.385
957,0.19292443841695786,,9.628,16053.9,8492.014
958,0.1925318196415901,,9.564,16053.9,8501.578
959,0.19253565222024918,,9.92,16053.9,8511.498
960,0.1925262153148651,0.3459951803088188,9.576,16053.9,8521.074
961,0.1929134175181389,,9.675,16053.9,8530.749
962,0.19264751225709914,,9.447,16053.9,8540.196
963,0.1925392210483551,,9.775,16053.9,8549.971
964,0.19260258078575135,,9.682,16053.9,8559.654
965,0.19249236732721328,0.34574274718761444,9.56,16053.9,8569.213
966,0.1923004448413849,,9.533,16053.9,8578.746
967,0.19248885810375213,,9.341,16053.9,8588.088
968,0.19248672127723693,,9.524,16053.9,8597.612
969,0.19245171993970872,,9.407,16053.9,8607.019
970,0.19287636131048203,0.34614671021699905,9.613,16053.9,8616.632
971,0.19289049804210662,,9.166,16053.9,8625.798
972,0.19398543536663054,,9.619,16053.9,8635.416
973,0.19333423674106598,,9.505,16053.9,8644.921
974,0.19256507456302643,,9.293,16053.9,8654.214
975,0.19242427200078965,0.3463098183274269,9.425,16053.9,8663.639
976,0.19291488230228424,,9.634,16053.9,8673.274
977,0.19422242790460587,,9.403,16053.9,8682.676
978,0.19284270107746124,,9.573,16053.9,8692.249
979,0.19228301346302032,,9.625,16053.9,8701.874
980,0.19201374053955078,0.34526252374053,9.346,16053.9,8711.22
981,0.19189436137676238,,9.555,16053.9,8720.775
982,0.19205074459314347,,9.646,16053.9,8730.421
983,0.19231066554784776,,9.754,16053.9,8740.175
984,0.19217936992645263,,9.459,16053.9,8749.634
985,0.19327053874731065,0.34677910432219505,9.558,16053.9,8759.192
986,0.19360011368989943,,9.413,16053.9,8768.604
987,0.1935858592391014,,9.418,16053.9,8778.023
988,0.1932739108800888,,9.086,16053.9,8787.109
989,0.19217516630887985,,9.761,16053.9,8796.87
990,0.19203923791646957,0.3456229865550995,9.326,16053.9,8806.195
991,0.19193698167800904,,9.877,16053.9,8816.073
992,0.19171862453222274,,9.365,16053.9,8825.437
993,0.19149841070175172,,9.251,16053.9,8834.688
994,0.19162842035293579,,9.334,16053.9,8844.023
995,0.1915657714009285,0.3444250710308552,9.273,16053.9,8853.296
996,0.1915503278374672,,9.739,16053.9,8863.035
997,0.1915280982851982,,9.668,16053.9,8872.703
998,0.19168992340564728,,9.54,16053.9,8882.243
999,0.19181146770715712,,9.432,16053.9,8891.676
1000,0.19184603542089462,0.344410240650177,9.509,16053.9,8901.185
1001,0.19217632710933685,,9.548,16053.9,8910.732
1002,0.19202601462602614,,9.727,16053.9,8920.46
1003,0.19168068170547486,,9.526,16053.9,8929.986
1004,0.19152648150920867,,9.164,16053.9,8939.15
1005,0.19154881834983825,0.34570084512233734,9.343,16053.9,8948.494
1006,0.19253062307834626,,9.559,16053.9,8958.052
1007,0.19187992215156555,,9.102,16053.9,8967.155
1008,0.19151388555765153,,9.47,16053.9,8976.625
1009,0.1915418639779091,,9.893,16053.9,8986.518
1010,0.1917934760451317,0.3445853441953659,9.132,16053.9,8995.65
1011,0.19481604993343354,,9.347,16053.9,9004.997
1012,0.1990586742758751,,9.544,16053.9,9014.541
1013,0.19438497871160507,,8.554,16053.9,9023.095
1014,0.19282542169094086,,10.394,16053.9,9033.489
1015,0.19186053276062012,0.34458356350660324,8.59,16053.9,9042.079
1016,0.1912352755665779,,9.2,16053.9,9051.279
1017,0.19104913026094436,,8.644,16053.9,9059.923
1018,0.19090014100074768,,9.514,16053.9,9069.437
1019,0.19080519080162048,,8.246,16053.9,9077.683
1020,0.1908358469605446,0.3433128595352173,9.934,16053.9,9087.617
1021,0.19079742282629014,,8.258,16053.9,9095.875
1022,0.19080251455307007,,9.537,16053.9,9105.412
1023,0.19078253954648972,,8.042,16053.9,9113.454
1024,0.19078188985586167,,8.628,16053.9,9122.082
1025,0.19074517190456391,0.3432435691356659,9.346,16053.9,9131.428
1026,0.19078803062438965,,9.352,16053.9,9140.781
1027,0.190945366024971,,9.815,16053.9,9150.596
1028,0.1920638710260391,,8.912,16053.9,9159.508
1029,0.19153477847576142,,9.421,16053.9,9168.929
1030,0.19141973406076432,0.3436424992978573,9.269,16053.9,9178.198
1031,0.19128265231847763,,9.657,16053.9,9187.854
1032,0.19097028225660323,,8.612,16053.9,9196.466
1033,0.19082361310720444,,8.453,16053.9,9204.919
1034,0.1908139929175377,,8.118,16053.9,9213.038
1035,0.19063518494367598,0.3428494557738304,8.148,16053.9,9221.185
1036,0.19062807708978652,,10.637,16053.9,9231.823
1037,0.19057281762361528,,10.445,16053.9,9242.268
1038,0.19065750539302825,,9.884,16053.9,9252.151
1039,0.1908099740743637,,9.982,16053.9,9262.133
1040,0.1912127450108528,0.34298745542764664,9.626,16053.9,9271.759
1041,0.19089901745319365,,11.564,16053.9,9283.323
1042,0.19063926488161087,,10.497,16053.9,9293.82
1043,0.1906362235546112,,10.367,16053.9,9304.188
1044,0.19074894487857819,,9.877,16053.9,9314.065
1045,0.19081279188394545,0.34564197435975075,8.693,16053.9,9322.758
1046,0.19148174524307252,,10.692,16053.9,9333.45
1047,0.19405431300401688,,10.468,16053.9,9343.919
1048,0.19352425634860992,,10.466,16053.9,9354.385
1049,0.1913849502801895,,10.84,16053.9,9365.225
1050,0.19082294404506683,0.3428761214017868,10.539,16053.9,9375.764
1051,0.19052874743938447,,9.733,16053.9,9385.497
1052,0.19024616926908494,,9.284,16053.9,9394.78
1053,0.190178219974041,,10.349,16053.9,9405.129
1054,0.19007391333580018,,9.45,16053.9,9414.579
1055,0.1900070860981941,0.3418631739914417,9.662,16053.9,9424.24
1056,0.18984994441270828,,10.032,16053.9,9434.272
1057,0.1900177627801895,,10.015,16053.9,9444.287
1058,0.18986178934574127,,10.552,16053.9,9454.84
1059,0.19007593989372254,,9.993,16053.9,9464.833
1060,0.19032462388277055,0.34182776510715485,10.205,16053.9,9475.038
1061,0.19067043513059617,,10.659,16053.9,9485.697
1062,0.19058603644371033,,9.272,16053.9,9494.968
1063,0.19020235240459443,,9.494,16053.9,9504.462
1064,0.18999507427215576,,10.197,16053.9,9514.659
1065,0.18975522071123124,0.34164388477802277,9.849,16053.9,9524.508
1066,0.18983792662620544,,9.597,16053.9,9534.105
1067,0.18992140591144563,,9.227,16053.9,9543.332
1068,0.1897738367319107,,9.478,16053.9,9552.81
1069,0.18966265469789506,,9.374,16053.9,9562.185
1070,0.18980417847633363,0.3413519710302353,9.771,16053.9,9571.956
1071,0.19095584750175476,,8.194,16053.9,9580.15
1072,0.19074493050575256,,8.865,16053.9,9589.015
1073,0.19037039428949357,,9.888,16053.9,9598.903
1074,0.18980914801359178,,9.36,16053.9,9608.263
1075,0.18974580317735673,0.3409126251935959,9.283,16053.9,9617.546
1076,0.1895483061671257,,9.558,16053.9,9627.103
1077,0.18970835953950882,,9.115,16053.9,9636.218
1078,0.18964943885803223,,10.202,16053.9,9646.42
1079,0.1900470957159996,,10.293,16053.9,9656.713
1080,0.19047545045614242,0.3407672941684723,9.329,16053.9,9666.042
1081,0.19058643281459808,,8.613,16053.9,9674.654
1082,0.19170707315206528,,8.575,16053.9,9683.23
1083,0.1918368846178055,,8.877,16053.9,9692.107
1084,0.1936213955283165,,8.731,16053.9,9700.838
1085,0.1916905790567398,0.3440866321325302,9.586,16053.9,9710.424
1086,0.19056542962789536,,10.113,16053.9,9720.537
1087,0.18987476229667663,,9.72,16053.9,9730.257
1088,0.18945491015911103,,9.937,16053.9,9740.194
1089,0.18924489095807076,,9.736,16053.9,9749.93
1090,0.1891433849930763,0.34038425981998444,8.585,16053.9,9758.515
1091,0.18907129615545273,,10.614,16053.9,9769.129
1092,0.18902760297060012,,9.953,16053.9,9779.082
1093,0.18900505751371383,,10.464,16053.9,9789.546
1094,0.18902809768915177,,9.478,16053.9,9799.025
1095,0.18902633786201478,0.33987409621477127,9.407,16053.9,9808.432
1096,0.18893740624189376,,10.087,16053.9,9818.519
1097,0.18889929950237275,,10.021,16053.9,9828.54
1098,0.18891060948371888,,8.596,16053.9,9837.137
1099,0.18901170343160628,,8.988,16053.9,9846.124
1100,0.18902728110551834,0.3397423028945923,9.321,16053.9,9855.445
1101,0.1889590322971344,,9.087,16053.9,9864.532
1102,0.18925680369138717,,8.539,16053.9,9873.071
1103,0.18995205760002137,,8.052,16053.9,9881.123
1104,0.19005854427814484,,8.091,16053.9,9889.214
1105,0.18969304412603377,0.3410986512899399,8.172,16053.9,9897.387
1106,0.18950730562210083,,8.04,16053.9,9905.426
1107,0.18906926065683366,,7.995,16053.9,9913.422
1108,0.1889511153101921,,7.908,16053.9,9921.33
1109,0.18886650800704957,,8.076,16053.9,9929.406
1110,0.18891315013170243,0.33943090587854385,8.109,16053.9,9937.515
1111,0.18879355788230895,,8.041,16053.9,9945.556
1112,0.18887266963720323,,8.247,16053.9,9953.803
1113,0.1890341728925705,,8.092,16053.9,9961.895
1114,0.18941507786512374,,7.928,16053.9,9969.823
1115,0.18899523168802262,0.33928723633289337,8.143,16053.9,9977.966
1116,0.18865651339292527,,8.265,16053.9,9986.23
1117,0.18855528086423873,,7.777,16053.9,9994.007
1118,0.1885355830192566,,8.106,16053.9,10002.113
1119,0.1884797915816307,,9.152,16053.9,10011.266
1120,0.18845374137163162,0.33878662437200546,9.177,16053.9,10020.443
1121,0.18837319761514665,,9.175,16053.9,10029.617
1122,0.18907540291547775,,9.265,16053.9,10038.883
1123,0.1892152488231659,,9.22,16053.9,10048.103
1124,0.1890137940645218,,8.916,16053.9,10057.019
1125,0.18981207013130189,0.340921264141798,9.254,16053.9,10066.273
1126,0.18942204415798186,,9.109,16053.9,10075.382
1127,0.189064921438694,,9.103,16053.9,10084.485
1128,0.18911273032426834,,10.334,16053.9,10094.818
1129,0.18903516680002214,,10.65,16053.9,10105.468
1130,0.1885552078485489,0.3391147330403328,10.703,16053.9,10116.171
1131,0.18875064104795455,,11.055,16053.9,10127.227
1132,0.18859975934028625,,10.558,16053.9,10137.785
1133,0.18836963027715684,,10.55,16053.9,10148.335
1134,0.1883273035287857,,10.526,16053.9,10158.862
1135,0.18837402164936065,0.33826591074466705,10.91,16053.9,10169.772
1136,0.18822170346975325,,10.693,16053.9,10180.465
1137,0.1880302220582962,,11.126,16053.9,10191.591
1138,0.18820397853851317,,11.074,16053.9,10202.666
1139,0.18821268677711486,,10.844,16053.9,10213.509
1140,0.18886248022317886,0.3390253782272339,11.024,16053.9,10224.533
1141,0.18931939601898193,,11.554,16053.9,10236.086
1142,0.1898114949464798,,10.87,16053.9,10246.956
1143,0.1888466775417328,,11.213,16053.9,10258.169
1144,0.188338902592659,,10.318,16053.9,10268.487
1145,0.18836140483617783,0.33854954689741135,10.656,16053.9,10279.143
1146,0.18837834000587464,,10.287,16053.9,10289.43
1147,0.1883281037211418,,10.808,16053.9,10300.238
1148,0.18848827481269836,,10.611,16053.9,10310.85
1149,0.18812694400548935,,10.427,16053.9,10321.277
1150,0.18801215589046477,0.3379006050527096,10.872,16053.9,10332.149
1151,0.1878127411007881,,10.569,16053.9,10342.718
1152,0.1876844808459282,,10.965,16053.9,10353.683
1153,0.18794844299554825,,10.855,16053.9,10364.538
1154,0.18776683509349823,,10.435,16053.9,10374.974
1155,0.1877808913588524,0.3376980647444725,10.521,16053.9,10385.495
1156,0.18822564035654069,,10.579,16053.9,10396.074
1157,0.18797774165868758,,10.324,16053.9,10406.399
1158,0.18768153935670853,,10.771,16053.9,10417.169
1159,0.18769198209047316,,10.405,16053.9,10427.575
1160,0.18767976462841035,0.337173767387867,10.564,16053.9,10438.139
1161,0.18763378709554673,,10.464,16053.9,10448.603
1162,0.18757264018058778,,10.534,16053.9,10459.137
1163,0.188387955725193,,10.911,16053.9,10470.048
1164,0.18853306025266647,,10.649,16053.9,10480.697
1165,0.1906939536333084,0.3445950001478195,10.217,16053.9,10490.914
1166,0.19099310636520386,,10.629,16053.9,10501.543
1167,0.18873798102140427,,10.578,16053.9,10512.121
1168,0.18807244747877122,,10.328,16053.9,10522.448
1169,0.1876412510871887,,10.372,16053.9,10532.821
1170,0.18763523697853088,0.33695708960294724,10.664,16053.9,10543.484
1171,0.18811441361904144,,10.167,16053.9,10553.651
1172,0.18828514963388443,,10.613,16053.9,10564.264
1173,0.18781057894229888,,10.549,16053.9,10574.813
1174,0.18757588565349578,,10.473,16053.9,10585.286
1175,0.1877856135368347,0.33705705404281616,10.368,16053.9,10595.654
1176,0.18792893290519713,,10.659,16053.9,10606.313
1177,0.18760485649108888,,10.401,16053.9,10616.714
1178,0.18725251257419587,,10.41,16053.9,10627.124
1179,0.18813464641571045,,10.702,16053.9,10637.826
1180,0.1883436307311058,0.3369250074028969,10.527,16053.9,10648.353
1181,0.18769356310367585,,10.246,16053.9,10658.599
1182,0.18747210875153542,,9.967,16053.9,10668.566
1183,0.1873341679573059,,10.679,16053.9,10679.245
1184,0.18727360516786576,,10.168,16053.9,10689.413
1185,0.1872007057070732,0.3363160938024521,10.646,16053.9,10700.059
1186,0.18723692297935485,,10.51,16053.9,10710.569
1187,0.1871854245662689,,10.279,16053.9,10720.848
1188,0.18703399896621703,,10.38,16053.9,10731.228
1189,0.1882220059633255,,10.829,16053.9,10742.056
1190,0.1911066710948944,0.3395224064588547,10.687,16053.9,10752.743
1191,0.191440349817276,,10.304,16053.9,10763.046
1192,0.18861435651779174,,11.093,16053.9,10774.139
1193,0.18796578496694566,,11.092,16053.9,10785.231
1194,0.18757437467575072,,10.667,16053.9,10795.898
1195,0.18726834654808044,0.3363489620387554,10.193,16053.9,10806.091
1196,0.18761757165193557,,10.6,16053.9,10816.691
1197,0.18734081983566284,,10.142,16053.9,10826.833
1198,0.1872233346104622,,10.689,16053.9,10837.521
1199,0.18684330433607102,,10.825,16053.9,10848.346
1200,0.1867450639605522,0.335800364613533,10.556,16053.9,10858.902
1201,0.18673841804265975,,10.87,16053.9,10869.772
1202,0.1866208717226982,,10.621,16053.9,10880.394
1203,0.18683649003505706,,10.489,16053.9,10890.883
1204,0.18688073754310608,,10.423,16053.9,10901.307
1205,0.18684493601322175,0.3359028398990631,10.314,16053.9,10911.62
1206,0.18685709834098815,,10.577,16053.9,10922.198
1207,0.1867607995867729,,10.5,16053.9,10932.698
1208,0.18675026744604112,,10.643,16053.9,10943.34
1209,0.18656913191080093,,10.973,16053.9,10954.313
1210,0.18651243150234223,0.3352503478527069,10.452,16053.9,10964.765
1211,0.18658304661512376,,10.669,16053.9,10975.434
1212,0.18657779842615127,,10.52,16053.9,10985.954
1213,0.18729629665613173,,10.407,16053.9,10996.36
1214,0.18768935948610305,,10.753,16053.9,11007.113
1215,0.18784549683332444,0.3360127881169319,10.635,16053.9,11017.748
1216,0.18903895914554597,,10.712,16053.9,11028.46
1217,0.19090815931558608,,10.28,16053.9,11038.74
1218,0.18927056789398194,,10.327,16053.9,11049.067
1219,0.18791064620018005,,10.598,16053.9,11059.665
1220,0.18742772340774536,0.33854496851563454,10.601,16053.9,11070.266
1221,0.1879831314086914,,10.423,16053.9,11080.689
1222,0.18729856014251708,,10.528,16053.9,11091.218
1223,0.18719049096107482,,10.416,16053.9,11101.633
1224,0.18687450736761094,,10.672,16053.9,11112.305
1225,0.186456798017025,0.33485476672649384,10.419,16053.9,11122.724
1226,0.18642467707395555,,10.764,16053.9,11133.488
1227,0.18623133301734923,,10.688,16053.9,11144.176
1228,0.18623734563589095,,10.501,16053.9,11154.677
1229,0.1862386167049408,,10.752,16053.9,11165.43
1230,0.18636508285999298,0.33522558957338333,10.106,16053.9,11175.535
1231,0.18665820807218553,,11.004,16053.9,11186.54
1232,0.18646234273910522,,10.312,16053.9,11196.852
1233,0.1863819718360901,,10.52,16053.9,11207.371
1234,0.1862620398402214,,10.503,16053.9,11217.874
1235,0.18622223138809205,0.33487337827682495,10.441,16053.9,11228.315
1236,0.18684236854314804,,10.403,16053.9,11238.718
1237,0.18734803646802903,,10.812,16053.9,11249.53
1238,0.1875738739967346,,10.85,16053.9,11260.381
1239,0.18710338175296784,,10.461,16053.9,11270.842
1240,0.187321275472641,0.336652223020792,10.644,16053.9,11281.486
1241,0.1874739333987236,,10.249,16053.9,11291.736
1242,0.186679670214653,,10.816,16053.9,11302.552
1243,0.18613319396972655,,10.294,16053.9,11312.846
1244,0.18602539747953414,,10.558,16053.9,11323.404
1245,0.18598025515675545,0.3347207233309746,10.396,16053.9,11333.8
1246,0.18589205741882325,,10.356,16053.9,11344.156
1247,0.18615051507949829,,10.42,16053.9,11354.576
1248,0.18619090616703032,,10.658,16053.9,11365.233
1249,0.18595887273550032,,10.461,16053.9,11375.694
1250,0.1857994243502617,0.33376629650592804,10.347,16053.9,11386.041
1251,0.18585126250982284,,10.491,16053.9,11396.532
1252,0.18591197878122329,,10.433,16053.9,11406.966
1253,0.1857658252120018,,10.56,16053.9,11417.526
1254,0.1855916053056717,,10.577,16053.9,11428.103
1255,0.18556445091962814,0.3335106335580349,10.663,16053.9,11438.766
1256,0.18560682535171508,,10.417,16053.9,11449.183
1257,0.18564608246088027,,10.469,16053.9,11459.652
1258,0.18563662618398666,,9.618,16053.9,11469.27
1259,0.18561105579137802,,9.161,16053.9,11478.431
1260,0.1857734739780426,0.33386170491576195,9.116,16053.9,11487.547
1261,0.18680281788110734,,9.788,16053.9,11497.335
1262,0.18713050633668898,,9.686,16053.9,11507.021
1263,0.18649091720581054,,9.643,16053.9,11516.663
1264,0.18668822050094605,,11.355,16053.9,11528.018
1265,0.18653224855661393,0.3348979987204075,10.025,16053.9,11538.043
1266,0.1860308513045311,,9.776,16053.9,11547.819
1267,0.1855736792087555,,9.812,16053.9,11557.631
1268,0.18542033582925796,,10.069,16053.9,11567.701
1269,0.1854700356721878,,10.067,16053.9,11577.768
1270,0.18538186848163604,0.3331204727292061,9.937,16053.9,11587.705
1271,0.18540150672197342,,10.467,16053.9,11598.172
1272,0.1854224443435669,,10.751,16053.9,11608.923
1273,0.18546705320477486,,10.155,16053.9,11619.078
1274,0.18543962836265565,,8.515,16053.9,11627.593
1275,0.18539865761995317,0.3329765498638153,9.45,16053.9,11637.043
1276,0.18524773716926574,,10.006,16053.9,11647.049
1277,0.18534208834171295,,10.117,16053.9,11657.167
1278,0.18525741547346114,,9.867,16053.9,11667.034
1279,0.18532821536064148,,8.115,16053.9,11675.149
1280,0.18530093133449554,0.333397701382637,7.968,16053.9,11683.116
1281,0.18585781902074813,,8.0,16053.9,11691.117
1282,0.1861516132950783,,8.359,16053.9,11699.476
1283,0.18632619380950927,,8.473,16053.9,11707.949
1284,0.1861618533730507,,8.763,16053.9,11716.713
1285,0.18531619310379027,0.3328825645148754,9.511,16053.9,11726.223
1286,0.18535589575767517,,9.767,16053.9,11735.991
1287,0.18512484878301622,,9.663,16053.9,11745.653
1288,0.1852453425526619,,9.979,16053.9,11755.632
1289,0.18544387966394424,,9.695,16053.9,11765.327
1290,0.18572281301021576,0.334432240575552,9.423,16053.9,11774.75
1291,0.18843501359224318,,9.542,16053.9,11784.292
1292,0.18913335502147674,,9.767,16053.9,11794.059
1293,0.18827733993530274,,10.162,16053.9,11804.221
1294,0.18715258985757827,,9.797,16053.9,11814.018
1295,0.18587665110826493,0.3336930312216282,9.666,16053.9,11823.684
1296,0.18539031594991684,,10.593,16053.9,11834.278
1297,0.18527010530233384,,11.638,16053.9,11845.916
1298,0.18505191504955293,,9.106,16053.9,11855.021
1299,0.18491267859935762,,8.849,16053.9,11863.871
1300,0.1848281905055046,0.3323418200016022,8.878,16053.9,11872.749
1301,0.1847895860671997,,9.085,16053.9,11881.834
1302,0.1846960112452507,,9.086,16053.9,11890.92
1303,0.18469801545143127,,8.768,16053.9,11899.688
1304,0.18464227467775346,,9.101,16053.9,11908.79
1305,0.18466766625642778,0.33188891410827637,9.023,16053.9,11917.812
1306,0.18467475175857545,,9.474,16053.9,11927.286
1307,0.18463083505630493,,8.991,16053.9,11936.277
1308,0.1846272185444832,,8.699,16053.9,11944.975
1309,0.1846810981631279,,8.954,16053.9,11953.929
1310,0.1847782775759697,0.3318222351372242,9.333,16053.9,11963.262
1311,0.1847926825284958,,9.231,16053.9,11972.492
1312,0.18462967574596406,,8.885,16053.9,11981.377
1313,0.18458587378263475,,9.011,16053.9,11990.388
1314,0.18462124466896057,,8.68,16053.9,11999.069
1315,0.1847346231341362,0.3316463716328144,8.91,16053.9,12007.978
1316,0.18478766083717346,,9.08,16053.9,12017.058
1317,0.18492622226476668,,9.115,16053.9,12026.173
1318,0.1851082906126976,,8.947,16053.9,12035.12
1319,0.18525024205446244,,9.376,16053.9,12044.496
1320,0.18575345873832702,0.3334267698228359,9.305,16053.9,12053.801
1321,0.1855090379714966,,8.821,16053.9,12062.623
1322,0.18590613156557084,,8.806,16053.9,12071.429
1323,0.1854501485824585,,9.223,16053.9,12080.652
1324,0.1846018388867378,,9.298,16053.9,12089.95
1325,0.1844479188323021,0.33141110464930534,8.844,16053.9,12098.794
1326,0.1844873994588852,,9.435,16053.9,12108.228
1327,0.18466615080833435,,9.338,16053.9,12117.566
1328,0.18487925305962563,,9.586,16053.9,12127.153
1329,0.18563273698091506,,8.924,16053.9,12136.077
1330,0.1851201131939888,0.33233097195625305,9.392,16053.9,12145.468
1331,0.18469013422727584,,9.069,16053.9,12154.537
1332,0.18519338667392732,,9.029,16053.9,12163.566
1333,0.1853003293275833,,9.562,16053.9,12173.129
1334,0.18527563512325287,,9.458,16053.9,12182.587
1335,0.18519336581230164,0.3325669877231121,8.985,16053.9,12191.572
1336,0.18502380549907685,,8.994,16053.9,12200.566
1337,0.1848187655210495,,9.174,16053.9,12209.741
1338,0.18450776636600494,,8.809,16053.9,12218.55
1339,0.18432829082012175,,9.321,16053.9,12227.87
1340,0.18420264273881912,0.3309212103486061,8.955,16053.9,12236.825
1341,0.18413738161325455,,9.091,16053.9,12245.916
1342,0.1839774638414383,,9.324,16053.9,12255.241
1343,0.18399787396192552,,9.251,16053.9,12264.491
1344,0.18404751420021057,,8.773,16053.9,12273.264
1345,0.18403253257274627,0.3305289000272751,9.202,16053.9,12282.466
1346,0.18404615223407744,,8.99,16053.9,12291.455
1347,0.18416841626167296,,8.651,16053.9,12300.106
1348,0.18583167642354964,,9.324,16053.9,12309.431
1349,0.18531753420829772,,8.604,16053.9,12318.034
1350,0.18486671894788742,0.33112671971321106,9.329,16053.9,12327.363
1351,0.18457981050014496,,9.576,16053.9,12336.94
1352,0.18412687331438066,,9.134,16053.9,12346.073
1353,0.18397514522075653,,9.873,16053.9,12355.946
1354,0.18386550471186638,,9.907,16053.9,12365.853
1355,0.18378894925117492,0.33029861003160477,9.447,16053.9,12375.3
1356,0.18373252600431442,,9.53,16053.9,12384.829
1357,0.18378536701202391,,9.283,16053.9,12394.112
1358,0.1841030314564705,,9.277,16053.9,12403.39
1359,0.18434377163648605,,8.85,16053.9,12412.24
1360,0.18451299220323564,0.33008426427841187,9.11,16053.9,12421.349
1361,0.18474168181419373,,9.067,16053.9,12430.417
1362,0.18513216078281403,,8.726,16053.9,12439.143
1363,0.1851878806948662,,7.979,16053.9,12447.121
1364,0.18527211993932724,,8.379,16053.9,12455.5
1365,0.18447888642549515,0.33070678636431694,7.988,16053.9,12463.488
1366,0.18416433036327362,,8.29,16053.9,12471.778
1367,0.18427225202322006,,12.379,16053.9,12484.157
1368,0.1838942587375641,,11.505,16053.9,12495.662
1369,0.1839134082198143,,10.321,16053.9,12505.983
1370,0.18368809968233107,0.3300369903445244,10.929,16053.9,12516.912
1371,0.1837753802537918,,10.126,16053.9,12527.038
1372,0.18374182730913163,,10.233,16053.9,12537.271
1373,0.18369024097919465,,8.884,16053.9,12546.155
1374,0.18366801142692565,,11.166,16053.9,12557.32
1375,0.18362859338521959,0.32974086701869965,12.212,16053.9,12569.533
1376,0.18354733139276505,,11.81,16053.9,12581.343
1377,0.18366482555866243,,9.992,16053.9,12591.336
1378,0.1835593491792679,,9.952,16053.9,12601.287
1379,0.18353012055158616,,10.14,16053.9,12611.427
1380,0.18366826474666595,0.3299696296453476,9.857,16053.9,12621.285
1381,0.183685764670372,,9.542,16053.9,12630.826
1382,0.18372102677822114,,11.391,16053.9,12642.217
1383,0.1835743948817253,,11.36,16053.9,12653.577
1384,0.18414166569709778,,11.321,16053.9,12664.898
1385,0.1842861771583557,0.33001070469617844,10.336,16053.9,12675.234
1386,0.18439581245183945,,10.49,16053.9,12685.724
1387,0.18387442231178283,,9.806,16053.9,12695.53
1388,0.183536596596241,,9.73,16053.9,12705.261
1389,0.1836252123117447,,10.537,16053.9,12715.797
1390,0.18345022201538086,0.3292043022811413,10.005,16053.9,12725.802
1391,0.1833091452717781,,8.684,16053.9,12734.486
1392,0.18343730121850968,,8.64,16053.9,12743.126
1393,0.18361120522022248,,10.241,16053.9,12753.367
1394,0.18351141661405562,,10.572,16053.9,12763.939
1395,0.18320850431919097,0.32918159663677216,9.749,16053.9,12773.688
1396,0.18340848237276078,,9.905,16053.9,12783.594
1397,0.18330017179250718,,9.307,16053.9,12792.901
1398,0.1831857144832611,,9.683,16053.9,12802.584
1399,0.18319669961929322,,9.921,16053.9,12812.505
1400,0.18329791128635406,0.3288749158382416,8.382,16053.9,12820.887
1401,0.183546681702137,,8.798,16053.9,12829.685
1402,0.18329831808805466,,10.261,16053.9,12839.946
1403,0.1829776018857956,,10.372,16053.9,12850.318
1404,0.18330617845058442,,10.212,16053.9,12860.53
1405,0.18349846228957176,0.32956917583942413,10.374,16053.9,12870.905
1406,0.18359128534793853,,9.53,16053.9,12880.434
1407,0.18325822651386262,,8.734,16053.9,12889.169
1408,0.1835910975933075,,9.882,16053.9,12899.05
1409,0.18316028267145157,,10.233,16053.9,12909.283
1410,0.18308987468481064,0.3293449878692627,10.092,16053.9,12919.375
1411,0.1832083433866501,,9.772,16053.9,12929.148
1412,0.18366571962833406,,10.799,16053.9,12939.946
1413,0.1834428071975708,,8.448,16053.9,12948.395
1414,0.18340082913637162,,8.655,16053.9,12957.049
1415,0.18312088251113892,0.3290095031261444,8.713,16053.9,12965.763
1416,0.18311109393835068,,8.687,16053.9,12974.45
1417,0.18316063433885574,,8.434,16053.9,12982.883
1418,0.18311917334794997,,8.666,16053.9,12991.549
1419,0.18345962464809418,,8.558,16053.9,13000.107
1420,0.18429108709096909,0.3296167477965355,8.686,16053.9,13008.793
1421,0.18660087287425994,,8.73,16053.9,13017.523
1422,0.18613657653331755,,8.185,16053.9,13025.708
1423,0.18432732969522475,,8.528,16053.9,13034.236
1424,0.18383581191301346,,8.62,16053.9,13042.856
1425,0.18322673290967942,0.3292095959186554,9.2,16053.9,13052.056
1426,0.18298547565937043,,9.202,16053.9,13061.258
1427,0.18267922699451447,,9.279,16053.9,13070.537
1428,0.18255354911088945,,8.864,16053.9,13079.401
1429,0.18252030089497567,,9.16,16053.9,13088.562
1430,0.18260301798582076,0.3282551169395447,9.147,16053.9,13097.708
1431,0.18262320905923843,,9.058,16053.9,13106.766
1432,0.1825393855571747,,9.026,16053.9,13115.792
1433,0.18250148743391037,,8.796,16053.9,13124.588
1434,0.18263981789350509,,9.098,16053.9,13133.686
1435,0.18324801176786423,0.32861193269491196,9.112,16053.9,13142.799
1436,0.18323745131492614,,10.805,16053.9,13153.604
1437,0.1830856204032898,,10.69,16053.9,13164.294
1438,0.1826672375202179,,10.371,16053.9,13174.664
1439,0.18255645483732225,,10.939,16053.9,13185.603
1440,0.18249969482421874,0.3277948349714279,10.454,16053.9,13196.057
1441,0.18255525529384614,,10.938,16053.9,13206.995
1442,0.18243371993303298,,10.708,16053.9,13217.703
1443,0.1825345978140831,,10.776,16053.9,13228.479
1444,0.18240375369787215,,10.736,16053.9,13239.215
1445,0.18276352882385255,0.3278125114738941,10.48,16053.9,13249.696
1446,0.1824898898601532,,10.67,16053.9,13260.365
1447,0.18234087973833085,,10.37,16053.9,13270.735
1448,0.18231578022241593,,10.616,16053.9,13281.351
1449,0.18228719234466553,,10.999,16053.9,13292.35
1450,0.18313406705856322,0.3283972106873989,10.513,16053.9,13302.862
1451,0.1831577092409134,,10.854,16053.9,13313.717
1452,0.18327680677175523,,10.894,16053.9,13324.611
1453,0.1839793011546135,,10.719,16053.9,13335.33
1454,0.18297776728868484,,11.142,16053.9,13346.472
1455,0.18259673416614533,0.32749975472688675,10.398,16053.9,13356.87
1456,0.1824645295739174,,11.645,16053.9,13368.516
1457,0.1823438435792923,,13.135,16053.9,13381.65
1458,0.1825675144791603,,13.831,16053.9,13395.481
1459,0.18238563984632492,,12.786,16053.9,13408.268
1460,0.1821126401424408,0.3273496590554714,11.839,16053.9,13420.106
1461,0.18215267211198807,,11.44,16053.9,13431.546
1462,0.1821929931640625,,10.616,16053.9,13442.162
1463,0.18218749463558198,,11.108,16053.9,13453.271
1464,0.18245229721069336,,11.467,16053.9,13464.738
1465,0.18264075517654418,0.3282588832080364,10.881,16053.9,13475.619
1466,0.18298676311969758,,11.251,16053.9,13486.87
1467,0.18376281410455703,,10.837,16053.9,13497.707
1468,0.18417787849903106,,10.934,16053.9,13508.641
1469,0.18390062004327773,,11.043,16053.9,13519.684
1470,0.18313381522893907,0.32781995087862015,11.161,16053.9,13530.845
1471,0.18241361826658248,,10.797,16053.9,13541.642
1472,0.18215603679418563,,11.343,16053.9,13552.985
1473,0.18218281120061874,,10.963,16053.9,13563.949
1474,0.18203280568122865,,11.088,16053.9,13575.036
1475,0.18199243098497392,0.3269864283502102,10.676,16053.9,13585.713
1476,0.1819013774394989,,11.156,16053.9,13596.868
1477,0.1818363532423973,,11.02,16053.9,13607.889
1478,0.18184864073991774,,11.222,16053.9,13619.111
1479,0.1818598210811615,,10.711,16053.9,13629.822
1480,0.18195964992046357,0.32699812948703766,11.336,16053.9,13641.158
1481,0.181843201816082,,11.157,16053.9,13652.315
1482,0.1817108228802681,,10.869,16053.9,13663.184
1483,0.1816890224814415,,11.002,16053.9,13674.186
1484,0.18181388303637505,,10.963,16053.9,13685.149
1485,0.18181606456637384,0.32680441439151764,11.354,16053.9,13696.503
1486,0.18201812207698823,,11.23,16053.9,13707.733
1487,0.1820501446723938,,10.889,16053.9,13718.621
1488,0.18208035826683044,,11.189,16053.9,13729.81
1489,0.18553341180086136,,11.112,16053.9,13740.922
1490,0.1857558310031891,0.3299914672970772,11.458,16053.9,13752.38
1491,0.18361571580171585,,11.462,16053.9,13763.842
1492,0.18269386887550354,,10.893,16053.9,13774.735
1493,0.18209246397018433,,10.958,16053.9,13785.693
1494,0.1818256586790085,,10.74,16053.9,13796.432
1495,0.1817132756114006,0.3266385644674301,10.478,16053.9,13806.91
1496,0.18161896616220474,,10.861,16053.9,13817.771
1497,0.18159321695566177,,11.383,16053.9,13829.154
1498,0.18165614902973176,,10.814,16053.9,13839.967
1499,0.1815410003066063,,10.786,16053.9,13850.753
1500,0.18151140958070755,0.3260408937931061,10.732,16053.9,13861.486
1501,0.18146751075983047,,11.378,16053.9,13872.864
1502,0.18146875500679016,,11.14,16053.9,13884.004
1503,0.18143917322158815,,11.151,16053.9,13895.155
1504,0.18133573234081268,,10.897,16053.9,13906.051
1505,0.18141089230775834,0.3261493034660816,11.224,16053.9,13917.275
1506,0.1815134733915329,,11.169,16053.9,13928.445
1507,0.18275226950645446,,11.02,16053.9,13939.464
1508,0.18235401064157486,,10.907,16053.9,13950.372
1509,0.18202790319919587,,11.16,16053.9,13961.532
1510,0.18172784745693207,0.32621922343969345,10.841,16053.9,13972.374
1511,0.18150311708450317,,11.223,16053.9,13983.596
1512,0.18159636557102204,,11.451,16053.9,13995.047
1513,0.18130429685115815,,11.173,16053.9,14006.22
1514,0.18136345446109772,,11.313,16053.9,14017.533
1515,0.1813444674015045,0.3256252408027649,10.668,16053.9,14028.2
1516,0.1812414899468422,,11.692,16053.9,14039.892
1517,0.1813150718808174,,10.923,16053.9,14050.815
1518,0.18186056315898896,,10.922,16053.9,14061.737
1519,0.1827574372291565,,11.23,16053.9,14072.967
1520,0.18286667317152022,0.3268902599811554,10.951,16053.9,14083.918
1521,0.1866588830947876,,11.416,16053.9,14095.334
1522,0.18508555591106415,,11.362,16053.9,14106.695
1523,0.18346130549907685,,11.081,16053.9,14117.776
1524,0.18220092356204987,,10.905,16053.9,14128.682
1525,0.1815224140882492,0.32599231600761414,11.206,16053.9,14139.888
1526,0.18124512135982512,,11.578,16053.9,14151.466
1527,0.18111815303564072,,11.623,16053.9,14163.089
1528,0.1811872661113739,,11.244,16053.9,14174.334
1529,0.1810378238558769,,11.277,16053.9,14185.611
1530,0.1811107411980629,0.3255428709089756,11.213,16053.9,14196.824
1531,0.18111153692007065,,11.155,16053.9,14207.979
1532,0.18111548870801925,,11.295,16053.9,14219.274
1533,0.1810486540198326,,10.931,16053.9,14230.206
1534,0.18101827055215836,,11.013,16053.9,14241.218
1535,0.18083688318729402,0.32513323426246643,10.787,16053.9,14252.005
1536,0.18127460926771163,,11.173,16053.9,14263.179
1537,0.18244906440377234,,10.889,16053.9,14274.068
1538,0.1816234439611435,,11.244,16053.9,14285.311
1539,0.1812616318464279,,11.034,16053.9,14296.345
1540,0.18123964220285416,0.3256930187344551,11.341,16053.9,14307.685
1541,0.18130986392498016,,10.881,16053.9,14318.566
1542,0.18131115585565566,,10.873,16053.9,14329.439
1543,0.18117017298936844,,10.936,16053.9,14340.375
1544,0.18104288578033448,,10.966,16053.9,14351.341
1545,0.18170710504055024,0.32722800225019455,10.939,16053.9,14362.28
1546,0.18170459270477296,,11.22,16053.9,14373.5
1547,0.1821790710091591,,10.059,16053.9,14383.559
1548,0.18131951987743378,,9.423,16053.9,14392.982
1549,0.18136437684297563,,9.562,16053.9,14402.544
1550,0.18125438094139099,0.32573341578245163,9.285,16053.9,14411.828
1551,0.18110606223344802,,8.685,16053.9,14420.513
1552,0.18123198598623275,,8.991,16053.9,14429.504
1553,0.18085137605667115,,9.505,16053.9,14439.009
1554,0.18087984025478362,,9.914,16053.9,14448.923
1555,0.1807371959090233,0.3249598294496536,8.511,16053.9,14457.434
1556,0.18083726465702057,,11.006,16053.9,14468.44
1557,0.180689999461174,,8.937,16053.9,14477.376
1558,0.18060387820005416,,9.009,16053.9,14486.385
1559,0.18061058670282365,,9.555,16053.9,14495.941
1560,0.18100130707025527,0.3247988522052765,9.338,16053.9,14505.279
1561,0.18136634975671767,,9.274,16053.9,14514.553
1562,0.1817118927836418,,9.517,16053.9,14524.07
1563,0.1821921393275261,,11.022,16053.9,14535.092
1564,0.18275900334119796,,10.152,16053.9,14545.245
1565,0.1820880264043808,0.32554712146520615,10.058,16053.9,14555.303
1566,0.1812549814581871,,10.126,16053.9,14565.428
1567,0.1809368222951889,,9.282,16053.9,14574.71
1568,0.18064879924058913,,9.225,16053.9,14583.935
1569,0.18064264059066773,,8.953,16053.9,14592.888
1570,0.18057770580053328,0.3244545981287956,10.642,16053.9,14603.53
1571,0.18052611351013184,,10.644,16053.9,14614.174
1572,0.1806254580616951,,10.034,16053.9,14624.207
1573,0.18070702999830246,,10.534,16053.9,14634.742
1574,0.1805262714624405,,10.697,16053.9,14645.438
1575,0.1805980309844017,0.3241662234067917,10.666,16053.9,14656.104
1576,0.1804048776626587,,10.143,16053.9,14666.247
1577,0.1805614560842514,,10.14,16053.9,14676.387
1578,0.18075016140937805,,8.985,16053.9,14685.372
1579,0.18062799125909806,,8.309,16053.9,14693.681
1580,0.18114535063505172,0.32705409824848175,8.552,16053.9,14702.234
1581,0.1807369515299797,,8.585,16053.9,14710.818
1582,0.18049079328775405,,8.867,16053.9,14719.685
1583,0.18025626987218857,,8.32,16053.9,14728.006
1584,0.18066028654575347,,8.485,16053.9,14736.491
1585,0.18065392822027207,0.32402772828936577,8.809,16053.9,14745.3
1586,0.18107951879501344,,9.019,16053.9,14754.319
1587,0.18098000288009644,,8.845,16053.9,14763.164
1588,0.18078650236129762,,10.023,16053.9,14773.186
1589,0.18069999665021896,,10.214,16053.9,14783.4
1590,0.18073661923408507,0.3238128051161766,10.142,16053.9,14793.543
1591,0.18034879863262177,,9.471,16053.9,14803.014
1592,0.18024246990680695,,9.973,16053.9,14812.986
1593,0.18022514432668685,,9.917,16053.9,14822.903
1594,0.1801678404211998,,10.299,16053.9,14833.203
1595,0.18019992262125015,0.3246483616530895,10.042,16053.9,14843.245
1596,0.1804264336824417,,10.162,16053.9,14853.407
1597,0.1803604856133461,,10.255,16053.9,14863.662
1598,0.1803278774023056,,10.224,16053.9,14873.886
1599,0.1807396948337555,,9.68,16053.9,14883.566
1600,0.180650594830513,0.32430193200707436,10.066,16053.9,14893.633
1601,0.18159332126379013,,10.272,16053.9,14903.905
1602,0.18376069217920304,,9.624,16053.9,14913.528
1603,0.18192450553178788,,10.497,16053.9,14924.025
1604,0.18096966072916984,,10.14,16053.9,14934.165
1605,0.18040971457958221,0.323744960129261,11.237,16053.9,14945.402
1606,0.1801292136311531,,11.853,16053.9,14957.256
1607,0.17999549061059952,,12.057,16053.9,14969.312
1608,0.1799958825111389,,10.304,16053.9,14979.616
1609,0.18002150505781173,,9.87,16053.9,14989.487
1610,0.17987234592437745,0.3232229948043823,9.816,16053.9,14999.302
1611,0.1798091486096382,,9.321,16053.9,15008.623
1612,0.17986468970775604,,9.594,16053.9,15018.217
1613,0.17995136976242065,,9.377,16053.9,15027.594
1614,0.18028348684310913,,9.464,16053.9,15037.058
1615,0.18018149435520173,0.3233416825532913,9.38,16053.9,15046.438
1616,0.18028859347105025,,9.588,16053.9,15056.026
1617,0.18044845908880233,,9.406,16053.9,15065.432
1618,0.1799718588590622,,9.225,16053.9,15074.656
1619,0.18079771250486373,,9.143,16053.9,15083.8
1620,0.18012700229883194,0.32309790700674057,9.439,16053.9,15093.238
1621,0.18014810532331466,,9.521,16053.9,15102.759
1622,0.18014027029275895,,9.371,16053.9,15112.13
1623,0.17993684411048888,,9.709,16053.9,15121.839
1624,0.18021668791770934,,9.362,16053.9,15131.201
1625,0.18034303709864616,0.3235182762145996,9.476,16053.9,15140.677
1626,0.18001171350479125,,9.319,16053.9,15149.996
1627,0.17990692108869552,,9.572,16053.9,15159.568
1628,0.17984832376241683,,9.267,16053.9,15168.835
1629,0.17962754368782044,,9.413,16053.9,15178.248
1630,0.1798351675271988,0.32289789617061615,9.458,16053.9,15187.706
1631,0.17976958006620408,,9.173,16053.9,15196.879
1632,0.17969202995300293,,9.666,16053.9,15206.544
1633,0.18033173084259033,,9.618,16053.9,15216.162
1634,0.18046401888132096,,9.806,16053.9,15225.969
1635,0.1802422061562538,0.3238706924021244,9.629,16053.9,15235.598
1636,0.18063591420650482,,9.466,16053.9,15245.064
1637,0.18011987954378128,,9.422,16053.9,15254.486
1638,0.17970894426107406,,9.509,16053.9,15263.995
1639,0.17984712570905687,,9.273,16053.9,15273.268
1640,0.17997272461652755,0.32289083302021027,9.51,16053.9,15282.777
1641,0.17988726794719695,,9.554,16053.9,15292.331
1642,0.1800559788942337,,9.789,16053.9,15302.12
1643,0.17968826591968537,,9.076,16053.9,15311.195
1644,0.17953582406044005,,9.559,16053.9,15320.755
1645,0.17950933873653413,0.3228210359811783,9.559,16053.9,15330.313
1646,0.179435071349144,,9.595,16053.9,15339.908
1647,0.17979041635990142,,9.499,16053.9,15349.407
1648,0.17956388592720032,,9.627,16053.9,15359.033
1649,0.17948167026042938,,9.294,16053.9,15368.327
1650,0.17950603514909744,0.3225434795022011,9.17,16053.9,15377.497
1651,0.17954767644405364,,9.083,16053.9,15386.58
1652,0.17940349280834197,,9.735,16053.9,15396.315
1653,0.17936926186084748,,9.632,16053.9,15405.947
1654,0.17937007397413254,,9.786,16053.9,15415.733
1655,0.1793665885925293,0.3224209435284138,9.825,16053.9,15425.557
1656,0.17936853170394898,,9.439,16053.9,15434.997
1657,0.17945039123296738,,9.548,16053.9,15444.545
1658,0.18047610074281692,,9.239,16053.9,15453.784
1659,0.18060182929039,,9.486,16053.9,15463.271
1660,0.18045330196619033,0.3233026973903179,8.602,16053.9,15471.873
1661,0.18055690973997116,,9.719,16053.9,15481.592
1662,0.18063725978136064,,8.751,16053.9,15490.342
1663,0.18015848398208617,,9.598,16053.9,15499.941
1664,0.17956178039312362,,8.395,16053.9,15508.336
1665,0.17965325862169265,0.32447173073887825,9.884,16053.9,15518.22
1666,0.18057392686605453,,9.096,16053.9,15527.316
1667,0.18220064789056778,,9.399,16053.9,15536.716
1668,0.1805051788687706,,9.435,16053.9,15546.151
1669,0.1804850310087204,,9.82,16053.9,15555.971
1670,0.18061579912900924,0.3229322135448456,10.112,16053.9,15566.082
1671,0.17993513941764833,,9.646,16053.9,15575.729
1672,0.179443621635437,,11.345,16053.9,15587.073
1673,0.1793483465909958,,9.699,16053.9,15596.773
1674,0.17922287732362746,,9.024,16053.9,15605.797
1675,0.17910875380039215,0.3221431151032448,9.783,16053.9,15615.581
1676,0.17922525256872177,,10.055,16053.9,15625.636
1677,0.17967202067375182,,9.408,16053.9,15635.044
1678,0.17965515106916427,,10.072,16053.9,15645.116
1679,0.1792651504278183,,9.883,16053.9,15654.999
1680,0.17906364053487778,0.32197367399930954,9.74,16053.9,15664.739
1681,0.1790951669216156,,9.799,16053.9,15674.538
1682,0.17901141047477723,,8.782,16053.9,15683.32
1683,0.17900960445404052,,8.656,16053.9,15691.976
1684,0.17922960072755814,,8.568,16053.9,15700.544
1685,0.17907605618238448,0.3217489682137966,8.494,16053.9,15709.038
1686,0.1792777433991432,,10.823,16053.9,15719.862
1687,0.179324372112751,,10.741,16053.9,15730.602
1688,0.1789542481303215,,10.876,16053.9,15741.478
1689,0.1790881261229515,,11.167,16053.9,15752.645
1690,0.17899615317583084,0.32137947529554367,10.573,16053.9,15763.218
1691,0.1789546862244606,,10.27,16053.9,15773.488
1692,0.17894807010889052,,12.61,16053.9,15786.098
1693,0.17894847691059113,,10.285,16053.9,15796.383
1694,0.17886774390935897,,10.555,16053.9,15806.938
1695,0.17911631762981414,0.32221317291259766,10.156,16053.9,15817.093
1696,0.1789824038743973,,8.916,16053.9,15826.01
1697,0.17892128229141235,,10.099,16053.9,15836.108
1698,0.17934128344058992,,11.253,16053.9,15847.361
1699,0.18000589907169343,,11.722,16053.9,15859.083
1700,0.17910580188035966,0.32187072932720184,11.096,16053.9,15870.179
1701,0.17917222082614898,,11.15,16053.9,15881.329
1702,0.179226316511631,,11.595,16053.9,15892.924
1703,0.1789672330021858,,11.241,16053.9,15904.165
1704,0.17873158901929856,,10.858,16053.9,15915.023
1705,0.17866948395967483,0.32103385776281357,9.138,16053.9,15924.161
1706,0.17866032421588898,,9.867,16053.9,15934.028
1707,0.17883216887712478,,11.357,16053.9,15945.385
1708,0.1790536165237427,,10.268,16053.9,15955.653
1709,0.1788443237543106,,10.134,16053.9,15965.787
1710,0.17881461828947068,0.3215476721525192,9.564,16053.9,15975.351
1711,0.1795467659831047,,10.218,16053.9,15985.569
1712,0.17961410731077193,,11.676,16053.9,15997.245
1713,0.18026768118143083,,11.04,16053.9,16008.285
1714,0.17951447814702987,,11.166,16053.9,16019.451
1715,0.1790909767150879,0.32131822407245636,12.413,16053.9,16031.863
1716,0.17893802672624587,,10.391,16053.9,16042.255
1717,0.17868152707815171,,9.937,16053.9,16052.191
1718,0.17870172560214997,,9.677,16053.9,16061.868
1719,0.1787044048309326,,10.732,16053.9,16072.6
1720,0.1788410261273384,0.3208465650677681,10.407,16053.9,16083.007
1721,0.17871074974536896,,9.963,16053.9,16092.97
1722,0.17912233471870423,,9.605,16053.9,16102.575
1723,0.17909383326768874,,10.287,16053.9,16112.862
1724,0.1789766937494278,,9.788,16053.9,16122.65
1725,0.17858483791351318,0.32081102207303047,10.079,16053.9,16132.729
1726,0.1786187320947647,,8.743,16053.9,16141.472
1727,0.17881169468164443,,8.998,16053.9,16150.47
1728,0.17915000319480895,,9.881,16053.9,16160.351
1729,0.1792475774884224,,10.323,16053.9,16170.675
1730,0.17929252982139587,0.3209901601076126,10.478,16053.9,16181.152
1731,0.17942875176668166,,10.224,16053.9,16191.376
1732,0.17921738922595978,,10.455,16053.9,16201.831
1733,0.17922876179218292,,8.89,16053.9,16210.721
1734,0.1786879301071167,,10.094,16053.9,16220.814
1735,0.17839246839284897,0.3206493631005287,10.68,16053.9,16231.494
1736,0.1783108279109001,,9.097,16053.9,16240.591
1737,0.17828250974416732,,9.375,16053.9,16249.966
1738,0.17834784388542174,,8.598,16053.9,16258.564
1739,0.1783590756356716,,8.508,16053.9,16267.072
1740,0.1786072298884392,0.32068752497434616,8.605,16053.9,16275.677
1741,0.17860610038042068,,8.942,16053.9,16284.619
1742,0.17841409146785736,,8.785,16053.9,16293.404
1743,0.17832681387662888,,10.375,16053.9,16303.779
1744,0.17836329862475395,,10.416,16053.9,16314.195
1745,0.17846945971250533,0.32040509209036827,10.831,16053.9,16325.025
1746,0.17852482050657273,,11.095,16053.9,16336.12
1747,0.1784896269440651,,10.489,16053.9,16346.609
1748,0.17839845567941665,,9.488,16053.9,16356.097
1749,0.178252936899662,,10.148,16053.9,16366.246
1750,0.1782161623239517,0.32067155465483665,10.996,16053.9,16377.242
1751,0.1783333659172058,,10.108,16053.9,16387.35
1752,0.17831536531448364,,10.826,16053.9,16398.176
1753,0.1784154251217842,,9.359,16053.9,16407.535
1754,0.17828936576843263,,8.731,16053.9,16416.266
1755,0.17837844043970108,0.3206302151083946,10.013,16053.9,16426.28
1756,0.1785863943397999,,10.352,16053.9,16436.631
1757,0.17833446115255355,,10.311,16053.9,16446.943
1758,0.17810761034488679,,8.607,16053.9,16455.55
1759,0.17818633168935777,,8.841,16053.9,16464.392
1760,0.17817504554986954,0.31981897726655006,8.619,16053.9,16473.01
1761,0.17853842824697494,,8.826,16053.9,16481.837
1762,0.1783466935157776,,8.751,16053.9,16490.588
1763,0.17828367352485658,,8.509,16053.9,16499.097
1764,0.17802311182022096,,8.296,16053.9,16507.393
1765,0.1782252535223961,0.32019396871328354,8.751,16053.9,16516.144
1766,0.1784244254231453,,7.912,16053.9,16524.056
1767,0.17835703492164612,,8.292,16053.9,16532.348
1768,0.1783699557185173,,8.946,16053.9,16541.294
1769,0.1783151999115944,,9.294,16053.9,16550.588
1770,0.17855927497148513,0.3201821446418762,9.461,16053.9,16560.049
1771,0.17832417339086531,,8.208,16053.9,16568.256
1772,0.17832410335540771,,8.06,16053.9,16576.317
1773,0.17797390669584273,,8.32,16053.9,16584.636
1774,0.17800199687480928,,8.278,16053.9,16592.915
1775,0.17806146740913392,0.31947407871484756,8.37,16053.9,16601.285
1776,0.1780927896499634,,8.198,16053.9,16609.483
1777,0.178081938624382,,8.089,16053.9,16617.572
1778,0.17847903072834015,,8.143,16053.9,16625.715
1779,0.17892056703567505,,7.969,16053.9,16633.684
1780,0.1794496774673462,0.32142674922943115,8.174,16053.9,16641.857
1781,0.17904016524553298,,7.949,16053.9,16649.806
1782,0.17845833748579026,,8.213,16053.9,16658.019
1783,0.17795491814613343,,7.993,16053.9,16666.012
1784,0.17789525240659715,,8.25,16053.9,16674.262
1785,0.17782430201768876,0.31958844512701035,8.377,16053.9,16682.639
1786,0.17785728946328164,,9.153,16053.9,16691.792
1787,0.17787406146526336,,9.709,16053.9,16701.501
1788,0.17771098166704177,,9.233,16053.9,16710.734
1789,0.17771148681640625,,9.077,16053.9,16719.811
1790,0.17776332199573516,0.3194461986422539,8.808,16053.9,16728.619
1791,0.17775277495384217,,9.387,16053.9,16738.006
1792,0.1777685783803463,,8.991,16053.9,16746.997
1793,0.17819347083568574,,9.28,16053.9,16756.277
1794,0.17826341688632966,,9.311,16053.9,16765.588
1795,0.17858029156923294,0.3195135295391083,9.318,16053.9,16774.905
1796,0.17780385315418243,,9.339,16053.9,16784.244
1797,0.17764496356248854,,9.053,16053.9,16793.296
1798,0.1777518942952156,,10.634,16053.9,16803.93
1799,0.17758535593748093,,10.972,16053.9,16814.902
1800,0.1776759222149849,0.3192901164293289,10.773,16053.9,16825.675
1801,0.1776412159204483,,10.996,16053.9,16836.671
1802,0.17783969938755034,,11.014,16053.9,16847.685
1803,0.17768836617469788,,10.99,16053.9,16858.674
1804,0.17770005017518997,,10.465,16053.9,16869.139
1805,0.17813999205827713,0.31921740993857384,11.109,16053.9,16880.248
1806,0.17785549610853196,,10.859,16053.9,16891.107
1807,0.17784239798784257,,10.473,16053.9,16901.58
1808,0.17818276062607766,,11.248,16053.9,16912.828
1809,0.17826819121837617,,10.576,16053.9,16923.404
1810,0.1778746083378792,0.3188590854406357,10.406,16053.9,16933.81
1811,0.1776051178574562,,10.901,16053.9,16944.711
1812,0.1775026574730873,,10.72,16053.9,16955.43
1813,0.17776862233877183,,10.548,16053.9,16965.979
1814,0.1781659707427025,,10.99,16053.9,16976.969
1815,0.17778827548027037,0.3192244917154312,10.586,16053.9,16987.555
1816,0.17755149751901628,,10.702,16053.9,16998.256
1817,0.17742988765239714,,10.72,16053.9,17008.977
1818,0.1774854212999344,,10.875,16053.9,17019.852
1819,0.17740649580955506,,11.109,16053.9,17030.961
1820,0.17767681181430817,0.31909920275211334,10.875,16053.9,17041.836
1821,0.17738150507211686,,10.627,16053.9,17052.463
1822,0.17775673419237137,,10.702,16053.9,17063.164
1823,0.1774492383003235,,11.108,16053.9,17074.273
1824,0.17758143693208694,,10.548,16053.9,17084.821
1825,0.1776084080338478,0.3189365714788437,11.242,16053.9,17096.063
1826,0.1775398150086403,,10.628,16053.9,17106.691
1827,0.1779085412621498,,10.906,16053.9,17117.597
1828,0.17800772488117217,,10.811,16053.9,17128.408
1829,0.1782584361732006,,10.86,16053.9,17139.268
1830,0.17787990123033523,0.31920334696769714,10.86,16053.9,17150.128
1831,0.17736678272485734,,10.586,16053.9,17160.714
1832,0.17732715159654616,,10.765,16053.9,17171.479
1833,0.17749279886484146,,10.936,16053.9,17182.415
1834,0.1772353857755661,,10.645,16053.9,17193.06
1835,0.17717599123716354,0.31831328570842743,10.941,16053.9,17204.0
1836,0.17731114253401756,,10.894,16053.9,17214.895
1837,0.17759237289428711,,10.763,16053.9,17225.658
1838,0.17735153883695604,,10.85,16053.9,17236.507
1839,0.1773506671190262,,11.026,16053.9,17247.533
1840,0.1773169979453087,0.3185741603374481,10.752,16053.9,17258.285
1841,0.17735195606946946,,10.724,16053.9,17269.009
1842,0.17778192162513734,,10.916,16053.9,17279.925
1843,0.17787704467773438,,10.9,16053.9,17290.825
1844,0.17827200442552565,,10.779,16053.9,17301.605
1845,0.1777885764837265,0.3186998777091503,11.053,16053.9,17312.658
1846,0.17744585126638412,,10.869,16053.9,17323.527
1847,0.1772749975323677,,11.213,16053.9,17334.74
1848,0.17728097289800643,,11.04,16053.9,17345.78
1849,0.17776086181402206,,11.271,16053.9,17357.051
1850,0.17731356024742126,0.3181251212954521,10.77,16053.9,17367.821
1851,0.17741464376449584,,10.703,16053.9,17378.523
1852,0.17722900360822677,,11.011,16053.9,17389.534
1853,0.1770755410194397,,10.677,16053.9,17400.211
1854,0.17711442857980728,,11.279,16053.9,17411.49
1855,0.17703753113746643,0.3179765120148659,10.788,16053.9,17422.278
1856,0.1770001955330372,,11.107,16053.9,17433.385
1857,0.17711296826601028,,10.711,16053.9,17444.097
1858,0.177168071269989,,10.644,16053.9,17454.741
1859,0.17732417434453965,,10.933,16053.9,17465.673
1860,0.17718896567821502,0.31868456676602364,10.697,16053.9,17476.371
1861,0.1775047406554222,,11.298,16053.9,17487.668
1862,0.1776813820004463,,10.744,16053.9,17498.413
1863,0.17735934853553773,,10.804,16053.9,17509.216
1864,0.17706449776887895,,11.102,16053.9,17520.318
1865,0.17688208371400832,0.3178189806640148,10.812,16053.9,17531.131
1866,0.17683635652065277,,10.835,16053.9,17541.965
1867,0.1770624354481697,,10.744,16053.9,17552.709
1868,0.17692970037460326,,11.236,16053.9,17563.945
1869,0.17688375413417817,,11.377,16053.9,17575.322
1870,0.17685654014348984,0.31775350868701935,10.444,16053.9,17585.766
1871,0.17689674347639084,,10.71,16053.9,17596.476
1872,0.1769468329846859,,10.883,16053.9,17607.359
1873,0.17692706882953643,,10.733,16053.9,17618.091
1874,0.17694186121225358,,10.784,16053.9,17628.876
1875,0.17775485217571257,0.31880370900034904,10.945,16053.9,17639.821
1876,0.17817216515541076,,10.723,16053.9,17650.544
1877,0.1784837417304516,,11.145,16053.9,17661.689
1878,0.17805493101477624,,11.027,16053.9,17672.716
1879,0.17753607481718064,,10.943,16053.9,17683.659
1880,0.177554152905941,0.3196928910911083,10.459,16053.9,17694.118
1881,0.18006167858839034,,10.556,16053.9,17704.674
1882,0.18037149161100388,,11.069,16053.9,17715.743
1883,0.17954414784908296,,11.111,16053.9,17726.853
1884,0.1789723128080368,,10.588,16053.9,17737.441
1885,0.1777955859899521,0.31918393075466156,11.014,16053.9,17748.456
1886,0.17728700786828994,,10.914,16053.9,17759.37
1887,0.1773298054933548,,10.835,16053.9,17770.205
1888,0.1772514760494232,,10.482,16053.9,17780.688
1889,0.17698170691728593,,10.865,16053.9,17791.553
1890,0.1769465371966362,0.3178038150072098,10.777,16053.9,17802.33
1891,0.1767802894115448,,10.336,16053.9,17812.666
1892,0.17662187218666076,,10.74,16053.9,17823.406
1893,0.17667826265096664,,10.96,16053.9,17834.367
1894,0.17657869011163713,,10.747,16053.9,17845.113
1895,0.1765777885913849,0.31744982302188873,10.872,16053.9,17855.986
1896,0.1765312820672989,,10.914,16053.9,17866.899
1897,0.1765382319688797,,10.975,16053.9,17877.874
1898,0.17663274109363555,,10.912,16053.9,17888.787
1899,0.17653235271573067,,10.727,16053.9,17899.513
1900,0.17668844908475875,0.31741606444120407,11.188,16053.9,17910.701
1901,0.1765706345438957,,10.488,16053.9,17921.19
1902,0.17686323523521424,,10.48,16053.9,17931.669
1903,0.17693391740322112,,10.715,16053.9,17942.384
1904,0.17696543410420418,,10.488,16053.9,17952.872
1905,0.17681715711951257,0.3173828646540642,10.691,16053.9,17963.564
1906,0.17693826034665108,,10.912,16053.9,17974.476
1907,0.17675255239009857,,11.105,16053.9,17985.581
1908,0.1765996038913727,,11.195,16053.9,17996.776
1909,0.17650560438632965,,10.927,16053.9,18007.703
1910,0.17643262296915055,0.31706200167536736,10.83,16053.9,18018.533
1911,0.17655344754457475,,10.955,16053.9,18029.488
1912,0.1764901638031006,,10.756,16053.9,18040.245
1913,0.17637208104133606,,10.836,16053.9,18051.081
1914,0.17635276466608046,,10.78,16053.9,18061.86
1915,0.1763170138001442,0.3169199414551258,11.026,16053.9,18072.886
1916,0.17636387348175048,,10.988,16053.9,18083.874
1917,0.1763925775885582,,10.784,16053.9,18094.658
1918,0.17635050565004348,,10.914,16053.9,18105.571
1919,0.17637609988451003,,10.931,16053.9,18116.502
1920,0.17638082355260848,0.3170071467757225,11.016,16053.9,18127.518
1921,0.1764875516295433,,11.159,16053.9,18138.677
1922,0.17672241032123565,,10.794,16053.9,18149.472
1923,0.17683556228876113,,10.247,16053.9,18159.719
1924,0.17681165486574174,,11.007,16053.9,18170.725
1925,0.1765954464673996,0.31698668748140335,10.66,16053.9,18181.385
1926,0.17633986324071885,,10.966,16053.9,18192.351
1927,0.17632485777139664,,10.699,16053.9,18203.05
1928,0.17642195224761964,,10.55,16053.9,18213.599
1929,0.17639305517077447,,10.63,16053.9,18224.23
1930,0.17655307650566102,0.3176448121666908,10.707,16053.9,18234.937
1931,0.17691245675086975,,11.06,16053.9,18245.997
1932,0.17634459137916564,,10.265,16053.9,18256.262
1933,0.176519176363945,,10.529,16053.9,18266.791
1934,0.17706839591264725,,10.8,16053.9,18277.59
1935,0.18114808350801467,0.3192606344819069,11.056,16053.9,18288.646
1936,0.1798022985458374,,11.029,16053.9,18299.675
1937,0.17856093347072602,,10.835,16053.9,18310.51
1938,0.17754315584897995,,10.79,16053.9,18321.3
1939,0.17682675868272782,,10.915,16053.9,18332.215
1940,0.17652109265327454,0.3174430914223194,10.519,16053.9,18342.734
1941,0.17635321617126465,,10.988,16053.9,18353.722
1942,0.17620526105165482,,10.597,16053.9,18364.318
1943,0.17613080590963365,,10.558,16053.9,18374.877
1944,0.1761368654668331,,10.303,16053.9,18385.179
1945,0.17610055953264236,0.31663694605231285,10.935,16053.9,18396.115
1946,0.17601287588477135,,10.849,16053.9,18406.964
1947,0.17611483633518218,,10.476,16053.9,18417.44
1948,0.17636158242821692,,10.585,16053.9,18428.025
1949,0.17630305662751197,,10.362,16053.9,18438.387
1950,0.17605402171611786,0.31647392362356186,10.962,16053.9,18449.35
1951,0.17603266537189483,,10.66,16053.9,18460.009
1952,0.17623948603868483,,10.81,16053.9,18470.82
1953,0.17622988373041154,,11.08,16053.9,18481.899
1954,0.17606113702058793,,10.827,16053.9,18492.726
1955,0.17611278891563414,0.3167686238884926,10.977,16053.9,18503.703
1956,0.17662641406059265,,10.516,16053.9,18514.219
1957,0.17611009925603865,,9.247,16053.9,18523.465
1958,0.17596617043018342,,8.747,16053.9,18532.212
1959,0.17596371173858644,,9.535,16053.9,18541.747
1960,0.17599866092205046,0.316298246383667,9.045,16053.9,18550.792
1961,0.17601672559976578,,8.631,16053.9,18559.423
1962,0.17596558034420012,,9.006,16053.9,18568.429
1963,0.17616430819034576,,11.332,16053.9,18579.762
1964,0.1768340140581131,,10.013,16053.9,18589.774
1965,0.17647319734096528,0.31639399752020836,9.149,16053.9,18598.924
1966,0.17620232701301575,,11.299,16053.9,18610.223
1967,0.17600254118442535,,10.174,16053.9,18620.397
1968,0.17587094604969025,,9.702,16053.9,18630.099
1969,0.17591566145420073,,10.104,16053.9,18640.203
1970,0.17593744546175002,0.3162625581026077,10.524,16053.9,18650.727
1971,0.17596365958452226,,10.067,16053.9,18660.793
1972,0.1760635867714882,,9.788,16053.9,18670.581
1973,0.17709470242261888,,10.893,16053.9,18681.474
1974,0.18031823188066481,,10.257,16053.9,18691.731
1975,0.17827884703874589,0.31735803186893463,10.646,16053.9,18702.377
1976,0.17668885737657547,,10.76,16053.9,18713.137
1977,0.17614222466945648,,9.791,16053.9,18722.928
1978,0.17588156908750535,,8.94,16053.9,18731.868
1979,0.17599306404590606,,9.144,16053.9,18741.012
1980,0.17598565965890883,0.31621552258729935,9.559,16053.9,18750.571
1981,0.17590632736682893,,9.993,16053.9,18760.564
1982,0.17579108402132987,,9.822,16053.9,18770.386
1983,0.1757747694849968,,9.904,16053.9,18780.291
1984,0.1757563218474388,,10.261,16053.9,18790.552
1985,0.17571532875299453,0.3158300817012787,10.367,16053.9,18800.918
1986,0.17573636025190353,,10.359,16053.9,18811.278
1987,0.175676529109478,,10.121,16053.9,18821.398
1988,0.17566042989492417,,9.912,16053.9,18831.311
1989,0.1755935177206993,,10.082,16053.9,18841.392
1990,0.17561369985342026,0.3156164065003395,8.644,16053.9,18850.036
1991,0.1757336750626564,,9.169,16053.9,18859.205
1992,0.17561090141534805,,9.04,16053.9,18868.245
1993,0.1758416548371315,,9.225,16053.9,18877.471
1994,0.17577072978019714,,9.068,16053.9,18886.539
1995,0.1757599428296089,0.31638504564762115,9.086,16053.9,18895.625
1996,0.17589273303747177,,9.978,16053.9,18905.602
