step,train_loss,val_loss
1.0,1.2017591685056686,1.905551505088806
2.0,1.0077812179923058,
3.0,0.95930006057024,
4.0,0.937723970413208,
5.0,0.9000053495168686,1.6653603315353394
6.0,0.8717158228158951,
7.0,0.9065195694565773,
8.0,0.881661382317543,
9.0,0.8397658228874206,
10.0,0.8396422103047371,1.5165089249610901
11.0,0.8256846860051155,
12.0,0.8161200881004333,
13.0,0.8092293038964271,
14.0,0.7883193925023079,
15.0,0.787133751809597,1.486873412132263
16.0,0.7846001401543617,
17.0,0.7771947212517262,
18.0,0.7801550656557084,
19.0,0.7684617131948471,
20.0,0.7594797372817993,1.460418450832367
21.0,0.7662426717579365,
22.0,0.7580941386520863,
23.0,0.7532655343413353,
24.0,0.7570484779775143,
25.0,0.7644515462219715,1.4751485109329223
26.0,0.7486617021262646,
27.0,0.7409427210688591,
28.0,0.7536900237202644,
29.0,0.7461389884352684,
30.0,0.7399033069610595,1.457423949241638
31.0,0.7401942431926727,
32.0,0.7434380896389484,
33.0,0.7393531993031501,
34.0,0.7422953307628631,
35.0,0.7445511251688004,1.437031054496765
36.0,0.7386524498462677,
37.0,0.7359011545777321,
38.0,0.7326720386743546,
39.0,0.7355567172169686,
40.0,0.7368895322084427,1.4565759658813477
41.0,0.7301465235650539,
42.0,0.7454265117645263,
43.0,0.7284039556980133,
44.0,0.7265656657516957,
45.0,0.7210682056844234,1.456474781036377
46.0,0.7107975587248803,
47.0,0.7123284384608268,
48.0,0.7009543761610985,
49.0,0.6916611447930336,
50.0,0.6841055460274219,1.3885611653327943
51.0,0.68328278362751,
52.0,0.6742545932531356,
53.0,0.6720668002963066,
54.0,0.6690920129418373,
55.0,0.6627831242978572,1.3487173318862915
56.0,0.6652883559465408,
57.0,0.6625275067985058,
58.0,0.6585636507719755,
59.0,0.6539741434156895,
60.0,0.6482575207948684,1.3462198615074157
61.0,0.6398376643657684,
62.0,0.6315601415932178,
63.0,0.6342824384570122,
64.0,0.6359599865972996,
65.0,0.6356749258935451,1.3063504934310912
66.0,0.630173708498478,
67.0,0.6216236867010594,
68.0,0.6205180376768112,
69.0,0.6190395563840866,
70.0,0.6224646486341954,1.2788500785827637
71.0,0.6293009139597416,
72.0,0.6249722361564636,
73.0,0.6279011063277722,
74.0,0.6152616783976554,
75.0,0.6092423781752586,1.2798890829086305
76.0,0.6121839724481106,
77.0,0.6095379680395127,
78.0,0.6085064209997654,
79.0,0.6077672742307186,
80.0,0.6111990094184876,1.2559768080711364
81.0,0.6069271713495255,
82.0,0.605576778203249,
83.0,0.6061393216252327,
84.0,0.6025002837181092,
85.0,0.6032069832086563,1.2511669993400574
86.0,0.6012904092669487,
87.0,0.6024899430572986,
88.0,0.6001866050064564,
89.0,0.5977228492498398,
90.0,0.5982619144022465,1.2653175115585327
91.0,0.5988729685544968,
92.0,0.5969122111797333,
93.0,0.6001249074935913,
94.0,0.6003131501376628,
95.0,0.6008731335401535,1.242107105255127
96.0,0.6007762640714646,
97.0,0.5932861797511577,
98.0,0.5939137130975723,
99.0,0.5953400820493698,
100.0,0.596407587826252,1.2570599913597107
101.0,0.5935763277113437,
102.0,0.5892332628369331,
103.0,0.5901449471712112,
104.0,0.5913874037563801,
105.0,0.5948130205273628,1.2557886600494386
106.0,0.5899532988667489,
107.0,0.5930711477994919,
108.0,0.5933365523815155,
109.0,0.5855280794203281,
110.0,0.5921898789703846,1.2486294865608216
111.0,0.583885470032692,
112.0,0.5923582285642623,
113.0,0.59231770709157,
114.0,0.5846490480005742,
115.0,0.5904350288212299,1.242713725566864
116.0,0.5824761606752873,
117.0,0.5824885427951813,
118.0,0.5815115593373775,
119.0,0.5862538069486618,
120.0,0.5885100573301315,1.248089861869812
121.0,0.5800052627921104,
122.0,0.5809505604207515,
123.0,0.5814267173409462,
124.0,0.5869328446686268,
125.0,0.5819669686257839,1.250529682636261
126.0,0.5828266032040119,
127.0,0.5801763474941254,
128.0,0.5832687191665172,
129.0,0.5823488079011441,
130.0,0.5818925246596336,1.2545665979385376
131.0,0.5800555676221848,
132.0,0.5823908396065235,
133.0,0.5827006086707115,
134.0,0.5806312449276447,
135.0,0.5843177951872349,1.2421169996261596
136.0,0.589781130105257,
137.0,0.589079687744379,
138.0,0.5848398227244616,
139.0,0.5814527131617069,
140.0,0.5763155840337276,1.2443505883216859
141.0,0.575003857165575,
142.0,0.5819794289767742,
143.0,0.5821134462952614,
144.0,0.5780150763690471,
145.0,0.5798044510185718,1.2400362730026244
146.0,0.5763623476028442,
147.0,0.5830872192978859,
148.0,0.5819661237299443,
149.0,0.5786540806293488,
150.0,0.5740233547985554,1.2283586025238038
151.0,0.5743465811014176,
152.0,0.5760887078940868,
153.0,0.5728453442454338,
154.0,0.5737942382693291,
155.0,0.579415962845087,1.2178532600402832
156.0,0.5774758338928223,
157.0,0.5748346820473671,
158.0,0.5757650904357433,
159.0,0.572910713404417,
160.0,0.5800405696034432,1.2035943984985351
161.0,0.5782244890928269,
162.0,0.5737642548978329,
163.0,0.5732453763484955,
164.0,0.5764867477118969,
165.0,0.5692109614610672,1.2225974678993226
166.0,0.5768618062138557,
167.0,0.5785302825272083,
168.0,0.5772810749709606,
169.0,0.5736159764230251,
170.0,0.5744551673531533,1.2560513496398926
171.0,0.5716659516096115,
172.0,0.5702459089457989,
173.0,0.5748786486685276,
174.0,0.5732769697904587,
175.0,0.5750859156250954,1.2392840147018434
176.0,0.5712454117834568,
177.0,0.5753491528332233,
178.0,0.5735670268535614,
179.0,0.5755043447017669,
180.0,0.5702005520462989,1.2397059321403503
181.0,0.5739276222884655,
182.0,0.571139745414257,
183.0,0.5688359804451466,
184.0,0.5691751774400473,
185.0,0.5741485483944416,1.2314453363418578
186.0,0.5653504796326161,
187.0,0.5702261351048946,
188.0,0.5728869058191777,
189.0,0.5716582484543323,
190.0,0.5706444166600704,1.2484691381454467
191.0,0.5692698433995247,
192.0,0.5636819839477539,
193.0,0.5660112522542476,
194.0,0.5671581499278545,
195.0,0.5738627575337887,1.2431671142578125
196.0,0.5684513047337532,
197.0,0.5715357974171639,
198.0,0.5739627957344056,
199.0,0.5718432329595089,
200.0,0.5680563218891621,1.251216459274292
201.0,0.5682578079402447,
202.0,0.5701114051043987,
203.0,0.5715724885463714,
204.0,0.5702925503253937,
205.0,0.5763538390398025,1.2578104734420776
206.0,0.5698750093579292,
207.0,0.5703243970870971,
208.0,0.5742156513035297,
209.0,0.5687601551413536,
210.0,0.5673166289925575,1.2448105335235595
211.0,0.5739594332873821,
212.0,0.5598284400999546,
213.0,0.5626809984445572,
214.0,0.5712322570383549,
215.0,0.565179669111967,1.2295745611190796
216.0,0.5687721878290176,
217.0,0.565705094113946,
218.0,0.5660106927156449,
219.0,0.5646769162267447,
220.0,0.5729504570364952,1.2649836540222168
221.0,0.5734199687838555,
222.0,0.5649171862751245,
223.0,0.5699521973729134,
224.0,0.5668544217944145,
225.0,0.567143839597702,1.2354662418365479
226.0,0.5624203890562057,
227.0,0.5634325563907623,
228.0,0.5689561627805233,
229.0,0.5682963445782662,
230.0,0.565192798525095,1.249629557132721
231.0,0.5698556363582611,
232.0,0.5708824343979358,
233.0,0.5709465734660626,
234.0,0.5657454855740071,
235.0,0.5687739431858063,1.243734633922577
236.0,0.5658463016152382,
237.0,0.5676468819379806,
238.0,0.5662929475307464,
239.0,0.5627246659249068,
240.0,0.5682312950491906,1.2304831266403198
241.0,0.5624899625778198,
242.0,0.5679287724196911,
243.0,0.568869061768055,
244.0,0.5640114434063435,
245.0,0.5650928251445293,1.2422813892364502
246.0,0.5660044468939305,
247.0,0.562938155978918,
248.0,0.5649061396718025,
249.0,0.5613089442253113,
250.0,0.5643756680190564,1.2443674445152282
251.0,0.5666894845664501,
252.0,0.5664480164647102,
253.0,0.5719284109771252,
254.0,0.5659579314291477,
255.0,0.5691308133304119,1.253870391845703
256.0,0.566236937046051,
257.0,0.5693711802363396,
258.0,0.5678106211125851,
259.0,0.5666631475090981,
260.0,0.5642923012375831,1.2624074578285218
261.0,0.5633385315537452,
262.0,0.5625050894916057,
263.0,0.5644919387996197,
264.0,0.5695695713162422,
265.0,0.5663087673485279,1.2651720762252807
266.0,0.5593981869518757,
267.0,0.559666995704174,
268.0,0.5632541257888078,
269.0,0.567054419964552,
270.0,0.5659928657114506,1.2808139085769654
271.0,0.5675994552671909,
272.0,0.5686692886054516,
273.0,0.5638294011354447,
274.0,0.5623511865735054,
275.0,0.5593121141195297,1.2736375212669373
276.0,0.5655519187450408,
277.0,0.5660712800920009,
278.0,0.5712487779557704,
279.0,0.5655526906251908,
280.0,0.5657420419156551,1.2778676986694335
281.0,0.5622624985873699,
282.0,0.5613573685288429,
283.0,0.5641056358814239,
284.0,0.5641040779650212,
285.0,0.5653618067502976,1.2943737864494325
286.0,0.5629165872931481,
287.0,0.5715645276010036,
288.0,0.5613438576459885,
289.0,0.5660381257534027,
290.0,0.5607076488435269,1.2732167720794678
291.0,0.5634551510214806,
292.0,0.5605685316026211,
293.0,0.5600355934351683,
294.0,0.5620739191770554,
295.0,0.5622742861509323,1.2915140032768249
296.0,0.5624585472047329,
297.0,0.5640569530427456,
298.0,0.5619459919631481,
299.0,0.5624700702726841,
300.0,0.5642688818275928,1.2499673247337342
301.0,0.5595152415335178,
302.0,0.5634767208248377,
303.0,0.5581139992922545,
304.0,0.5641237825155259,
305.0,0.562214532494545,1.281074547767639
306.0,0.5631154283881188,
307.0,0.56153200045228,
308.0,0.5571594879031181,
309.0,0.5617580883204937,
310.0,0.5653083361685276,1.2827208638191223
311.0,0.5603313110768795,
312.0,0.5587726093828678,
313.0,0.5594153016805649,
314.0,0.5583038784563541,
315.0,0.5571987301111221,1.2876594185829162
316.0,0.5613165766000747,
317.0,0.55844062641263,
318.0,0.5604547012597323,
319.0,0.5571646191179752,
320.0,0.5630774110555649,1.280001974105835
321.0,0.5602324701845646,
322.0,0.5572856776416302,
323.0,0.5593995004892349,
324.0,0.5577621772885323,
325.0,0.5635920442640782,1.2894855737686157
326.0,0.5677367724478245,
327.0,0.5594194591045379,
328.0,0.5634860221296549,
329.0,0.5653887659311294,
330.0,0.5630916953086853,1.2989207744598388
331.0,0.5603434987366199,
332.0,0.5651510152965784,
333.0,0.5566019497811794,
334.0,0.5659706424921751,
335.0,0.5567681424319744,1.2837489366531372
336.0,0.5616367891430855,
337.0,0.5650640591979027,
338.0,0.5584538392722607,
339.0,0.556974870711565,
340.0,0.5604704365134239,1.27401043176651
341.0,0.5554090529680252,
342.0,0.561356071382761,
343.0,0.5626692645251751,
344.0,0.5596323423087597,
345.0,0.5561646793037653,1.2795872926712035
346.0,0.55783102363348,
347.0,0.5560178451240063,
348.0,0.5582566149532795,
349.0,0.5544450074434281,
350.0,0.5573682494461536,1.3090148568153381
351.0,0.558785454928875,
352.0,0.5581214502453804,
353.0,0.5535236116498709,
354.0,0.554173742979765,
355.0,0.5600714087486267,1.2909291744232179
356.0,0.5571607485413551,
357.0,0.5542866952717305,
358.0,0.5571412660181523,
359.0,0.5546749159693718,
360.0,0.557681106030941,1.283399271965027
361.0,0.5541870772838593,
362.0,0.5595349110662937,
363.0,0.5616980649530887,
364.0,0.5548649996519088,
365.0,0.5557306185364723,1.2733874559402465
366.0,0.5545370772480964,
367.0,0.5559368971735239,
368.0,0.5554790638387204,
369.0,0.5548810079693794,
370.0,0.5599470790475607,1.3129793763160706
371.0,0.5554385058581829,
372.0,0.5545097909867763,
373.0,0.5576639160513878,
374.0,0.5561865404248237,
375.0,0.5577926527708769,1.2838596940040587
376.0,0.5541472055017949,
377.0,0.5557844296097756,
378.0,0.5564123339951038,
379.0,0.5575913075357676,
380.0,0.5594807125627994,1.3022064566612244
381.0,0.5547689661383629,
382.0,0.5552823670208454,
383.0,0.561777687817812,
384.0,0.5599590964615345,
385.0,0.5548761364072561,1.2884746193885803
386.0,0.5597205303609372,
387.0,0.5549651220440864,
388.0,0.5533669210970402,
389.0,0.5513983555138111,
390.0,0.5569361418485641,1.2770905137062072
391.0,0.5540518134832382,
392.0,0.5577964365482331,
393.0,0.5580752439796924,
394.0,0.5540881089866161,
395.0,0.5548079594969749,1.284621489048004
396.0,0.5554250568151474,
397.0,0.5550722897052764,
398.0,0.5558726198971271,
399.0,0.5518438912928104,
400.0,0.5590088427066803,1.2823710441589355
401.0,0.5526611998677253,
402.0,0.5485361576080322,
403.0,0.5556242063641548,
404.0,0.5565561592578888,
405.0,0.5565661117434502,1.2981117248535157
406.0,0.5516492761671543,
407.0,0.554246112704277,
408.0,0.5559080302715301,
409.0,0.5578083701431751,
410.0,0.5581919074058532,1.2956490516662598
411.0,0.5571492835879326,
412.0,0.557497238367796,
413.0,0.5572466254234314,
414.0,0.5518531695008277,
415.0,0.5508482255041599,1.3004834175109863
416.0,0.55898751989007,
417.0,0.5582204662263394,
418.0,0.5498379312455655,
419.0,0.5540356680750846,
420.0,0.551036886125803,1.2979889869689942
421.0,0.5533605642616749,
422.0,0.5511379830539227,
423.0,0.5552020158618689,
424.0,0.5513380698859691,
425.0,0.552992957085371,1.302735161781311
426.0,0.5480572998523712,
427.0,0.5489594146609307,
428.0,0.5521655365824699,
429.0,0.5532318785786629,
430.0,0.5518922984600068,1.320134961605072
431.0,0.5562801845371723,
432.0,0.5528042770922184,
433.0,0.551624708622694,
434.0,0.5526138372719288,
435.0,0.5563388593494892,1.321506404876709
436.0,0.552071662247181,
437.0,0.5542138621211052,
438.0,0.5525614827871322,
439.0,0.5549970842897892,
440.0,0.5546599652618169,1.3291650056838988
441.0,0.555177004635334,
442.0,0.5571104660630226,
443.0,0.5531935043632984,
444.0,0.5544106870889663,
445.0,0.5469739682972431,1.3014248251914977
446.0,0.5485243313014507,
447.0,0.5510543026030064,
448.0,0.5543716229498387,
449.0,0.5506049565970897,
450.0,0.5539766892790794,1.312135899066925
451.0,0.5497607506811619,
452.0,0.5454097233712674,
453.0,0.5516803279519081,
454.0,0.5557011239230633,
455.0,0.5530339471995831,1.3174155235290528
456.0,0.5438207291066647,
457.0,0.5465731985867024,
458.0,0.5473303966224193,
459.0,0.5503637544810772,
460.0,0.5516005977988243,1.3199466347694397
461.0,0.5528780519962311,
462.0,0.5516883619129658,
463.0,0.5468868538737297,
464.0,0.5554266907274723,
465.0,0.556425255537033,1.349668312072754
466.0,0.5509271539747715,
467.0,0.5542401492595672,
468.0,0.5559592373669148,
469.0,0.558458573371172,
470.0,0.5552788395434618,1.3329624772071837
471.0,0.5467153795063495,
472.0,0.5451618604362011,
473.0,0.5500862814486027,
474.0,0.5519363485276699,
475.0,0.5501007430255413,1.3341497898101806
476.0,0.5514405958354474,
477.0,0.5464542798697949,
478.0,0.5493776641786099,
479.0,0.5494029238820076,
480.0,0.5492115080356598,1.3215413689613342
481.0,0.5488611713051796,
482.0,0.5506086550652981,
483.0,0.5452093698084355,
484.0,0.5523074127733707,
485.0,0.5423140622675419,1.3254237174987793
486.0,0.5467058405280113,
487.0,0.5479964643716813,
488.0,0.5486252665519714,
489.0,0.5488268718123436,
490.0,0.550757072120905,1.3270843386650086
491.0,0.5497230596840381,
492.0,0.5426847487688065,
493.0,0.5472202681005001,
494.0,0.5481839828193188,
495.0,0.5456992737948895,1.32301185131073
496.0,0.5528375931084156,
497.0,0.5494905687868595,
498.0,0.5461317881941795,
499.0,0.5456973925232887,
500.0,0.5477015011012554,1.3388626337051392
501.0,0.5469874873757362,
502.0,0.5531105026602745,
503.0,0.5442618735134601,
504.0,0.54600288271904,
505.0,0.548234398663044,1.3349912762641907
506.0,0.5469360195100308,
507.0,0.543968190997839,
508.0,0.5473543696105481,
509.0,0.5494315072894096,
510.0,0.5478885173797607,1.3378475308418274
511.0,0.5443436093628407,
512.0,0.5407097697257995,
513.0,0.5441332161426544,
514.0,0.5458007380366325,
515.0,0.5459170013666153,1.3255736470222472
516.0,0.5511287532746791,
517.0,0.5470878452062606,
518.0,0.546157744154334,
519.0,0.5460948944091797,
520.0,0.544167947769165,1.32908855676651
521.0,0.5421907804906368,
522.0,0.5467146754264831,
523.0,0.5431945368647575,
524.0,0.5439591720700264,
525.0,0.5387509517371655,1.3432764768600465
526.0,0.5430578693747521,
527.0,0.5415074400603771,
528.0,0.543356329202652,
529.0,0.5435087569057941,
530.0,0.5440381392836571,1.3312888979911803
531.0,0.5535214729607105,
532.0,0.5412512116134167,
533.0,0.5423195995390415,
534.0,0.5445688210427762,
535.0,0.542811518907547,1.3648141145706176
536.0,0.5417547076940536,
537.0,0.542044086009264,
538.0,0.5448441170156002,
539.0,0.5402862034738064,
540.0,0.5459873273968696,1.334199321269989
541.0,0.5474996373057366,
542.0,0.5427305139601231,
543.0,0.5420778565108776,
544.0,0.5428457424044609,
545.0,0.5402226030826569,1.3541541814804077
546.0,0.5441271744668483,
547.0,0.5381514608860016,
548.0,0.5429591208696365,
549.0,0.5424423106014729,
550.0,0.542945784330368,1.341025972366333
551.0,0.5383268695324659,
552.0,0.5428512655198574,
553.0,0.5442161709070206,
554.0,0.5465949036180973,
555.0,0.5383189529180527,1.3282673478126525
556.0,0.542807436734438,
557.0,0.5439039051532746,
558.0,0.5356583505868912,
559.0,0.5376577138900757,
560.0,0.5416805766522884,1.3330604553222656
561.0,0.5407090209424495,
562.0,0.5433139838278294,
563.0,0.5395759847015142,
564.0,0.5388840824365616,
565.0,0.5341889843344688,1.353304958343506
566.0,0.5370108664035798,
567.0,0.5422015301883221,
568.0,0.5375778332352639,
569.0,0.5480013832449913,
570.0,0.5393808774650097,1.3319457173347473
571.0,0.5367184214293956,
572.0,0.5383416004478931,
573.0,0.5432587906718254,
574.0,0.5408410854637623,
575.0,0.5354310229420662,1.3370480179786681
576.0,0.541993261128664,
577.0,0.5471445493400097,
578.0,0.5443133734166622,
579.0,0.5407024055719376,
580.0,0.5394108764827251,1.3569857358932496
581.0,0.5449585109949112,
582.0,0.5458855971693992,
583.0,0.5428327158093452,
584.0,0.5426690079271793,
585.0,0.5422221586108208,1.3378814458847046
586.0,0.5340847171843052,
587.0,0.5434211909770965,
588.0,0.5405500531196594,
589.0,0.5352481663227081,
590.0,0.5368067160248756,1.3503241777420043
591.0,0.5423304475843906,
592.0,0.5355831637978554,
593.0,0.5426782734692097,
594.0,0.5337070092558861,
595.0,0.5435260511934757,1.3239789009094238
596.0,0.5433149978518486,
597.0,0.5378481280058622,
598.0,0.5403067700564861,
599.0,0.5384066075086593,
600.0,0.5392134360969066,1.3635373950004577
601.0,0.5407849922776222,
602.0,0.5449074424803257,
603.0,0.5399520620703697,
604.0,0.5398509547114372,
605.0,0.5372119002044201,1.3254267930984498
606.0,0.5324087001383304,
607.0,0.5357085056602955,
608.0,0.5379177831113339,
609.0,0.5328767381608486,
610.0,0.5407184585928917,1.3387197136878968
611.0,0.5365921355783939,
612.0,0.5397028654813767,
613.0,0.5342317946255207,
614.0,0.531678844243288,
615.0,0.5371115863323211,1.3692400932312012
616.0,0.5353546243160963,
617.0,0.5446551196277142,
618.0,0.540326377749443,
619.0,0.5323347583413124,
620.0,0.5346612744033337,1.3713168621063232
621.0,0.5356465838849545,
622.0,0.5329861514270305,
623.0,0.5360991232097149,
624.0,0.538403083384037,
625.0,0.5400468498468399,1.3656545758247376
626.0,0.5377189196646214,
627.0,0.5270650267601014,
628.0,0.5363179408013821,
629.0,0.5383472070097923,
630.0,0.5331865064799786,1.3394439458847045
631.0,0.5269873298704624,
632.0,0.5394017159938812,
633.0,0.5350017361342907,
634.0,0.5392772123217583,
635.0,0.5361958034336567,1.3330588579177856
636.0,0.5357259146869182,
637.0,0.53641092851758,
638.0,0.5347136795520783,
639.0,0.5313782699406147,
640.0,0.5389882244169713,1.3631860136985778
641.0,0.5342887684702873,
642.0,0.5340275838971138,
643.0,0.5338909149169921,
644.0,0.5356232136487961,
645.0,0.5310962736606598,1.3504405856132506
646.0,0.5316591147333384,
647.0,0.5329590454697609,
648.0,0.5364860825240612,
649.0,0.5285899955779314,
650.0,0.5360378183424472,1.3453173637390137
651.0,0.5319992333650589,
652.0,0.5285235695540905,
653.0,0.5366152845323086,
654.0,0.5322057947516441,
655.0,0.5304289497435093,1.360612726211548
656.0,0.5274474553763866,
657.0,0.529908736795187,
658.0,0.5312156826257706,
659.0,0.5274148531258106,
660.0,0.536021375656128,1.3666478991508484
661.0,0.5272147465497256,
662.0,0.5314309857785702,
663.0,0.5244262844324112,
664.0,0.5284659564495087,
665.0,0.5251239143311978,1.3870012164115906
666.0,0.5270482532680034,
667.0,0.5299739830195904,
668.0,0.5298920392990112,
669.0,0.5266270339488983,
670.0,0.5294076412916183,1.3625194907188416
671.0,0.5241548463702201,
672.0,0.5213254228234291,
673.0,0.5231957994401455,
674.0,0.5253342851996422,
675.0,0.5315521225333214,1.3949233412742614
676.0,0.522163425385952,
677.0,0.5250943556427956,
678.0,0.5238277964293957,
679.0,0.5274731062352658,
680.0,0.5305188030004502,1.3818670153617858
681.0,0.5305819787085057,
682.0,0.5278784461319447,
683.0,0.5281313590705394,
684.0,0.5249352768063545,
685.0,0.5247808650135994,1.3830430388450623
686.0,0.5189332827925682,
687.0,0.5210624597966671,
688.0,0.5242847815155983,
689.0,0.5241167552769184,
690.0,0.5204233162105083,1.3648594260215758
691.0,0.5303036425262689,
692.0,0.5312705218791962,
693.0,0.5258859850466251,
694.0,0.5260653719305992,
695.0,0.5281526818871498,1.3747676491737366
696.0,0.5229160904884338,
697.0,0.5247445024549962,
698.0,0.5225146755576133,
699.0,0.5175432920455932,
700.0,0.520592151582241,1.385759961605072
701.0,0.5233288899064064,
702.0,0.5205727063119412,
703.0,0.5237058825790882,
704.0,0.5212031409144402,
705.0,0.5211184963583946,1.3557923197746278
706.0,0.5184681512415409,
707.0,0.5224515661597252,
708.0,0.521936158835888,
709.0,0.5121414996683598,
710.0,0.5141193572431803,1.3748626828193664
711.0,0.5144611656665802,
712.0,0.5130107440054417,
713.0,0.516943147778511,
714.0,0.5189193442463875,
715.0,0.5224049143493176,1.3698696732521056
716.0,0.5225204680114984,
717.0,0.5286757118999958,
718.0,0.522512012347579,
719.0,0.5195121824741363,
720.0,0.5204824343323707,1.3825007677078247
721.0,0.5181782297790051,
722.0,0.5157231830060482,
723.0,0.5175702765583992,
724.0,0.5189051829278469,
725.0,0.5218033775687217,1.3758548259735108
726.0,0.5148348778486251,
727.0,0.5119094960391521,
728.0,0.5184136435389519,
729.0,0.5146386370062828,
730.0,0.514307153224945,1.423005747795105
731.0,0.5103770740330219,
732.0,0.5188151203095913,
733.0,0.5181975334882736,
734.0,0.5175543822348118,
735.0,0.5158680841326714,1.4059491753578186
736.0,0.5182693175971508,
737.0,0.5131990440189839,
738.0,0.5152160510420799,
739.0,0.5134335331618786,
740.0,0.5129228472709656,1.4154181718826293
741.0,0.5187183894217015,
742.0,0.5061033800244331,
743.0,0.5065307423472405,
744.0,0.5132609628140926,
745.0,0.5148982591927052,1.3853233456611633
746.0,0.5155304986983538,
747.0,0.5119276393204928,
748.0,0.5123380310833454,
749.0,0.5119393967092037,
750.0,0.5100360028445721,1.4018288254737854
751.0,0.5055590823292733,
752.0,0.5132225982844829,
753.0,0.5108618013560772,
754.0,0.5120183497667312,
755.0,0.5141163825988769,1.390225887298584
756.0,0.5076544523239136,
757.0,0.5109432563185692,
758.0,0.5089026004076004,
759.0,0.508818955719471,
760.0,0.5077679246664047,1.402384388446808
761.0,0.5061103813350201,
762.0,0.5177149079740048,
763.0,0.5097237706184388,
764.0,0.5049538977444172,
765.0,0.5106878001242876,1.4122334837913513
766.0,0.5086639776825905,
767.0,0.5067130222916603,
768.0,0.5132706470787525,
769.0,0.5040843300521374,
770.0,0.5037940766662359,1.4374307990074158
771.0,0.5043363608419895,
772.0,0.5100721780210733,
773.0,0.5174874261021614,
774.0,0.509513758867979,
775.0,0.5120703987777233,1.3923248410224915
776.0,0.5035999447107316,
777.0,0.5108281809836626,
778.0,0.5123590283095837,
779.0,0.5104612745344639,
780.0,0.508473313599825,1.4030372619628906
781.0,0.5124575681984425,
782.0,0.5117822557687759,
783.0,0.5038504585623741,
784.0,0.5063624158501625,
785.0,0.5070947721600533,1.4314788103103637
786.0,0.5027603708207607,
787.0,0.5082308344542981,
788.0,0.5116285949945449,
789.0,0.5013544403016568,
790.0,0.4991166405379772,1.4209506511688232
791.0,0.5041902676224709,
792.0,0.5107847459614276,
793.0,0.5103764273226261,
794.0,0.5089152485132218,
795.0,0.5082679100334644,1.375339138507843
796.0,0.510513873398304,
797.0,0.5147191189229489,
798.0,0.5150392770767211,
799.0,0.507371661812067,
800.0,0.5052645862102508,1.3925792813301086
801.0,0.502738618850708,
802.0,0.505741010606289,
803.0,0.5043473206460476,
804.0,0.5047402568161488,
805.0,0.5076547060161829,1.3807732224464417
806.0,0.5029608368873596,
807.0,0.5103846982121467,
808.0,0.5074168127030134,
809.0,0.5124498210847378,
810.0,0.5072133347392083,1.408607304096222
811.0,0.5003035716712475,
812.0,0.49612301141023635,
813.0,0.5024959217756987,
814.0,0.49943328760564326,
815.0,0.505706463754177,1.4153581738471985
816.0,0.5014650642871856,
817.0,0.5026146456599235,
818.0,0.5063059411942958,
819.0,0.5047540161758661,
820.0,0.5007643833756447,1.4080881357192994
821.0,0.5000559613108635,
822.0,0.49745451360940934,
823.0,0.5006103552877903,
824.0,0.5010966755449772,
825.0,0.49972973540425303,1.4057324171066283
826.0,0.5044067800045013,
827.0,0.5021107167005538,
828.0,0.4989723913371563,
829.0,0.49822126552462576,
830.0,0.49425149001181123,1.4210593461990357
831.0,0.5004418000578881,
832.0,0.5033967338502408,
833.0,0.4957739144563675,
834.0,0.5007356785237789,
835.0,0.4978776998817921,1.4167440533638
836.0,0.5018146518617869,
837.0,0.5065983265638352,
838.0,0.49833994135260584,
839.0,0.501229215413332,
840.0,0.49850824773311614,1.4286983489990235
841.0,0.504075837880373,
842.0,0.49858490824699403,
843.0,0.4953264623880386,
844.0,0.4994416728615761,
845.0,0.4948887776583433,1.4192336559295655
846.0,0.4960128150880337,
847.0,0.5006949793547392,
848.0,0.4987888313829899,
849.0,0.4982580356299877,
850.0,0.5015471443533898,1.401886248588562
851.0,0.49771357625722884,
852.0,0.4923612877726555,
853.0,0.49654805958271026,
854.0,0.4928000684827566,
855.0,0.4969467006623745,1.411422348022461
856.0,0.48934251591563227,
857.0,0.49570824205875397,
858.0,0.5012043669819832,
859.0,0.49523921981453894,
860.0,0.5055232100188732,1.4399723291397095
861.0,0.49630729407072066,
862.0,0.49544857889413835,
863.0,0.4994283467531204,
864.0,0.4959548331797123,
865.0,0.4954102382063866,1.4182536840438842
866.0,0.4950887531042099,
867.0,0.495307831838727,
868.0,0.4941020257771015,
869.0,0.49568952098488805,
870.0,0.4908430851995945,1.4285171151161193
871.0,0.4901973340660334,
872.0,0.4906200960278511,
873.0,0.4944010600447655,
874.0,0.49825679659843447,
875.0,0.49615994542837144,1.4190563201904296
876.0,0.5044055324047804,
877.0,0.4980935148894787,
878.0,0.49113442897796633,
879.0,0.4929166980087757,
880.0,0.49901356250047685,1.4405827283859254
881.0,0.49218551963567736,
882.0,0.49309925064444543,
883.0,0.49446865580976007,
884.0,0.49053033739328383,
885.0,0.4911704495549202,1.4252737760543823
886.0,0.49201455265283583,
887.0,0.48331178948283193,
888.0,0.4889647580683231,
889.0,0.49049932733178137,
890.0,0.4891441635787487,1.437575340270996
891.0,0.49216111563146114,
892.0,0.4879192590713501,
893.0,0.4847729504108429,
894.0,0.4993305683135986,
895.0,0.4918139599263668,1.4143141031265258
896.0,0.49155536517500875,
897.0,0.4893982633948326,
898.0,0.48552699126303195,
899.0,0.49467946887016295,
900.0,0.4940900571644306,1.424852204322815
901.0,0.49713208228349687,
902.0,0.4954922266304493,
903.0,0.4928269531577826,
904.0,0.48403882682323457,
905.0,0.49234202429652213,1.4605462551116943
906.0,0.49160907343029975,
907.0,0.4874312557280064,
908.0,0.4915266022086143,
909.0,0.49192997217178347,
910.0,0.4961012855172157,1.4502926468849182
911.0,0.4853464841842651,
912.0,0.4849653199315071,
913.0,0.4891024835407734,
914.0,0.4901323840022087,
915.0,0.49044590853154657,1.4257055640220642
916.0,0.489390904456377,
917.0,0.4876061238348484,
918.0,0.4931592084467411,
919.0,0.5031811885535717,
920.0,0.4902051217854023,1.4374571323394776
921.0,0.48786591142416,
922.0,0.49959600791335107,
923.0,0.48565853759646416,
924.0,0.4926384903490543,
925.0,0.4911660015583038,1.4411068439483643
926.0,0.4915943771600723,
927.0,0.49226255491375925,
928.0,0.4823410637676716,
929.0,0.494739606231451,
930.0,0.48915615007281305,1.454934561252594
931.0,0.48805526420474055,
932.0,0.4895504884421825,
933.0,0.4870507963001728,
934.0,0.48781016394495963,
935.0,0.48638592958450316,1.4550200343132018
936.0,0.483498515188694,
937.0,0.4898363515734673,
938.0,0.4889694884419441,
939.0,0.4851704351603985,
940.0,0.4852994203567505,1.464105212688446
941.0,0.49203423857688905,
942.0,0.4829475738108158,
943.0,0.4852697554975748,
944.0,0.4895860206335783,
945.0,0.48713499642908575,1.4441198110580444
946.0,0.48497867956757545,
947.0,0.48870621547102927,
948.0,0.48737445622682574,
949.0,0.48446370512247083,
950.0,0.4833390526473522,1.429776382446289
951.0,0.48230697587132454,
952.0,0.48528794944286346,
953.0,0.48104739040136335,
954.0,0.48617036193609237,
955.0,0.4885763168334961,1.4687239527702332
956.0,0.49818391278386115,
957.0,0.48297658264636995,
958.0,0.4872173458337784,
959.0,0.48779803290963175,
960.0,0.48561699241399764,1.4234810948371888
961.0,0.48617445304989815,
962.0,0.48361718729138375,
963.0,0.48167325407266615,
964.0,0.4820110108703375,
965.0,0.4903494480997324,1.415755319595337
966.0,0.47806839756667613,
967.0,0.48220238238573077,
968.0,0.48191292509436606,
969.0,0.4849337603896856,
970.0,0.4860974296927452,1.4556321024894714
971.0,0.48304063454270363,
972.0,0.4827458240091801,
973.0,0.48138002306222916,
974.0,0.48272080942988393,
975.0,0.49342666268348695,1.40842604637146
976.0,0.4915577009320259,
977.0,0.48739211410284045,
978.0,0.4798869214951992,
979.0,0.48759098798036576,
980.0,0.47941675409674644,1.4698050260543822
981.0,0.48007392063736914,
982.0,0.4836009368300438,
983.0,0.48680421635508536,
984.0,0.4842331070452929,
985.0,0.4829129301011562,1.4381412863731384
986.0,0.48533840849995613,
987.0,0.4901216596364975,
988.0,0.4888568140566349,
989.0,0.481916306912899,
990.0,0.4769356124103069,1.444335436820984
991.0,0.48545412346720695,
992.0,0.4826309449970722,
993.0,0.4782005585730076,
994.0,0.47912434078752997,
995.0,0.48046414777636526,1.4668547630310058
996.0,0.4805791363120079,
997.0,0.48194524496793745,
998.0,0.48281089663505555,
999.0,0.4833168931305408,
1000.0,0.4819385141134262,1.4312260389328002
1001.0,0.4811410967260599,
1002.0,0.4796184547245502,
1003.0,0.47906915098428726,
1004.0,0.48028527945280075,
1005.0,0.48071651011705396,1.4953802824020386
1006.0,0.48073215372860434,
1007.0,0.47528900280594827,
1008.0,0.4876644305884838,
1009.0,0.48200137689709666,
1010.0,0.47918246015906335,1.4669683694839477
1011.0,0.47678147703409196,
1012.0,0.4780973494052887,
1013.0,0.4808086484670639,
1014.0,0.4754525400698185,
1015.0,0.4792852021753788,1.4441878199577332
1016.0,0.47556881681084634,
1017.0,0.47921516597270963,
1018.0,0.4820354200899601,
1019.0,0.47504629418253896,
1020.0,0.4737385414540768,1.4695922613143921
1021.0,0.4721447221934795,
1022.0,0.4756258584558964,
1023.0,0.4764946237206459,
1024.0,0.475899250805378,
1025.0,0.47799106389284135,1.4862425088882447
1026.0,0.47872587367892266,
1027.0,0.4730773001909256,
1028.0,0.47373957447707654,
1029.0,0.47894451841712,
1030.0,0.4760987743735313,1.4620747923851014
1031.0,0.4784017659723759,
1032.0,0.4866460166871548,
1033.0,0.47769364565610883,
1034.0,0.48059751093387604,
1035.0,0.4815211098641157,1.5008403420448304
1036.0,0.4805734045803547,
1037.0,0.4810340993106365,
1038.0,0.4762457638978958,
1039.0,0.4757209990173578,
1040.0,0.47543882876634597,1.471211326122284
1041.0,0.472606099024415,
1042.0,0.47502618879079817,
1043.0,0.47260565124452114,
1044.0,0.4812712471932173,
1045.0,0.47590179182589054,1.4803533792495727
1046.0,0.47684359550476074,
1047.0,0.475982104241848,
1048.0,0.47819657623767853,
1049.0,0.47753843292593956,
1050.0,0.476195926964283,1.4647380828857421
1051.0,0.4758276704698801,
1052.0,0.47748750671744344,
1053.0,0.47438661754131317,
1054.0,0.47520212903618814,
1055.0,0.48076325431466105,1.4463390111923218
1056.0,0.48539774492383003,
1057.0,0.4746850825846195,
1058.0,0.47292874455451966,
1059.0,0.479887480661273,
1060.0,0.47625225186347964,1.4968086004257202
1061.0,0.4688496045768261,
1062.0,0.466272184252739,
1063.0,0.4763145953416824,
1064.0,0.47733907401561737,
1065.0,0.47738147228956224,1.4585981011390685
1066.0,0.4723732449114323,
1067.0,0.4743636630475521,
1068.0,0.47536311484873295,
1069.0,0.4766018107533455,
1070.0,0.47932840064167975,1.4573243975639343
1071.0,0.4755288980901241,
1072.0,0.47885464429855346,
1073.0,0.476400101929903,
1074.0,0.47974475994706156,
1075.0,0.4752115711569786,1.453909194469452
1076.0,0.4798940345644951,
1077.0,0.47383345998823645,
1078.0,0.4834880832582712,
1079.0,0.47552415952086446,
1080.0,0.47904032170772554,1.4311551451683044
1081.0,0.47091418914496896,
1082.0,0.472327321767807,
1083.0,0.4690015010535717,
1084.0,0.4721804492175579,
1085.0,0.4785183072090149,1.4878403425216675
1086.0,0.47597795985639096,
1087.0,0.46973949745297433,
1088.0,0.4792119529098272,
1089.0,0.4716647997498512,
1090.0,0.4703684918582439,1.49269757270813
1091.0,0.4669808685779572,
1092.0,0.4755024597048759,
1093.0,0.46651311814785,
1094.0,0.4767675958573818,
1095.0,0.4725501872599125,1.4805294156074524
1096.0,0.47475331649184227,
1097.0,0.4763874538242817,
1098.0,0.4717984404414892,
1099.0,0.4741596505045891,
1100.0,0.4716418132185936,1.484460699558258
1101.0,0.47529119402170183,
1102.0,0.47135285586118697,
1103.0,0.47291684038937093,
1104.0,0.4720885131508112,
1105.0,0.46963465474545957,1.4941208839416504
1106.0,0.4704959601163864,
1107.0,0.48030423521995547,
1108.0,0.47166460156440737,
1109.0,0.47502316534519196,
1110.0,0.47237877175211906,1.4957741618156433
1111.0,0.4748919978737831,
1112.0,0.4743334412574768,
1113.0,0.4785771057009697,
1114.0,0.47173360697925093,
1115.0,0.4713866379112005,1.4811006903648376
1116.0,0.47358584627509115,
1117.0,0.4661820538341999,
1118.0,0.46935202106833457,
1119.0,0.47600082829594614,
1120.0,0.4701237868517637,1.4973950743675233
1121.0,0.4695074915885925,
1122.0,0.47206010930240155,
1123.0,0.46832244619727137,
1124.0,0.46498087495565416,
1125.0,0.4699850879609585,1.4943564653396606
1126.0,0.4702008180320263,
1127.0,0.4663520447909832,
1128.0,0.4719592973589897,
1129.0,0.4767776682972908,
1130.0,0.47709699273109435,1.4675430417060853
1131.0,0.47226157039403915,
1132.0,0.4720119945704937,
1133.0,0.4754114404320717,
1134.0,0.4688072495162487,
1135.0,0.46743977814912796,1.470793068408966
1136.0,0.46942942440509794,
1137.0,0.4645649578422308,
1138.0,0.4753285475075245,
1139.0,0.46719701811671255,
1140.0,0.4692294541746378,1.4810078024864197
1141.0,0.4703528739511967,
1142.0,0.459086761623621,
1143.0,0.47299719490110875,
1144.0,0.4650225304067135,
1145.0,0.4702495139092207,1.4745661258697509
1146.0,0.47094605267047884,
1147.0,0.46022739559412,
1148.0,0.4705905571579933,
1149.0,0.4653755158185959,
1150.0,0.4656155362725258,1.4933724284172059
1151.0,0.4654526025056839,
1152.0,0.4661819264292717,
1153.0,0.46693038269877435,
1154.0,0.4662825457751751,
1155.0,0.4686055451631546,1.4751382350921631
1156.0,0.47059021070599555,
1157.0,0.4740171879529953,
1158.0,0.4664101704955101,
1159.0,0.46884216740727425,
1160.0,0.46689883023500445,1.4745514512062072
1161.0,0.4726502627134323,
1162.0,0.47131519541144373,
1163.0,0.47013401985168457,
1164.0,0.4650061082094908,
1165.0,0.46393618658185004,1.5064337968826294
1166.0,0.46162974238395693,
1167.0,0.47248471826314925,
1168.0,0.46732778027653693,
1169.0,0.4664436273276806,
1170.0,0.4688613437116146,1.5000494360923766
1171.0,0.4647402934730053,
1172.0,0.4648346662521362,
1173.0,0.4611465834081173,
1174.0,0.45906057953834534,
1175.0,0.458344691246748,1.484794795513153
1176.0,0.4559687126427889,
1177.0,0.45985788106918335,
1178.0,0.465454526245594,
1179.0,0.46326040774583815,
1180.0,0.4720398962497711,1.4896979212760926
1181.0,0.4683096922934055,
1182.0,0.461992135643959,
1183.0,0.46577232107520106,
1184.0,0.46983648985624316,
1185.0,0.46515548042953014,1.4732153296470643
1186.0,0.4629365764558315,
1187.0,0.4636866141110659,
1188.0,0.46307258531451223,
1189.0,0.463444784283638,
1190.0,0.4679889380931854,1.5188234806060792
1191.0,0.4642717055976391,
1192.0,0.46530283614993095,
1193.0,0.463177265226841,
1194.0,0.4614357490092516,
1195.0,0.46309079602360725,1.4884007096290588
1196.0,0.4591793905943632,
1197.0,0.46529725939035416,
1198.0,0.4624253936111927,
1199.0,0.4624841548502445,
1200.0,0.458233942463994,1.5096100330352784
1201.0,0.4563336059451103,
1202.0,0.45951381623744963,
1203.0,0.4640067532658577,
1204.0,0.4654990367591381,
1205.0,0.4678754109889269,1.5022432804107666
1206.0,0.4661274582147598,
1207.0,0.4642315052449703,
1208.0,0.46781162545084953,
1209.0,0.46399499401450156,
1210.0,0.4630392204970121,1.4915357947349548
1211.0,0.46154780238866805,
1212.0,0.45912213400006296,
1213.0,0.45403142347931863,
1214.0,0.45878678783774374,
1215.0,0.4651764318346977,1.4723209977149962
1216.0,0.46787095479667185,
1217.0,0.47353849560022354,
1218.0,0.4725261263549328,
1219.0,0.46516979336738584,
1220.0,0.45918680503964426,1.5189318776130676
1221.0,0.46444945558905604,
1222.0,0.4670532740652561,
1223.0,0.4590141959488392,
1224.0,0.4565441686660051,
1225.0,0.45682893693447113,1.4680717945098878
1226.0,0.4642837464809418,
1227.0,0.46906430795788767,
1228.0,0.4681802600622177,
1229.0,0.4668945759534836,
1230.0,0.4633427068591118,1.484179425239563
1231.0,0.4607612624764442,
1232.0,0.4614275529980659,
1233.0,0.4579940225929022,
1234.0,0.46399945169687273,
1235.0,0.4571146372705698,1.505995798110962
1236.0,0.46207781359553335,
1237.0,0.45799627229571344,
1238.0,0.46596206203103063,
1239.0,0.47479403875768184,
1240.0,0.46512136682868005,1.5024495482444764
1241.0,0.45758907943964006,
1242.0,0.46694556847214697,
1243.0,0.45944159403443335,
1244.0,0.4591266207396984,
1245.0,0.45735353603959084,1.5270723819732666
1246.0,0.45733066983520987,
1247.0,0.4558964975178242,
1248.0,0.4622990071773529,
1249.0,0.46754317209124563,
1250.0,0.46386328972876073,1.4942681312561035
1251.0,0.4563323237001896,
1252.0,0.46008897460997106,
1253.0,0.46184197887778283,
1254.0,0.45225609466433525,
1255.0,0.45891294404864313,1.5281816482543946
1256.0,0.4563355579972267,
1257.0,0.45358385853469374,
1258.0,0.45452689900994303,
1259.0,0.4580046825110912,
1260.0,0.462981753051281,1.4927950859069825
1261.0,0.46038914658129215,
1262.0,0.45471823289990426,
1263.0,0.45133478567004204,
1264.0,0.4542191945016384,
1265.0,0.467726494371891,1.5190559029579163
1266.0,0.46013925299048425,
1267.0,0.4573662355542183,
1268.0,0.4646951422095299,
1269.0,0.4649781044572592,
1270.0,0.46652925610542295,1.4849246859550476
1271.0,0.460232138261199,
1272.0,0.4603699088096619,
1273.0,0.46518935412168505,
1274.0,0.458370977640152,
1275.0,0.45704499557614325,1.502716302871704
1276.0,0.4576822564005852,
1277.0,0.4512417383491993,
1278.0,0.45950231365859506,
1279.0,0.45737805403769016,
1280.0,0.45846542790532113,1.5085958600044251
1281.0,0.4529144331812859,
1282.0,0.4526153512299061,
1283.0,0.45820865482091905,
1284.0,0.4531071476638317,
1285.0,0.45419864989817144,1.517470932006836
1286.0,0.4569234434515238,
1287.0,0.45815076380968095,
1288.0,0.45844256952404977,
1289.0,0.4534994177520275,
1290.0,0.45219655334949493,1.4919100165367127
1291.0,0.4609942972660065,
1292.0,0.4509213823825121,
1293.0,0.45550847202539446,
1294.0,0.45387039966881276,
1295.0,0.45373358577489853,1.511846661567688
1296.0,0.45586918443441393,
1297.0,0.45027110502123835,
1298.0,0.4514720022678375,
1299.0,0.46222529783844946,
1300.0,0.45576699152588845,1.5029202818870544
1301.0,0.45458437502384186,
1302.0,0.4515195652842522,
1303.0,0.4534824825823307,
1304.0,0.45291899889707565,
1305.0,0.4585165329277515,1.5219481468200684
1306.0,0.4634872511029243,
1307.0,0.46728767156600953,
1308.0,0.46310686841607096,
1309.0,0.4529404122382402,
1310.0,0.45771387964487076,1.5132434844970704
1311.0,0.46398756131529806,
1312.0,0.4610107995569706,
1313.0,0.45553351044654844,
1314.0,0.4558640204370022,
1315.0,0.4524307370185852,1.5432419061660767
1316.0,0.44765236638486383,
1317.0,0.45628321953117845,
1318.0,0.45984551683068275,
1319.0,0.45067609176039697,
1320.0,0.4503737691789865,1.5291720747947692
1321.0,0.4604148298501968,
1322.0,0.4517998654395342,
1323.0,0.4562027625739574,
1324.0,0.452914859354496,
1325.0,0.4548189390450716,1.512380588054657
1326.0,0.4538703802973032,
1327.0,0.4591348446905613,
1328.0,0.4627298414707184,
1329.0,0.45629600137472154,
1330.0,0.45626430958509445,1.5182093381881714
1331.0,0.4543998882174492,
1332.0,0.4564861409366131,
1333.0,0.4635058883577585,
1334.0,0.4504369683563709,
1335.0,0.45121181160211565,1.5288758039474488
1336.0,0.45228065811097623,
1337.0,0.45659050792455674,
1338.0,0.45456793121993544,
1339.0,0.45504495203495027,
1340.0,0.4518958069384098,1.5110053420066833
1341.0,0.45526204630732536,
1342.0,0.4512817658483982,
1343.0,0.4494148686528206,
1344.0,0.4507951013743877,
1345.0,0.46128793656826017,1.4886460065841676
1346.0,0.46565708965063096,
1347.0,0.45644322521984576,
1348.0,0.4483701828867197,
1349.0,0.4481079027056694,
1350.0,0.45128988586366175,1.5388946413993836
1351.0,0.45188933685421945,
1352.0,0.45020033828914163,
1353.0,0.4514242708683014,
1354.0,0.4501750163733959,
1355.0,0.45429949685931204,1.526590633392334
1356.0,0.45120782405138016,
1357.0,0.45185168609023096,
1358.0,0.45176640897989273,
1359.0,0.4528566926717758,
1360.0,0.45127670615911486,1.541869568824768
1361.0,0.45618508085608483,
1362.0,0.4501723550260067,
1363.0,0.4551123049110174,
1364.0,0.4527366667985916,
1365.0,0.45180854573845863,1.53559912443161
1366.0,0.456181962788105,
1367.0,0.45248627215623854,
1368.0,0.451034402102232,
1369.0,0.45366137474775314,
1370.0,0.44697114527225495,1.5136348366737367
1371.0,0.44999264255166055,
1372.0,0.4496763348579407,
1373.0,0.45174863934516907,
1374.0,0.4478160388767719,
1375.0,0.44548465237021445,1.5472450852394104
1376.0,0.4550654161721468,
1377.0,0.45264033377170565,
1378.0,0.44955105036497117,
1379.0,0.4478938989341259,
1380.0,0.45040249824523926,1.5276517033576966
1381.0,0.45088833943009377,
1382.0,0.4471562519669533,
1383.0,0.450429043546319,
1384.0,0.44616914764046667,
1385.0,0.44500289261341097,1.5212978363037108
1386.0,0.4529333472251892,
1387.0,0.4466544412076473,
1388.0,0.45155643448233607,
1389.0,0.44820916950702666,
1390.0,0.44852873831987383,1.5442021250724793
1391.0,0.4529345065355301,
1392.0,0.45751622691750526,
1393.0,0.44999421015381813,
1394.0,0.44516684412956237,
1395.0,0.4519675113260746,1.5327783346176147
1396.0,0.45039766393601893,
1397.0,0.4512860491871834,
1398.0,0.4552679114043713,
1399.0,0.4502680882811546,
1400.0,0.4494598962366581,1.5339258313179016
1401.0,0.4510007597506046,
1402.0,0.45621750354766843,
1403.0,0.4483994584530592,
1404.0,0.4464480794966221,
1405.0,0.45348503068089485,1.5424516558647157
1406.0,0.4473672203719616,
1407.0,0.44949216693639754,
1408.0,0.44536906853318214,
1409.0,0.4538938611745834,
1410.0,0.44217188470065594,1.53020521402359
1411.0,0.4514304019510746,
1412.0,0.4558472752571106,
1413.0,0.4436089299619198,
1414.0,0.44957135170698165,
1415.0,0.45429849028587344,1.557608461380005
1416.0,0.4476424388587475,
1417.0,0.44763861671090127,
1418.0,0.4466570533812046,
1419.0,0.4487836569547653,
1420.0,0.4459428660571575,1.5498378038406373
1421.0,0.4534286238253117,
1422.0,0.4461390025913715,
1423.0,0.450709418207407,
1424.0,0.44323261827230453,
1425.0,0.45208150520920753,1.5356681227684021
1426.0,0.4467489130795002,
1427.0,0.44593889489769933,
1428.0,0.4500699877738953,
1429.0,0.4518003560602665,
1430.0,0.44984839484095573,1.5393992066383362
1431.0,0.44752211645245554,
1432.0,0.4464285485446453,
1433.0,0.45046614594757556,
1434.0,0.45014998912811277,
1435.0,0.45210554227232935,1.570431685447693
1436.0,0.44869010150432587,
1437.0,0.4474030859768391,
1438.0,0.4447076290845871,
1439.0,0.4494009278714657,
1440.0,0.4456653043627739,1.5474659204483032
1441.0,0.4418106883764267,
1442.0,0.44535603784024713,
1443.0,0.4417639434337616,
1444.0,0.4445363711565733,
1445.0,0.43789541348814964,1.5346675395965577
1446.0,0.4480403818190098,
1447.0,0.44323179572820665,
1448.0,0.44932117164134977,
1449.0,0.4542832374572754,
1450.0,0.4466611936688423,1.5231443762779235
1451.0,0.4473255850374699,
1452.0,0.4479509472846985,
1453.0,0.44281072691082957,
1454.0,0.44090656116604804,
1455.0,0.4456384561955929,1.5365473628044128
1456.0,0.44604242742061617,
1457.0,0.44991546794772147,
1458.0,0.44878665208816526,
1459.0,0.4484846439212561,
1460.0,0.4469615429639816,1.5491697788238525
1461.0,0.4424027934670448,
1462.0,0.45363603010773657,
1463.0,0.43914283253252506,
1464.0,0.4418639425188303,
1465.0,0.4425029084086418,1.5540263652801514
1466.0,0.44548105746507644,
1467.0,0.4446507405489683,
1468.0,0.44511906392872336,
1469.0,0.4479444444179535,
1470.0,0.4471195574849844,1.562542772293091
1471.0,0.4416200503706932,
1472.0,0.44097618758678436,
1473.0,0.43869277387857436,
1474.0,0.44145446792244913,
1475.0,0.4467863664031029,1.5125982284545898
1476.0,0.44887184649705886,
1477.0,0.4467232711613178,
1478.0,0.4471645139157772,
1479.0,0.449636272713542,
1480.0,0.4443808190524578,1.516196060180664
1481.0,0.4464115511626005,
1482.0,0.4461672715842724,
1483.0,0.4471700437366962,
1484.0,0.4405339084565639,
1485.0,0.44615709856152536,1.5569963335990906
1486.0,0.44192773327231405,
1487.0,0.4443587653338909,
1488.0,0.4459542527794838,
1489.0,0.44223215356469153,
1490.0,0.4417839996516705,1.5672210931777955
1491.0,0.44557814821600916,
1492.0,0.4381086301058531,
1493.0,0.4452801041305065,
1494.0,0.45050848051905634,
1495.0,0.4498229671269655,1.5331167936325074
1496.0,0.4435868885368109,
1497.0,0.4520244151353836,
1498.0,0.4489825159311295,
1499.0,0.4475643262267113,
1500.0,0.4456257797777653,1.5918068885803223
1501.0,0.44551191441714766,
1502.0,0.44519951567053795,
1503.0,0.4398651845753193,
1504.0,0.4425775982439518,
1505.0,0.4455731101334095,1.559402096271515
1506.0,0.43746035136282446,
1507.0,0.4385211877524853,
1508.0,0.442417050153017,
1509.0,0.44163154140114785,
1510.0,0.4407270021736622,1.5710511922836303
1511.0,0.44113853983581064,
1512.0,0.4431428574025631,
1513.0,0.4418889246881008,
1514.0,0.4409950327128172,
1515.0,0.44482105113565923,1.558101189136505
1516.0,0.44188138134777544,
1517.0,0.4354551389813423,
1518.0,0.4420750144869089,
1519.0,0.43613739758729936,
1520.0,0.4552216872572899,1.5692981958389283
1521.0,0.4405114807188511,
1522.0,0.4440007217228413,
1523.0,0.43745649680495263,
1524.0,0.44251117408275603,
1525.0,0.4417621210217476,1.5627299547195435
1526.0,0.44083256274461746,
1527.0,0.44419137611985204,
1528.0,0.4392025865614414,
1529.0,0.4391022678464651,
1530.0,0.4378067757934332,1.545895779132843
1531.0,0.4452352933585644,
1532.0,0.44751306623220444,
1533.0,0.4446744203567505,
1534.0,0.4530836123973131,
1535.0,0.4401585809886456,1.5832257986068725
1536.0,0.4565885879099369,
1537.0,0.4439410358667374,
1538.0,0.4497540783137083,
1539.0,0.43847630321979525,
1540.0,0.43944481909275057,1.5494523763656616
1541.0,0.43931464925408364,
1542.0,0.4358936198055744,
1543.0,0.4401164840906858,
1544.0,0.44237766936421397,
1545.0,0.4501586452126503,1.5657492756843567
1546.0,0.4387138731777668,
1547.0,0.44526071697473524,
1548.0,0.439515183493495,
1549.0,0.4386499486863613,
1550.0,0.4372693240642548,1.5302493810653686
1551.0,0.4425717819482088,
1552.0,0.43550551533699033,
1553.0,0.4365070819854736,
1554.0,0.43288908526301384,
1555.0,0.4407898776233196,1.5642274498939515
1556.0,0.44328260570764544,
1557.0,0.437232356518507,
1558.0,0.432395926117897,
1559.0,0.4405713401734829,
1560.0,0.44091190621256826,1.5716552972793578
1561.0,0.4376714646816254,
1562.0,0.4455853998661041,
1563.0,0.438136338442564,
1564.0,0.4370320409536362,
1565.0,0.4411879301071167,1.5928653836250306
1566.0,0.43776690885424613,
1567.0,0.4374387163668871,
1568.0,0.4371744588017464,
1569.0,0.43756396472454073,
1570.0,0.43510254099965096,1.5742911219596862
1571.0,0.43933986127376556,
1572.0,0.4380270607769489,
1573.0,0.43796017542481425,
1574.0,0.435374017059803,
1575.0,0.4381177067756653,1.5764816045761108
1576.0,0.4410804621875286,
1577.0,0.4343127697706223,
1578.0,0.4412440113723278,
1579.0,0.4391439490020275,
1580.0,0.44070274382829666,1.5753034591674804
1581.0,0.44652502052485943,
1582.0,0.44163874834775924,
1583.0,0.4384142078459263,
1584.0,0.4455612480640411,
1585.0,0.4318880453705788,1.5755146741867065
1586.0,0.43745205253362657,
1587.0,0.43720450028777125,
1588.0,0.43392306566238403,
1589.0,0.44081026017665864,
1590.0,0.43711148872971534,1.613918673992157
1591.0,0.4398678090423346,
1592.0,0.4441715724766254,
1593.0,0.4387612782418728,
1594.0,0.43964785858988764,
1595.0,0.4413688562810421,1.5713804841041565
1596.0,0.4358535710722208,
1597.0,0.43787742778658867,
1598.0,0.43239713869988916,
1599.0,0.4317416697740555,
1600.0,0.439429285004735,1.5708439469337463
1601.0,0.4367899648845196,
1602.0,0.4373594541102648,
1603.0,0.4388957567512989,
1604.0,0.43847436010837554,
1605.0,0.43766129687428473,1.567784070968628
1606.0,0.43973557837307453,
1607.0,0.4368573360145092,
1608.0,0.43266819380223753,
1609.0,0.43716484159231184,
1610.0,0.42966141253709794,1.5983774662017822
1611.0,0.4368144154548645,
1612.0,0.4391555465757847,
1613.0,0.43652203753590585,
1614.0,0.43020590469241143,
1615.0,0.43676627427339554,1.5844550490379334
1616.0,0.4402224339544773,
1617.0,0.4383497960865498,
1618.0,0.4366298034787178,
1619.0,0.43322179168462754,
1620.0,0.43395309187471864,1.5962657451629638
1621.0,0.43215846121311186,
1622.0,0.4334536984562874,
1623.0,0.43262586519122126,
1624.0,0.4373597737401724,
1625.0,0.43532613255083563,1.6132484316825866
1626.0,0.43054831624031065,
1627.0,0.434678815677762,
1628.0,0.43724238947033883,
1629.0,0.4314341388642788,
1630.0,0.4360272571444511,1.5942024111747741
1631.0,0.43484494723379613,
1632.0,0.43023117557168006,
1633.0,0.43763969615101816,
1634.0,0.43357993960380553,
1635.0,0.43093409538269045,1.600252091884613
1636.0,0.4309500802308321,
1637.0,0.43268959149718283,
1638.0,0.439496336877346,
1639.0,0.4347778525203466,
1640.0,0.43712216168642043,1.5618229508399963
1641.0,0.4338602162897587,
1642.0,0.44308414570987226,
1643.0,0.4361950308084488,
1644.0,0.4299572352319956,
1645.0,0.4294676847755909,1.6024565815925598
1646.0,0.43620771542191505,
1647.0,0.4329317074269056,
1648.0,0.4343265503644943,
1649.0,0.4411546878516674,
1650.0,0.43436518087983134,1.5940019607543945
1651.0,0.4309835392981768,
1652.0,0.43559721373021604,
1653.0,0.4341892220079899,
1654.0,0.4262258313596249,
1655.0,0.4416518535465002,1.5619128227233887
1656.0,0.43913807198405264,
1657.0,0.4440938144922256,
1658.0,0.4330155339092016,
1659.0,0.43464402928948404,
1660.0,0.4323882073163986,1.602813971042633
1661.0,0.4372574329376221,
1662.0,0.4315806686878204,
1663.0,0.43768259808421134,
1664.0,0.43044131621718407,
1665.0,0.4324155762791634,1.5675307631492614
1666.0,0.4349383026361465,
1667.0,0.4330752518028021,
1668.0,0.43418797478079796,
1669.0,0.43281591720879076,
1670.0,0.43970179557800293,1.5695382237434388
1671.0,0.4305461049079895,
1672.0,0.4379583433270454,
1673.0,0.43295165821909903,
1674.0,0.43331036567687986,
1675.0,0.43045264557003976,1.6096215963363647
1676.0,0.42697327509522437,
1677.0,0.43194785341620445,
1678.0,0.42727204598486423,
1679.0,0.42943903282284734,
1680.0,0.43022442124783994,1.5951725602149964
1681.0,0.44138977751135827,
1682.0,0.4379363052546978,
1683.0,0.43007499128580096,
1684.0,0.4313663952052593,
1685.0,0.42776381596922874,1.608921766281128
1686.0,0.4310771096497774,
1687.0,0.43033255748450755,
1688.0,0.4312072582542896,
1689.0,0.43384572491049767,
1690.0,0.43485487438738346,1.6139715433120727
1691.0,0.43444152399897573,
1692.0,0.43385805040597913,
1693.0,0.43228457048535346,
1694.0,0.43099490329623225,
1695.0,0.4311452440917492,1.6046521425247193
1696.0,0.4263657335191965,
1697.0,0.43040606565773487,
1698.0,0.4350970361381769,
1699.0,0.4330757975578308,
1700.0,0.4312153454869986,1.5992054224014283
1701.0,0.4296034496277571,
1702.0,0.43423440083861353,
1703.0,0.4287664592266083,
1704.0,0.4293711129575968,
1705.0,0.43185306899249554,1.597517192363739
1706.0,0.4353651098906994,
1707.0,0.4275065250694752,
1708.0,0.4314274340867996,
1709.0,0.43217853009700774,
1710.0,0.42844477444887163,1.619616162776947
1711.0,0.4349970854818821,
1712.0,0.4261804953217506,
1713.0,0.42775356844067575,
1714.0,0.42971414774656297,
1715.0,0.42895246893167494,1.6290464401245117
1716.0,0.4333080042153597,
1717.0,0.43159872405231,
1718.0,0.42914707213640213,
1719.0,0.4281102932989597,
1720.0,0.42840264551341534,1.6171724438667296
1721.0,0.4308912348002195,
1722.0,0.42873669415712357,
1723.0,0.4281247489154339,
1724.0,0.4260024562478065,
1725.0,0.43076168596744535,1.5786066055297852
1726.0,0.42947082221508026,
1727.0,0.42994013875722886,
1728.0,0.42882394716143607,
1729.0,0.4339748963713646,
1730.0,0.429046131297946,1.627007257938385
1731.0,0.4258973471820354,
1732.0,0.4260228224098682,
1733.0,0.4296180635690689,
1734.0,0.42758975736796856,
1735.0,0.4299502052366734,1.6196714758872985
1736.0,0.4274837911128998,
1737.0,0.42956075966358187,
1738.0,0.42618088349699973,
1739.0,0.4257957234978676,
1740.0,0.42630461379885676,1.6236708760261536
1741.0,0.43274961933493616,
1742.0,0.43266995474696157,
1743.0,0.4329639822244644,
1744.0,0.4349739011377096,
1745.0,0.4357391007244587,1.5692305445671082
1746.0,0.4385503675788641,
1747.0,0.43416728675365446,
1748.0,0.4399211920797825,
1749.0,0.43600381463766097,
1750.0,0.4362805549055338,1.5613006472587585
1751.0,0.42919197157025335,
1752.0,0.42756484299898145,
1753.0,0.4368508465588093,
1754.0,0.4334152989089489,
1755.0,0.4306707628071308,1.6048069834709167
1756.0,0.42857079207897186,
1757.0,0.42532851696014407,
1758.0,0.4266607701778412,
1759.0,0.4256917852908373,
1760.0,0.4252095393836498,1.5951290845870971
1761.0,0.4271326642483473,
1762.0,0.43225926384329794,
1763.0,0.4273532014340162,
1764.0,0.42414791956543924,
1765.0,0.42951520495116713,1.6001352429389955
1766.0,0.4305136654525995,
1767.0,0.427291601896286,
1768.0,0.4240951657295227,
1769.0,0.4284580271691084,
1770.0,0.43235758543014524,1.621456789970398
1771.0,0.4260409377515316,
1772.0,0.4236659690737724,
1773.0,0.429938156157732,
1774.0,0.42346731647849084,
1775.0,0.42771911397576334,1.5752663016319275
1776.0,0.4293732315301895,
1777.0,0.4288130819797516,
1778.0,0.42883046194911,
1779.0,0.429842309653759,
1780.0,0.42932544872164724,1.612652349472046
1781.0,0.42616649530828,
1782.0,0.42611792907118795,
1783.0,0.4312878720462322,
1784.0,0.42132105231285094,
1785.0,0.4276421915739775,1.6244014024734497
1786.0,0.42797454744577407,
1787.0,0.43602801859378815,
1788.0,0.42989492416381836,
1789.0,0.4280416153371334,
1790.0,0.4306819442659616,1.6197163224220277
1791.0,0.42620368152856825,
1792.0,0.4274218790233135,
1793.0,0.42497930116951466,
1794.0,0.4238678336143494,
1795.0,0.42675986625254153,1.6080973029136658
1796.0,0.4301448158919811,
1797.0,0.4270136121660471,
1798.0,0.4268650941550732,
1799.0,0.4261934764683247,
1800.0,0.42025373689830303,1.6270649075508117
1801.0,0.421384609490633,
1802.0,0.42352808117866514,
1803.0,0.42972113415598867,
1804.0,0.42649538405239584,
1805.0,0.42581637799739835,1.6367769956588745
1806.0,0.42463048063218595,
1807.0,0.4267621152102947,
1808.0,0.4281490221619606,
1809.0,0.4241655942052603,
1810.0,0.42552774362266066,1.611905813217163
1811.0,0.42720401883125303,
1812.0,0.4269649565219879,
1813.0,0.42422605603933333,
1814.0,0.4268943466246128,
1815.0,0.4306393638253212,1.6308801174163818
1816.0,0.4278598606586456,
1817.0,0.4272267799824476,
1818.0,0.42296481467783453,
1819.0,0.42091691866517067,
1820.0,0.4240284077823162,1.64667409658432
1821.0,0.41990317553281786,
1822.0,0.4262130677700043,
1823.0,0.42360377833247187,
1824.0,0.43016694858670235,
1825.0,0.42533367276191714,1.602902591228485
1826.0,0.42551012709736824,
1827.0,0.4242312714457512,
1828.0,0.42623673006892204,
1829.0,0.4231288626790047,
1830.0,0.4289447650313377,1.6035061120986938
1831.0,0.4263592563569546,
1832.0,0.427698090672493,
1833.0,0.4218304559588432,
1834.0,0.42386145070195197,
1835.0,0.4228710655122995,1.6166261434555054
1836.0,0.4246177986264229,
1837.0,0.4243035651743412,
1838.0,0.42557529620826245,
1839.0,0.4273426331579685,
1840.0,0.4263656232506037,1.6400266289710999
1841.0,0.42936341390013694,
1842.0,0.42471044063568114,
1843.0,0.41965245716273786,
1844.0,0.4261641878634691,
1845.0,0.4214952066540718,1.6362566709518434
1846.0,0.4308237336575985,
1847.0,0.428766392916441,
1848.0,0.4215291317552328,
1849.0,0.42585272565484045,
1850.0,0.42419045567512514,1.646784818172455
1851.0,0.4217789970338345,
1852.0,0.4277866780757904,
1853.0,0.42464246079325674,
1854.0,0.42375355809926984,
1855.0,0.4211993046104908,1.6327635407447816
1856.0,0.4224551640450954,
1857.0,0.4279458735138178,
1858.0,0.4221234627068043,
1859.0,0.417595711350441,
1860.0,0.425214422121644,1.6417412161827087
1861.0,0.4261946715414524,
1862.0,0.4298984482884407,
1863.0,0.4240444764494896,
1864.0,0.42157104834914205,
1865.0,0.4205962412059307,1.6321812391281127
1866.0,0.4185638092458248,
1867.0,0.4228304006159306,
1868.0,0.42055634707212447,
1869.0,0.4193098746240139,
1870.0,0.4190460924059153,1.6289129376411438
1871.0,0.4252320289611816,
1872.0,0.42509951665997503,
1873.0,0.42330947890877724,
1874.0,0.4256738223135471,
1875.0,0.42323657013475896,1.6255798578262328
1876.0,0.4239415619522333,
1877.0,0.4278489638119936,
1878.0,0.426601754128933,
1879.0,0.41983379125595094,
1880.0,0.4227257452905178,1.6276430010795593
1881.0,0.4218170128762722,
1882.0,0.4232853949069977,
1883.0,0.42144510596990586,
1884.0,0.4240321390330791,
1885.0,0.4199686169624329,1.6292374849319458
1886.0,0.42537389174103735,
1887.0,0.42667282447218896,
1888.0,0.42345987558364867,
1889.0,0.42735019102692606,
1890.0,0.4241334993392229,1.6378930449485778
1891.0,0.43021549209952353,
1892.0,0.4245239220559597,
1893.0,0.42909214049577715,
1894.0,0.42009243853390216,
1895.0,0.41688970252871516,1.632494831085205
1896.0,0.42056072242558,
1897.0,0.42105885595083237,
1898.0,0.42007282488048076,
1899.0,0.41876750364899634,
1900.0,0.4226282399147749,1.6188529968261718
1901.0,0.4260947987437248,
1902.0,0.4174836095422506,
1903.0,0.42321240454912185,
1904.0,0.4207961805164814,
1905.0,0.42187377959489825,1.6410126686096191
1906.0,0.42777678817510606,
1907.0,0.41887240409851073,
1908.0,0.4213434264063835,
1909.0,0.4196741655468941,
1910.0,0.4198236808180809,1.6428472399711609
1911.0,0.4190253932029009,
1912.0,0.4170710720121861,
1913.0,0.41674770712852477,
1914.0,0.42241615504026414,
1915.0,0.4187068447470665,1.6635539531707764
1916.0,0.4287412650883198,
1917.0,0.42242011055350304,
1918.0,0.42786132767796514,
1919.0,0.4246870204806328,
1920.0,0.4208626035600901,1.623175287246704
1921.0,0.42916793152689936,
1922.0,0.42780920341610906,
1923.0,0.42451728209853173,
1924.0,0.4254376348108053,
1925.0,0.42034541331231595,1.6386240363121032
1926.0,0.4162432327866554,
1927.0,0.41880453675985335,
1928.0,0.41894424632191657,
1929.0,0.4177181251347065,
1930.0,0.41907731369137763,1.649146318435669
1931.0,0.4173130013048649,
1932.0,0.4112237811088562,
1933.0,0.41966048926115035,
1934.0,0.41997859328985215,
1935.0,0.42534583136439325,1.6416839599609374
1936.0,0.42094973027706145,
1937.0,0.4199847288429737,
1938.0,0.4182748518884182,
1939.0,0.4193717770278454,
1940.0,0.4195846762508154,1.6352002620697021
1941.0,0.42132050842046737,
1942.0,0.4186677813529968,
1943.0,0.42263855040073395,
1944.0,0.425406164675951,
1945.0,0.41939067654311657,1.6459951519966125
1946.0,0.4291728787124157,
1947.0,0.4258825920522213,
1948.0,0.4239372618496418,
1949.0,0.42188421040773394,
1950.0,0.41665866523981093,1.634441876411438
1951.0,0.4147079650312662,
1952.0,0.4209180112928152,
1953.0,0.42051161006093024,
1954.0,0.4176457829773426,
1955.0,0.417402670532465,1.6412977933883668
1956.0,0.4199882596731186,
1957.0,0.42048992663621904,
1958.0,0.4234619293361902,
1959.0,0.4183511432260275,
1960.0,0.42162550017237665,1.6416666030883789
1961.0,0.4289251580834389,
1962.0,0.42318627536296843,
1963.0,0.41794576719403265,
1964.0,0.41741592101752756,
1965.0,0.41914902478456495,1.6332792520523072
1966.0,0.42464276403188705,
1967.0,0.4174966629594564,
1968.0,0.4173118107020855,
1969.0,0.4209159318357706,
1970.0,0.4162952329963446,1.66147780418396
1971.0,0.4170307140797377,
1972.0,0.4144624389708042,
1973.0,0.4206415619701147,
1974.0,0.4155067168176174,
1975.0,0.4150722622871399,1.6738087773323058
1976.0,0.4180282846093178,
1977.0,0.41907321065664294,
1978.0,0.4159048318862915,
1979.0,0.42763295471668245,
1980.0,0.42108617164194584,1.6423324823379517
1981.0,0.41666790172457696,
1982.0,0.4184078015387058,
1983.0,0.419820111989975,
1984.0,0.41741954535245895,
1985.0,0.41756138764321804,1.6496253728866577
1986.0,0.42071932218968866,
1987.0,0.41970913857221603,
1988.0,0.4187752705067396,
1989.0,0.4171781614422798,
1990.0,0.4147509478032589,1.6641167163848878
1991.0,0.4227382093667984,
1992.0,0.41873885989189147,
1993.0,0.4165723193436861,
1994.0,0.41508927680552005,
1995.0,0.4184179723262787,1.6581427097320556
1996.0,0.4208602711558342,
1997.0,0.4201828483492136,
1998.0,0.41949204839766024,
1999.0,0.417626291513443,
2000.0,0.41482539996504786,1.6379263162612916
2001.0,0.4219573922455311,
2002.0,0.4161338068544865,
2003.0,0.41464134491980076,
2004.0,0.4146765373647213,
2005.0,0.41733261458575727,1.6948798179626465
2006.0,0.4197938319295645,
2007.0,0.42239715680480006,
2008.0,0.41789578050374987,
2009.0,0.4167949501425028,
2010.0,0.42031965777277946,1.6749278545379638
2011.0,0.41958038732409475,
2012.0,0.41440898142755034,
2013.0,0.41777616888284685,
2014.0,0.41727597154676915,
2015.0,0.41378215327858925,1.6853716850280762
2016.0,0.41742048487067224,
2017.0,0.42047530934214594,
2018.0,0.41565878316760063,
2019.0,0.4135622665286064,
2020.0,0.41841052286326885,1.6784993648529052
2021.0,0.41468144953250885,
2022.0,0.4190916545689106,
2023.0,0.4172200333327055,
2024.0,0.4189737156033516,
2025.0,0.41462755054235456,1.6762029528617859
2026.0,0.4168872244656086,
2027.0,0.41791625656187537,
2028.0,0.4254789900034666,
2029.0,0.4202016156166792,
2030.0,0.4195027217268944,1.641173529624939
2031.0,0.4163132969290018,
2032.0,0.41793920025229453,
2033.0,0.41604664772748945,
2034.0,0.4139568623155355,
2035.0,0.41883517019450667,1.675418448448181
2036.0,0.41829402931034565,
2037.0,0.4150566026568413,
2038.0,0.4165932424366474,
2039.0,0.4152083911001682,
2040.0,0.41463938504457476,1.6843789219856262
2041.0,0.41774422898888586,
2042.0,0.4129322372376919,
2043.0,0.41722745560109614,
2044.0,0.4116996958851814,
2045.0,0.41395484320819376,1.6857133865356446
2046.0,0.41156485825777056,
2047.0,0.4155373714864254,
2048.0,0.4196250502020121,
2049.0,0.4143613878637552,
2050.0,0.41655096784234047,1.6729748010635377
2051.0,0.4130781475454569,
2052.0,0.41379763185977936,
2053.0,0.4214110471308231,
2054.0,0.4146960057318211,
2055.0,0.41849063858389857,1.6705474853515625
2056.0,0.4182312984019518,
2057.0,0.41639463528990744,
2058.0,0.42001684606075285,
2059.0,0.4168963186442852,
2060.0,0.41854762360453607,1.6667649388313293
2061.0,0.41424269527196883,
2062.0,0.41943284794688224,
2063.0,0.4119874253869057,
2064.0,0.41460380554199217,
2065.0,0.41119394898414613,1.6857087850570678
2066.0,0.4133791822940111,
2067.0,0.4127594344317913,
2068.0,0.4113599587231874,
2069.0,0.4123056773096323,
2070.0,0.4126549158245325,1.6970966100692748
2071.0,0.41523019298911096,
2072.0,0.41447598710656164,
2073.0,0.41728362664580343,
2074.0,0.413900849968195,
2075.0,0.4138590045273304,1.6554623126983643
2076.0,0.41999500542879104,
2077.0,0.41036582067608834,
2078.0,0.41243648938834665,
2079.0,0.41613378673791884,
2080.0,0.41407360434532164,1.673996901512146
2081.0,0.41101388186216353,
2082.0,0.41332869678735734,
2083.0,0.415789619833231,
2084.0,0.41318400353193285,
2085.0,0.4116563584655523,1.6743431329727172
2086.0,0.42085150703787805,
2087.0,0.41586090102791784,
2088.0,0.41482312567532065,
2089.0,0.41548611782491207,
2090.0,0.4104918323457241,1.678064489364624
2091.0,0.4137746050953865,
2092.0,0.42025362364947794,
2093.0,0.4147472448647022,
2094.0,0.41437574848532677,
2095.0,0.4174270085990429,1.6615171313285828
2096.0,0.41636052168905735,
2097.0,0.41410619728267195,
2098.0,0.41496944390237334,
2099.0,0.4103643801063299,
2100.0,0.41701092571020126,1.6666129589080811
2101.0,0.41247012466192245,
2102.0,0.4151707600802183,
2103.0,0.41170287132263184,
2104.0,0.41192158572375775,
2105.0,0.4144198589026928,1.7009511232376098
2106.0,0.4098722353577614,
2107.0,0.41651547476649287,
2108.0,0.4116362765431404,
2109.0,0.4132577195763588,
2110.0,0.41389928944408894,1.667020034790039
2111.0,0.41213085502386093,
2112.0,0.41359056904911995,
2113.0,0.41240205690264703,
2114.0,0.406204766780138,
2115.0,0.40908998921513556,1.6860867500305177
2116.0,0.4118154004216194,
2117.0,0.40880325362086295,
2118.0,0.41204892173409463,
2119.0,0.41036355383694173,
2120.0,0.4112120497971773,1.6898849725723266
2121.0,0.41568137519061565,
2122.0,0.40913589000701905,
2123.0,0.41253350153565405,
2124.0,0.41454433351755143,
2125.0,0.4094566825777292,1.6831650257110595
2126.0,0.40845759585499763,
2127.0,0.41343429051339625,
2128.0,0.40774973630905154,
2129.0,0.4071419693529606,
2130.0,0.4137061171233654,1.6732751846313476
2131.0,0.41248514614999293,
2132.0,0.416089391335845,
2133.0,0.411366668343544,
2134.0,0.4140749379992485,
2135.0,0.4118640188127756,1.6806811809539794
2136.0,0.41120565831661227,
2137.0,0.4141677677631378,
2138.0,0.41222940757870674,
2139.0,0.41118141189217566,
2140.0,0.4155395820736885,1.6799531936645509
2141.0,0.4142004869878292,
2142.0,0.4117385849356651,
2143.0,0.41082380563020704,
2144.0,0.41859041191637514,
2145.0,0.4108353104442358,1.6830888271331788
2146.0,0.41430130004882815,
2147.0,0.41130953319370744,
2148.0,0.4107286609709263,
2149.0,0.41007366180419924,
2150.0,0.40969366431236265,1.6903131008148193
2151.0,0.4116203740239143,
2152.0,0.4088280189782381,
2153.0,0.4118244145065546,
2154.0,0.41117876172065737,
2155.0,0.4121366798877716,1.6805291652679444
2156.0,0.4113349512219429,
2157.0,0.4128370724618435,
2158.0,0.4110008481889963,
2159.0,0.41126769259572027,
2160.0,0.40875803828239443,1.7140954971313476
2161.0,0.41612779200077055,
2162.0,0.42375484481453896,
2163.0,0.4147237345576286,
2164.0,0.4107224471867085,
2165.0,0.4073677729815245,1.6832378387451172
2166.0,0.41041216962039473,
2167.0,0.4088287428021431,
2168.0,0.4174775417894125,
2169.0,0.4134988632053137,
2170.0,0.41235053837299346,1.671950101852417
2171.0,0.41200302690267565,
2172.0,0.40946866758167744,
2173.0,0.410332153365016,
2174.0,0.40335312075912955,
2175.0,0.40667443387210367,1.6765521049499512
2176.0,0.4080064781010151,
2177.0,0.4095611460506916,
2178.0,0.410918253660202,
2179.0,0.4106437787413597,
2180.0,0.40629463270306587,1.6587801694869995
2181.0,0.4112153273075819,
2182.0,0.40563211739063265,
2183.0,0.4059275880455971,
2184.0,0.4119186520576477,
2185.0,0.4160136070102453,1.6897987842559814
2186.0,0.4128862462937832,
2187.0,0.40698628053069114,
2188.0,0.4105642780661583,
2189.0,0.409366125613451,
2190.0,0.4092946231365204,1.7089364290237428
2191.0,0.4113226652145386,
2192.0,0.4093200292438269,
2193.0,0.4122290164232254,
2194.0,0.4103238698095083,
2195.0,0.4084574744105339,1.6812504291534425
2196.0,0.40860628709197044,
2197.0,0.4113118536770344,
2198.0,0.41510964259505273,
2199.0,0.4086230728775263,
2200.0,0.41159238256514075,1.6771211862564086
2201.0,0.40736516676843165,
2202.0,0.410375864058733,
2203.0,0.40975467711687086,
2204.0,0.4123519375920296,
2205.0,0.4141652900725603,1.7057044744491576
2206.0,0.41117702461779115,
2207.0,0.40322085916996003,
2208.0,0.4088995471596718,
2209.0,0.40890522487461567,
2210.0,0.4077888589352369,1.6721737504005432
2211.0,0.4110255591571331,
2212.0,0.4077220171689987,
2213.0,0.40706589818000793,
2214.0,0.4098635587841272,
2215.0,0.40498233288526536,1.6841667890548706
2216.0,0.41204364523291587,
2217.0,0.41139461323618887,
2218.0,0.40435638427734377,
2219.0,0.4040622144937515,
2220.0,0.40964772589504717,1.6968462705612182
2221.0,0.4085016332566738,
2222.0,0.4079635590314865,
2223.0,0.40760721638798714,
2224.0,0.4067490413784981,
2225.0,0.4097349938005209,1.687953734397888
2226.0,0.41024344861507417,
2227.0,0.40607553757727144,
2228.0,0.4104145098477602,
2229.0,0.41202669963240623,
2230.0,0.4080690562725067,1.694390642642975
2231.0,0.41185571886599065,
2232.0,0.4116345465183258,
2233.0,0.40939918495714667,
2234.0,0.4028063088655472,
2235.0,0.40952728539705274,1.6944572687149049
2236.0,0.4097899693995714,
2237.0,0.4049947544932365,
2238.0,0.4135063782334328,
2239.0,0.403800892829895,
2240.0,0.4075038958340883,1.7019532442092895
2241.0,0.41087121069431304,
2242.0,0.40296587683260443,
2243.0,0.4128644347190857,
2244.0,0.4118726156651974,
2245.0,0.4173357650637627,1.7075491428375245
2246.0,0.4076583571732044,
2247.0,0.40345177948474886,
2248.0,0.4052922870963812,
2249.0,0.4068078577518463,
2250.0,0.41179088950157167,1.7101488828659057
2251.0,0.40800382308661937,
2252.0,0.41243482381105423,
2253.0,0.40798512399196624,
2254.0,0.4045188773423433,
2255.0,0.40944132283329965,1.7181957960128784
2256.0,0.41056418269872663,
2257.0,0.40960374772548674,
2258.0,0.4058136984705925,
2259.0,0.40742613896727564,
2260.0,0.40804397091269495,1.7111650466918946
2261.0,0.40912528671324255,
2262.0,0.40552392825484274,
2263.0,0.41143236719071863,
2264.0,0.41033580526709557,
2265.0,0.4039050705730915,1.7225026845932008
2266.0,0.40064758732914924,
2267.0,0.4076279141008854,
2268.0,0.4107945166528225,
2269.0,0.41236074157059194,
2270.0,0.4043468624353409,1.700107741355896
2271.0,0.40388651676476,
2272.0,0.4066981814801693,
2273.0,0.4035708576440811,
2274.0,0.40884232670068743,
2275.0,0.40671203322708604,1.7220159769058228
2276.0,0.4058545224368572,
2277.0,0.40679060071706774,
2278.0,0.4084349162876606,
2279.0,0.4054070860147476,
2280.0,0.40458915270864965,1.720251703262329
2281.0,0.4086151488125324,
2282.0,0.40559469275176524,
2283.0,0.4088224586099386,
2284.0,0.4098400346934795,
2285.0,0.40971058458089826,1.6937339544296264
2286.0,0.4093132555484772,
2287.0,0.4064844775944948,
2288.0,0.4099760003387928,
2289.0,0.4035866640508175,
2290.0,0.406633959710598,1.7087133169174193
2291.0,0.40602002032101153,
2292.0,0.41090935170650483,
2293.0,0.4057482220232487,
2294.0,0.4117119535803795,
2295.0,0.40742455422878265,1.6907291650772094
2296.0,0.40607994645833967,
2297.0,0.4085747852921486,
2298.0,0.4105605836957693,
2299.0,0.40813281536102297,
2300.0,0.4079802826046944,1.6993269681930543
2301.0,0.4039340794086456,
2302.0,0.4104043170809746,
2303.0,0.40806100368499754,
2304.0,0.40432766973972323,
2305.0,0.40698746852576734,1.7292370557785035
2306.0,0.4097894959151745,
2307.0,0.4062044322490692,
2308.0,0.403402054309845,
2309.0,0.4044669706374407,
2310.0,0.40231635682284833,1.7147969245910644
2311.0,0.40284014530479906,
2312.0,0.39926881194114683,
2313.0,0.4064322955906391,
2314.0,0.4058989893645048,
2315.0,0.4020799703896046,1.6800628423690795
2316.0,0.40344313234090806,
2317.0,0.40779014080762865,
2316.0,0.4057554055005312,
2317.0,0.40521815828979013,
2318.0,0.404472840949893,
2319.0,0.40437771677970885,
2320.0,0.4043173186480999,1.7281983375549317
2321.0,0.4020053245127201,
2322.0,0.4019066207110882,
2323.0,0.41031082458794116,
2324.0,0.4071155235171318,
2325.0,0.4098531760275364,1.6977574825286865
2326.0,0.4039018481969833,
2327.0,0.4077930498868227,
2328.0,0.40703622028231623,
2329.0,0.4070984847843647,
2330.0,0.4100146349519491,1.709134006500244
2331.0,0.4062680512666702,
2332.0,0.40392026528716085,
2333.0,0.40328223928809165,
2334.0,0.4035055208951235,
2335.0,0.4037788163870573,1.7288910150527954
2336.0,0.40406126603484155,
2337.0,0.40606151483953,
2338.0,0.4065553221851587,
2339.0,0.4069086194038391,
2340.0,0.4067120272666216,1.7454410552978517
2341.0,0.4068884842097759,
2342.0,0.4024896673858166,
2343.0,0.40474028661847117,
2344.0,0.4014452688395977,
2345.0,0.4032149095088243,1.729579782485962
2346.0,0.402143020182848,
2347.0,0.40672694742679594,
2348.0,0.3999823465943336,
2349.0,0.4069634683430195,
2350.0,0.40655127093195914,1.7354594945907593
2351.0,0.40440696850419044,
2352.0,0.4015591248869896,
2353.0,0.4026144027709961,
2354.0,0.41006578505039215,
2355.0,0.40849820114672186,1.7114060640335083
2356.0,0.40447297021746637,
2357.0,0.40887536481022835,
2358.0,0.4053202588111162,
2359.0,0.40478062592446806,
2360.0,0.4061935514211655,1.7391695976257324
2361.0,0.40487947426736354,
2362.0,0.4031007967889309,
2363.0,0.40049744583666325,
2364.0,0.3995098777115345,
2365.0,0.39529789313673974,1.7224857568740846
2366.0,0.400999391824007,
2367.0,0.3988929782062769,
2368.0,0.40001440681517125,
2369.0,0.4007332302629948,
2370.0,0.4038826163858175,1.737344455718994
2371.0,0.40281456261873244,
2372.0,0.41123084500432017,
2373.0,0.40265318378806114,
2374.0,0.40407224744558334,
2375.0,0.4058249983936548,1.742323398590088
2376.0,0.4015716802328825,
2377.0,0.40502356477081775,
2378.0,0.4032551620155573,
2379.0,0.4044692665338516,
2380.0,0.410137065500021,1.699752974510193
2381.0,0.4007615551352501,
2382.0,0.39975825175642965,
2383.0,0.40129905566573143,
2384.0,0.4059256475418806,
2385.0,0.4027110502123833,1.7439388990402223
2386.0,0.40550178065896036,
2387.0,0.40234011486172677,
2388.0,0.40691543407738207,
2389.0,0.40241032987833025,
2390.0,0.4016845341771841,1.7340533494949342
2391.0,0.39970663711428644,
2392.0,0.4037134535610676,
2393.0,0.402366004884243,
2394.0,0.4020580925047398,
2395.0,0.4027989536523819,1.741507387161255
2396.0,0.3999169208109379,
2397.0,0.40402410440146924,
2398.0,0.40415472760796545,
2399.0,0.40069353207945824,
2400.0,0.40594451129436493,1.7400880336761475
2401.0,0.4044695045799017,
2402.0,0.4046178862452507,
2403.0,0.4040491282939911,
2404.0,0.41235944665968416,
2405.0,0.40251019559800627,1.7395788192749024
2406.0,0.40717131495475767,
2407.0,0.40462328121066093,
2408.0,0.40476892441511153,
2409.0,0.4068057857453823,
2410.0,0.4051046438515186,1.7361681461334229
2411.0,0.4060500510036945,
2412.0,0.4050098530948162,
2413.0,0.4011313259601593,
2414.0,0.40148380398750305,
2415.0,0.4055048391222954,1.7444822072982789
2416.0,0.4021865542978048,
2417.0,0.3972336627542973,
2418.0,0.40078679099678993,
2419.0,0.4029421031475067,
2420.0,0.4029128111898899,1.761314296722412
2421.0,0.40357992686331273,
2422.0,0.4081857595592737,
2423.0,0.4068799301981926,
2424.0,0.4012958101928234,
2425.0,0.40360854715108874,1.7290741682052613
2426.0,0.3997607070952654,
2427.0,0.4042148895561695,
2428.0,0.4008427359163761,
2429.0,0.40056286528706553,
2430.0,0.4042017735540867,1.725557065010071
2431.0,0.3965367615222931,
2432.0,0.40103491097688676,
2433.0,0.3945559997111559,
2434.0,0.40007214024662974,
2435.0,0.4023746885359287,1.732395315170288
2436.0,0.3996937979012728,
2437.0,0.4010687801986933,
2438.0,0.40163849480450153,
2439.0,0.40100650042295455,
2440.0,0.39658137001097205,1.742282748222351
2441.0,0.3976918339729309,
2442.0,0.39984164424240587,
2443.0,0.40401790775358676,
2444.0,0.4005543664097786,
2445.0,0.4028864070773125,1.7408602237701416
2446.0,0.39916376359760763,
2447.0,0.40079667009413245,
2448.0,0.3993912167847157,
2449.0,0.39859210401773454,
2450.0,0.40309105440974236,1.7330172538757325
2451.0,0.4048587281256914,
2452.0,0.4002502765506506,
2453.0,0.40218589156866075,
2454.0,0.39860233291983604,
2455.0,0.40257188193500043,1.7428163051605225
2456.0,0.4002011328935623,
2457.0,0.40572809875011445,
2458.0,0.40350070372223856,
2459.0,0.4013037011027336,
2460.0,0.405974555388093,1.7183669328689575
2461.0,0.40188304632902144,
2462.0,0.4053527068346739,
2463.0,0.40182331278920175,
2464.0,0.4036823891103268,
2465.0,0.398378923535347,1.7087631940841674
2466.0,0.4014872569590807,
2467.0,0.40359693244099615,
2468.0,0.40162724182009696,
2469.0,0.39968904927372934,
2470.0,0.40070771239697933,1.7495246648788452
2471.0,0.4009270597249269,
2472.0,0.39878617227077484,
2473.0,0.40478178560733796,
2474.0,0.3993359662592411,
2475.0,0.4079195912927389,1.7313151597976684
2476.0,0.39991521313786504,
2477.0,0.3988006506115198,
2478.0,0.39735770523548125,
2479.0,0.3991438038647175,
2480.0,0.39533775597810744,1.7509897232055665
2481.0,0.40296987146139146,
2482.0,0.4031284384429455,
2483.0,0.40238753519952297,
2484.0,0.40276183411478994,
2485.0,0.40345028787851334,1.7596460342407227
2486.0,0.40034486055374147,
2487.0,0.4050640944391489,
2488.0,0.4040222801268101,
2489.0,0.3995469033718109,
2490.0,0.39975861869752405,1.744990921020508
2491.0,0.39936734586954115,
2492.0,0.4025567006319761,
2493.0,0.40074244029819966,
2494.0,0.40052116960287093,
2495.0,0.40101934522390364,1.7538642406463623
2496.0,0.4010403797030449,
2497.0,0.39866161048412324,
2498.0,0.39714261814951896,
2499.0,0.40179321020841596,
2500.0,0.4063084900379181,1.759659481048584
2501.0,0.4014472559094429,
2502.0,0.4031740166246891,
2503.0,0.39598729014396666,
2504.0,0.40120156295597553,
2505.0,0.3990034442394972,1.7338575839996337
2506.0,0.4014225732535124,
2507.0,0.39943493977189065,
2508.0,0.40137937664985657,
2509.0,0.4032795950770378,
2510.0,0.4032628621906042,1.7695675611495971
2511.0,0.40028350315988065,
2512.0,0.39684382565319537,
2513.0,0.3962259814143181,
2514.0,0.39699289873242377,
2515.0,0.3980321705341339,1.7615631103515625
2516.0,0.4028130881488323,
2517.0,0.39940875880420207,
2518.0,0.3959148917347193,
2519.0,0.40172486305236815,
2520.0,0.4006000176072121,1.752883005142212
2521.0,0.40203623920679094,
2522.0,0.3989286836236715,
2523.0,0.40190767981112,
2524.0,0.4036151275038719,
2525.0,0.4062993057072163,1.7531347751617432
2526.0,0.40313989147543905,
2527.0,0.4009891763329506,
2528.0,0.4020131502300501,
2529.0,0.3985961820930243,
2530.0,0.39626980349421503,1.749197292327881
2531.0,0.3921340640634298,
2532.0,0.4000483170151711,
2533.0,0.39785672947764394,
2534.0,0.3952821917831898,
2535.0,0.3969707556068897,1.7545459032058717
2536.0,0.40190536752343176,
2537.0,0.40062609761953355,
2538.0,0.39935269579291344,
2539.0,0.40157659351825714,
2540.0,0.3988840490579605,1.73895206451416
2541.0,0.406614251807332,
2542.0,0.4032752402126789,
2543.0,0.3964186519384384,
2544.0,0.4025541879236698,
2545.0,0.3949771899729967,1.7550777912139892
2546.0,0.39971961826086044,
2547.0,0.3962008900940418,
2548.0,0.39658302813768387,
2549.0,0.40328909233212473,
2550.0,0.3997546870261431,1.7627699375152588
2551.0,0.3962888665497303,
2552.0,0.3943373940885067,
2553.0,0.3989091459661722,
2554.0,0.4025637023150921,
2555.0,0.3961984202265739,1.7535539865493774
2556.0,0.40111756660044195,
2557.0,0.39878227524459364,
2558.0,0.4006137367337942,
2559.0,0.3980531804263592,
2560.0,0.40195131599903106,1.7407219409942627
2561.0,0.3953512813895941,
2562.0,0.40064556896686554,
2563.0,0.40021446608006955,
2564.0,0.3997153680771589,
2565.0,0.3961014702916145,1.7600955963134766
2566.0,0.3993081744760275,
2567.0,0.39902916066348554,
2568.0,0.3968210980296135,
2569.0,0.39855524972081185,
2570.0,0.39383700415492057,1.7731415987014771
2571.0,0.3993168637156487,
2572.0,0.39672229066491127,
2573.0,0.3997114054858685,
2574.0,0.40141941905021666,
2575.0,0.3988504707813263,1.7378847360610963
2576.0,0.4007413849234581,
2577.0,0.3947542615234852,
2578.0,0.4020721696317196,
2579.0,0.39512328803539276,
2580.0,0.399821936711669,1.7619879961013794
2581.0,0.3959034621715546,
2582.0,0.39639212042093275,
2583.0,0.3992784310132265,
2584.0,0.3964076414704323,
2585.0,0.3930542416870594,1.7510819911956788
2586.0,0.39708035849034784,
2587.0,0.4012821052223444,
2588.0,0.39894177205860615,
2589.0,0.3960861131548882,
2590.0,0.3961149029433727,1.791668701171875
2591.0,0.3956131484359503,
2592.0,0.3997416526079178,
2593.0,0.3981348812580109,
2594.0,0.39572410732507707,
2595.0,0.3977531872689724,1.7592772722244263
2596.0,0.3943158082664013,
2597.0,0.39474482759833335,
2598.0,0.3980339340865612,
2599.0,0.3951239239424467,
2600.0,0.39208494275808337,1.7746241569519043
2601.0,0.3932170182466507,
2602.0,0.39750305116176604,
2603.0,0.39404518716037273,
2604.0,0.4026499312371016,
2605.0,0.3951240085065365,1.7752477407455445
2606.0,0.3972542703151703,
2607.0,0.40034637302160264,
2608.0,0.39863103851675985,
2609.0,0.3947241261601448,
2610.0,0.3969443552196026,1.7657496452331543
2611.0,0.39935099259018897,
2612.0,0.3977886941283941,
2613.0,0.39313168190419673,
2614.0,0.39336618408560753,
2615.0,0.396222235262394,1.748100709915161
2616.0,0.39668341651558875,
2617.0,0.3941974099725485,
2618.0,0.4013188801705837,
2619.0,0.4003831554204226,
2620.0,0.39624241292476653,1.7765822172164918
2621.0,0.3959697108715773,
2622.0,0.3976123284548521,
2623.0,0.3983310297131538,
2624.0,0.3939686883240938,
2625.0,0.3966700710356236,1.7774892807006837
2626.0,0.3984130799770355,
2627.0,0.39580289274454117,
2628.0,0.39790628142654894,
2629.0,0.3998048558831215,
2630.0,0.3970773421227932,1.7794989585876464
2631.0,0.40195158645510676,
2632.0,0.39612108543515206,
2633.0,0.3936479568481445,
2634.0,0.39056053161621096,
2635.0,0.40129686184227464,1.7700527906417847
2636.0,0.3966852132230997,
2637.0,0.39574229121208193,
2638.0,0.3974477484822273,
2639.0,0.39453491643071176,
2640.0,0.4000352472066879,1.7666337728500365
2641.0,0.39559022933244703,
2642.0,0.39206216037273406,
2643.0,0.3925730351358652,
2644.0,0.39900007396936416,
2645.0,0.3950376447290182,1.7686956405639649
2646.0,0.39757270477712153,
2647.0,0.3947585254907608,
2648.0,0.3945995602756739,
2649.0,0.39498539417982104,
2650.0,0.39622258245944975,1.7859313488006592
2651.0,0.3976028967648745,
2652.0,0.3935813747346401,
2653.0,0.39573424234986304,
2654.0,0.39349729046225546,
2655.0,0.40365611389279366,1.778263545036316
2656.0,0.3951398439705372,
2657.0,0.39447408691048624,
2658.0,0.3938901454210281,
2659.0,0.38877570517361165,
2660.0,0.39443494863808154,1.7736663818359375
2661.0,0.39022131860256193,
2662.0,0.3978619921952486,
2663.0,0.39340130761265757,
2664.0,0.39857047572731974,
2665.0,0.394376340508461,1.7750686883926392
2666.0,0.3962230790406466,
2667.0,0.395135335624218,
2668.0,0.39591459184885025,
2669.0,0.3986010327935219,
2670.0,0.39240013174712657,1.7957833528518676
2671.0,0.3979929514229298,
2672.0,0.39598305709660053,
2673.0,0.3949060272425413,
2674.0,0.39969335943460466,
2675.0,0.3925438791513443,1.7743834257125854
2676.0,0.39111438766121864,
2677.0,0.39503806643188,
2678.0,0.39052795693278314,
2679.0,0.39884460642933844,
2680.0,0.3935037091374397,1.785903310775757
2681.0,0.39431171454489233,
2682.0,0.3967947859317064,
2683.0,0.3999974921345711,
2684.0,0.3962807212024927,
2685.0,0.39689162001013756,1.7882784843444823
2686.0,0.39548131488263605,
2687.0,0.392868372425437,
2688.0,0.393588550388813,
2689.0,0.39716061726212504,
2690.0,0.4038395967334509,1.7826253175735474
2691.0,0.3978126585483551,
2692.0,0.3985466677695513,
2693.0,0.3954676128923893,
2694.0,0.3936957150697708,
2695.0,0.3961399391293526,1.784189558029175
2696.0,0.39791601002216337,
2697.0,0.39751210175454615,
2698.0,0.39740303680300715,
2699.0,0.3964108217507601,
2700.0,0.39348777309060096,1.7691281318664551
2701.0,0.39801520854234695,
2702.0,0.3941422443836927,
2703.0,0.39466137029230597,
2704.0,0.3938935674726963,
2705.0,0.393068428337574,1.7967448234558105
2706.0,0.3970334820449352,
2707.0,0.3959828246384859,
2708.0,0.3915620222687721,
2709.0,0.3968601059168577,
2710.0,0.39735952354967596,1.7950939893722535
2711.0,0.3969692923128605,
2712.0,0.39613465070724485,
2713.0,0.3959651589393616,
2714.0,0.3968216575682163,
2715.0,0.3918697915971279,1.7907023906707764
2716.0,0.39215585961937904,
2717.0,0.39282749481499196,
2718.0,0.3969341453164816,
2719.0,0.3934588462114334,
2720.0,0.3950209155678749,1.7905237913131713
2721.0,0.3925906404852867,
2722.0,0.39788597002625464,
2723.0,0.3928045120090246,
2724.0,0.39422093480825426,
2725.0,0.39617188051342966,1.766828727722168
2726.0,0.39079780876636505,
2727.0,0.39237322807312014,
2728.0,0.39088989943265917,
2729.0,0.39415477626025675,
2730.0,0.3938479542732239,1.7591672658920288
2731.0,0.39322848096489904,
2732.0,0.3985496014356613,
2733.0,0.3909929446876049,
2734.0,0.3960700273513794,
2735.0,0.39433936700224875,1.7677903652191163
2736.0,0.39556444212794306,
2737.0,0.3937252465635538,
2738.0,0.3982347592711449,
2739.0,0.3972307175397873,
2740.0,0.3943818032741547,1.7953900337219237
2741.0,0.39599576890468596,
2742.0,0.3902467377483845,
2743.0,0.39365332052111623,
2744.0,0.3960122037678957,
2745.0,0.3900896918028593,1.8051344156265259
2746.0,0.3883335631340742,
2747.0,0.39650360867381096,
2748.0,0.3929504159837961,
2749.0,0.39127476140856743,
2750.0,0.3916202660650015,1.8056313276290894
2751.0,0.39624051563441753,
2752.0,0.3903507847338915,
2753.0,0.39831661358475684,
2754.0,0.3905950583517551,
2755.0,0.39368909746408465,1.8031683206558227
2756.0,0.39502537734806537,
2757.0,0.39667223691940307,
2758.0,0.3993953663855791,
2759.0,0.386807469651103,
2760.0,0.39631133563816545,1.7943277597427367
2761.0,0.3923209264874458,
2762.0,0.39061693996191027,
2763.0,0.3900859482586384,
2764.0,0.39367056638002396,
2765.0,0.3948853470385075,1.7930976629257203
2766.0,0.3954459857195616,
2767.0,0.39513242021203043,
2768.0,0.39207382425665854,
2769.0,0.39444459080696104,
2770.0,0.39985783100128175,1.8190173387527466
2771.0,0.3946871057152748,
2772.0,0.3957010552287102,
2773.0,0.39564394056797025,
2774.0,0.39638467468321326,
2775.0,0.39071694388985634,1.7913916826248169
2776.0,0.3941112767904997,
2777.0,0.3921834297478199,
2778.0,0.3920599803328514,
2779.0,0.3914387170225382,
2780.0,0.38872176222503185,1.7861716032028199
2781.0,0.39837006814777853,
2782.0,0.38842559419572353,
2783.0,0.3851790718734264,
2784.0,0.3925190594047308,
2785.0,0.3980975545942783,1.7915460348129273
2786.0,0.39758850187063216,
2787.0,0.3905321341007948,
2788.0,0.3942132979631424,
2789.0,0.3904791701585054,
2790.0,0.39395201951265335,1.7965402364730836
2791.0,0.3922373909503222,
2792.0,0.3911082595586777,
2793.0,0.39346272200345994,
2794.0,0.3908072762191296,
2795.0,0.39835043996572495,1.7948496341705322
2796.0,0.3934928923845291,
2797.0,0.3933158375322819,
2798.0,0.39155093021690845,
2799.0,0.3917303867638111,
2800.0,0.3989992491900921,1.7841052055358886
2801.0,0.39791164323687556,
2802.0,0.39333033561706543,
2803.0,0.39156842939555647,
2804.0,0.3926944263279438,
2805.0,0.38673985823988916,1.8079918146133422
2806.0,0.39350517056882384,
2807.0,0.38896942473948004,
2808.0,0.39106038995087145,
2809.0,0.3871067978441715,
2810.0,0.38708629831671715,1.8103288650512694
2811.0,0.39153796508908273,
2812.0,0.38963892832398417,
2813.0,0.39752314500510694,
2814.0,0.3904793091118336,
2815.0,0.3947976794093847,1.7976837396621703
2816.0,0.3904084973037243,
2817.0,0.3951044075191021,
2818.0,0.3915298331528902,
2819.0,0.39181905761361124,
2820.0,0.39250017777085305,1.809636402130127
2821.0,0.3942986555397511,
2822.0,0.3919265314936638,
2823.0,0.3904042772948742,
2824.0,0.39492253847420217,
2825.0,0.39084361046552657,1.8023784399032592
2826.0,0.39193711131811143,
2827.0,0.3941387914121151,
2828.0,0.39195201471447944,
2829.0,0.39251215308904647,
2830.0,0.3894216313958168,1.8017765283584595
2831.0,0.3932118222117424,
2832.0,0.39075255393981934,
2833.0,0.3951741874217987,
2834.0,0.3913032054901123,
2835.0,0.39001475237309935,1.8029959201812744
2836.0,0.39354871176183226,
2837.0,0.39099874421954156,
2838.0,0.39106366597115993,
2839.0,0.3898349855095148,
2840.0,0.3886845573782921,1.8063694477081298
2841.0,0.39492924623191356,
2842.0,0.38958139084279536,
2843.0,0.3906634449958801,
2844.0,0.39112899228930476,
2845.0,0.3931933719664812,1.8022129535675049
2846.0,0.3932603504508734,
2847.0,0.3874175488948822,
2848.0,0.3912256836891174,
2849.0,0.3891805473715067,
2850.0,0.3926328018307686,1.805526065826416
2851.0,0.39004492238163946,
2852.0,0.3896949928253889,
2853.0,0.3938630696386099,
2854.0,0.3877137091010809,
2855.0,0.3937775012105703,1.8244306325912476
2856.0,0.3925262179225683,
2857.0,0.395780211687088,
2858.0,0.39180961437523365,
2859.0,0.3943850725889206,
2860.0,0.39048221744596956,1.808302354812622
2861.0,0.3912626266479492,
2862.0,0.3919174764305353,
2863.0,0.39248555041849614,
2864.0,0.3912949122488499,
2865.0,0.3913057021796703,1.8311241149902344
2866.0,0.3896703891456127,
2867.0,0.3887544866651297,
2868.0,0.39226175770163535,
2869.0,0.3935239385813475,
2870.0,0.38820183277130127,1.8107291221618653
2871.0,0.38686220459640025,
2872.0,0.39397524297237396,
2873.0,0.392228190228343,
2874.0,0.3992353294044733,
2875.0,0.3886997703462839,1.800414776802063
2876.0,0.39047607257962225,
2877.0,0.3894494935870171,
2878.0,0.38900714442133905,
2879.0,0.3876452691853046,
2880.0,0.3909292176365852,1.801998233795166
2881.0,0.3932305224239826,
2882.0,0.38803919330239295,
2883.0,0.3891725204885006,
2884.0,0.392161301523447,
2885.0,0.39235885068774223,1.8180599212646484
2886.0,0.39238510504364965,
2887.0,0.39099088571965696,
2888.0,0.3902779366821051,
2889.0,0.39337054900825025,
2890.0,0.38738853484392166,1.827274537086487
2891.0,0.3926081534475088,
2892.0,0.39182965010404586,
2893.0,0.38925394266843794,
2894.0,0.3886709313839674,
2895.0,0.39327309019863604,1.798344326019287
2896.0,0.3874245502054691,
2897.0,0.39063026160001757,
2898.0,0.3912853289395571,
2899.0,0.3887384492903948,
2900.0,0.38802832216024397,1.8125930547714233
2901.0,0.3893795296549797,
2902.0,0.3898678861558437,
2903.0,0.39360034130513666,
2904.0,0.3880552753806114,
2905.0,0.39019412770867345,1.8202331781387329
2906.0,0.3894438799470663,
2907.0,0.38926455229520796,
2908.0,0.395551436021924,
2909.0,0.39059982523322107,
2910.0,0.38935603983700273,1.7978339195251465
2911.0,0.3884528256952763,
2912.0,0.39313882291316987,
2913.0,0.39235545322299004,
2914.0,0.3896606706082821,
2915.0,0.39374332651495936,1.8301547288894653
2916.0,0.3933128170669079,
2917.0,0.3935018122196198,
2918.0,0.3945103656500578,
2919.0,0.39208110570907595,
2920.0,0.38867694437503814,1.8123684167861938
2921.0,0.38156787045300006,
2922.0,0.39017872475087645,
2923.0,0.3913097348064184,
2924.0,0.3854394152760506,
2925.0,0.39141907915472984,1.8230271577835082
2926.0,0.38952071964740753,
2927.0,0.3880533665418625,
2928.0,0.3873507581651211,
2929.0,0.39116155803203584,
2930.0,0.38920220248401166,1.8229384422302246
2931.0,0.3909773211926222,
2932.0,0.39269658736884594,
2933.0,0.38577341847121716,
2934.0,0.3866230219602585,
2935.0,0.3877846967428923,1.8254019260406493
2936.0,0.3914079677313566,
2937.0,0.38680476918816564,
2938.0,0.39096123836934565,
2939.0,0.3977830410003662,
2940.0,0.39000771977007387,1.8072696924209595
2941.0,0.3913476333022118,
2942.0,0.38372787050902846,
2943.0,0.3946573480963707,
2944.0,0.3892488319426775,
2945.0,0.3859145328402519,1.8051494836807251
2946.0,0.3842682585120201,
2947.0,0.3888293582946062,
2948.0,0.38790239468216897,
2949.0,0.39385741427540777,
2950.0,0.3961023293435574,1.8241239786148071
2951.0,0.38774442858994007,
2952.0,0.3878346882760525,
2953.0,0.387825058400631,
2954.0,0.38712233379483224,
2955.0,0.3965222775936127,1.8300872325897217
2956.0,0.38845277950167656,
2957.0,0.39052717611193655,
2958.0,0.3887867722660303,
2959.0,0.3913074046373367,
2960.0,0.38516594022512435,1.8154292345046996
2961.0,0.39070509895682337,
2962.0,0.38867251239717004,
2963.0,0.3919349581003189,
2964.0,0.38680072985589503,
2965.0,0.38899538964033126,1.8350991010665894
2966.0,0.38776499032974243,
2967.0,0.3912152573466301,
2968.0,0.38983952105045316,
2969.0,0.39197938069701194,
2970.0,0.393217371404171,1.8287341594696045
2971.0,0.3870264582335949,
2972.0,0.3874170299619436,
2973.0,0.3872678432613611,
2974.0,0.39036901816725733,
2975.0,0.39206170104444027,1.805637288093567
2976.0,0.38917962945997714,
2977.0,0.39340165704488755,
2978.0,0.3810678295791149,
2979.0,0.3913747563958168,
2980.0,0.39043333306908606,1.8183541536331176
2981.0,0.3893741354346275,
2982.0,0.3908378094434738,
2983.0,0.39302158951759336,
2984.0,0.38620455116033553,
2985.0,0.38761339969933034,1.8185460567474365
2986.0,0.3942999172955751,
2987.0,0.39118888303637506,
2988.0,0.38981663845479486,
2989.0,0.3864547751843929,
2990.0,0.38868486806750296,1.844004225730896
2991.0,0.39043584316968916,
2992.0,0.39253265634179113,
2993.0,0.38882789462804795,
2994.0,0.3897068858146667,
2995.0,0.39158350341022014,1.8385372638702393
2996.0,0.3901896268129349,
2997.0,0.38914604894816873,
2998.0,0.38957804813981056,
2999.0,0.3894863769412041,
3000.0,0.38647185303270815,1.8444405794143677
3001.0,0.39082785695791245,
3002.0,0.3929382856935263,
3003.0,0.3907166924327612,
3004.0,0.3912263855338097,
3005.0,0.38464746028184893,1.8244965314865111
3006.0,0.3906121253967285,
3007.0,0.3862713847309351,
3008.0,0.38876923695206644,
3009.0,0.3854593835771084,
3010.0,0.3910998821258545,1.8409383058547975
3011.0,0.38916439935564995,
3012.0,0.38760612197220323,
3013.0,0.3899821676313877,
3014.0,0.38888684958219527,
3015.0,0.39077216312289237,1.8306947708129884
3016.0,0.39210839867591857,
3017.0,0.3879139591008425,
3018.0,0.3875972107052803,
3019.0,0.38489967957139015,
3020.0,0.3870449408888817,1.817314624786377
3021.0,0.391940550506115,
3022.0,0.38828053921461103,
3023.0,0.38531529083848,
3024.0,0.3855716917663813,
3025.0,0.38740362226963043,1.8401185750961304
3026.0,0.3840527590364218,
3027.0,0.38902706652879715,
3028.0,0.3909918498247862,
3029.0,0.39392850957810877,
3030.0,0.3887529443949461,1.8405068874359132
3031.0,0.39129306487739085,
3032.0,0.3933454893529415,
3033.0,0.39106125831604005,
3034.0,0.38816700503230095,
3035.0,0.3885604962706566,1.8489571332931518
3036.0,0.3864428520202637,
3037.0,0.38477658703923223,
3038.0,0.39183588325977325,
3039.0,0.38763530775904653,
3040.0,0.38727134466171265,1.8289842844009399
3041.0,0.3901184767484665,
3042.0,0.38859991990029813,
3043.0,0.38948098570108414,
3044.0,0.39039548486471176,
3045.0,0.396941265463829,1.8384244441986084
3046.0,0.3899925272911787,
3047.0,0.39012405909597875,
3048.0,0.38954655900597573,
3049.0,0.3870601896196604,
3050.0,0.3849742505699396,1.84248685836792
3051.0,0.39241513833403585,
3052.0,0.3900819443166256,
3053.0,0.38788930512964725,
3054.0,0.3855315200984478,
3055.0,0.3855293858796358,1.8466117620468139
3056.0,0.3911869928240776,
3057.0,0.38520730547606946,
3058.0,0.3908756531774998,
3059.0,0.3905857905745506,
3060.0,0.3869271233677864,1.8448643684387207
3061.0,0.39327843226492404,
3062.0,0.3855435997247696,
3063.0,0.3842776734381914,
3064.0,0.3879594225436449,
3065.0,0.3837601140141487,1.8407616853713988
3066.0,0.3917897824198008,
3067.0,0.3831685669720173,
3068.0,0.38805568031966686,
3069.0,0.38249709978699686,
3070.0,0.38599648140370846,1.8573731422424316
3071.0,0.39236517511308194,
3072.0,0.3823362734168768,
3073.0,0.38697219230234625,
3074.0,0.38932140693068507,
3075.0,0.3828519511967897,1.8628626585006713
3076.0,0.38917593844234943,
3077.0,0.3879572004079819,
3078.0,0.38594472482800485,
3079.0,0.3885886713862419,
3080.0,0.38889279738068583,1.8722069263458252
3081.0,0.393362545222044,
3082.0,0.3885998871177435,
3083.0,0.3863858371973038,
3084.0,0.3857132580131292,
3085.0,0.3869348656386137,1.8612619400024415
3086.0,0.3853413172066212,
3087.0,0.38786265105009077,
3088.0,0.38649925515055655,
3089.0,0.3806842416524887,
3090.0,0.3859632834792137,1.8529397010803224
3091.0,0.3844041660428047,
3092.0,0.38602985218167307,
3093.0,0.3867550242692232,
3094.0,0.3868220504373312,
3095.0,0.3887808706611395,1.8501002073287964
3096.0,0.38359404131770136,
3097.0,0.38744925484061243,
3098.0,0.38529996052384374,
3099.0,0.39190765023231505,
3100.0,0.38751279972493646,1.856366229057312
3101.0,0.38701916486024857,
3102.0,0.3868387252092361,
3103.0,0.3897350814193487,
3104.0,0.38901175037026403,
3105.0,0.3893787458539009,1.858354091644287
3106.0,0.3880222670733929,
3107.0,0.38955254629254343,
3108.0,0.3874457649886608,
3109.0,0.38399595133960246,
3110.0,0.3866101909428835,1.8548986434936523
3111.0,0.3863402273505926,
3112.0,0.3843211647123098,
3113.0,0.3865339931100607,
3114.0,0.3818650744855404,
3115.0,0.38810838721692564,1.8700750589370727
3116.0,0.39242329001426696,
3117.0,0.388654525578022,
3118.0,0.38538852520287037,
3119.0,0.38585347682237625,
3120.0,0.3857413325458765,1.86428382396698
3121.0,0.38775081783533094,
3122.0,0.38489700853824615,
3123.0,0.38754225298762324,
3124.0,0.38665141612291337,
3125.0,0.38619966357946395,1.8496678352355957
3126.0,0.38608173541724683,
3127.0,0.38900171741843226,
3128.0,0.38379189670085906,
3129.0,0.3829455070197582,
3130.0,0.3888525806367397,1.841778779029846
3131.0,0.3841423362493515,
3132.0,0.38522856310009956,
3133.0,0.38788420632481574,
3134.0,0.386206840723753,
3135.0,0.38598386719822886,1.8410038709640504
3136.0,0.3877827566117048,
3137.0,0.3873888399451971,
3138.0,0.3890355546027422,
3139.0,0.3913460824638605,
3140.0,0.3889635466039181,1.8650901556015014
3141.0,0.3831072740256786,
3142.0,0.38871093057096007,
3143.0,0.38422981575131415,
3144.0,0.3883288595825434,
3145.0,0.3901069570332766,1.8456223487854004
3146.0,0.3855404928326607,
3147.0,0.3861101321876049,
3148.0,0.3833982154726982,
3149.0,0.3809177495539188,
3150.0,0.384340700879693,1.8714504003524781
3151.0,0.38805641457438467,
3152.0,0.38593053445219994,
3153.0,0.3874665804207325,
3154.0,0.38869609609246253,
3155.0,0.38555935993790624,1.850553560256958
3156.0,0.38821037821471693,
3157.0,0.3866332031786442,
3158.0,0.38524509519338607,
3159.0,0.38868395015597346,
3160.0,0.38429242223501203,1.8625636339187621
3161.0,0.38574668765068054,
3162.0,0.3870321433991194,
3163.0,0.38784792348742486,
3164.0,0.3846062745898962,
3165.0,0.38571692667901514,1.8562251567840575
3166.0,0.38297730274498465,
3167.0,0.38623306192457674,
3168.0,0.3928974539041519,
3169.0,0.38352391719818113,
3170.0,0.3844292528927326,1.8490883350372314
3171.0,0.3865739941596985,
3172.0,0.3868687376379967,
3173.0,0.38673574589192866,
3174.0,0.3884102374315262,
3175.0,0.3857238210737705,1.8606974124908446
3176.0,0.385413208976388,
3177.0,0.3850464873015881,
3178.0,0.3852106690406799,
3179.0,0.3860840603709221,
3180.0,0.3828289099037647,1.887489342689514
3181.0,0.387236675620079,
3182.0,0.38627664372324944,
3183.0,0.38556189723312856,
3184.0,0.381658174470067,
3185.0,0.3892746016383171,1.867871594429016
3186.0,0.3895025707781315,
3187.0,0.38406452871859076,
3188.0,0.38713446259498596,
3189.0,0.38556568436324595,
3190.0,0.38912238702178004,1.8776855230331422
3191.0,0.38443577140569685,
3192.0,0.381735547631979,
3193.0,0.38521455973386765,
3194.0,0.3870156843215227,
3195.0,0.3871485635638237,1.8629124402999877
3196.0,0.38394590839743614,
3197.0,0.3835071787238121,
3198.0,0.38802883550524714,
3199.0,0.3822129786014557,
3200.0,0.38513200394809244,1.8654541730880738
3201.0,0.3886768653988838,
3202.0,0.3878390431404114,
3203.0,0.387201663851738,
3204.0,0.3851131465286016,
3205.0,0.38625583723187445,1.8701991796493531
3206.0,0.38688332699239253,
3207.0,0.3855648349970579,
3208.0,0.3832390964031219,
3209.0,0.3852497894316912,
3210.0,0.3831773389130831,1.8689266443252563
3211.0,0.3908088620752096,
3212.0,0.38399112671613694,
3213.0,0.38834976218640804,
3214.0,0.387116627022624,
3215.0,0.3849670968949795,1.8772530794143676
3216.0,0.3866878513246775,
3217.0,0.38413222432136535,
3218.0,0.38318579234182837,
3219.0,0.3829916130751371,
3220.0,0.382147129625082,1.8665448665618896
3221.0,0.3838749796152115,
3222.0,0.3853728365153074,
3223.0,0.3837842300534248,
3224.0,0.38138507679104805,
3225.0,0.38409580998122694,1.883576011657715
3226.0,0.3838452477008104,
3227.0,0.3878054328262806,
3228.0,0.38521819971501825,
3229.0,0.3803045578300953,
3230.0,0.38512025102972985,1.8721041202545166
3231.0,0.38845608606934545,
3232.0,0.38273861035704615,
3233.0,0.38710527047514914,
3234.0,0.3882150769233704,
3235.0,0.3899256631731987,1.8857750415802002
3236.0,0.38709160722792146,
3237.0,0.3866460733115673,
3238.0,0.39028363935649396,
3239.0,0.3875571396201849,
3240.0,0.3846463993191719,1.8905607461929321
3241.0,0.3830694627016783,
3242.0,0.3826708860695362,
3243.0,0.38759962320327757,
3244.0,0.3855261892080307,
3245.0,0.38304542414844034,1.8796617269515992
3246.0,0.38680685572326184,
3247.0,0.38627451807260516,
3248.0,0.38225119300186633,
3249.0,0.38734646886587143,
3250.0,0.3870358716696501,1.8795336484909058
3251.0,0.38508655689656734,
3252.0,0.3871603511273861,
3253.0,0.38479919657111167,
3254.0,0.38532833345234396,
3255.0,0.38494870327413083,1.8825043201446534
3256.0,0.38192937821149825,
3257.0,0.3845993559807539,
3258.0,0.3866040609776974,
3259.0,0.38638125397264955,
3260.0,0.38176054134964943,1.870295810699463
3261.0,0.3841729506850243,
3262.0,0.38675766699016095,
3263.0,0.38325060531497,
3264.0,0.38579707555472853,
3265.0,0.3818852886557579,1.8608487367630004
3266.0,0.38399726785719396,
3267.0,0.38320566788315774,
3268.0,0.3837608601897955,
3269.0,0.38676574006676673,
3270.0,0.38419666290283205,1.8687366485595702
3271.0,0.38208002261817453,
3272.0,0.38652336969971657,
3273.0,0.3851636040955782,
3274.0,0.38456483744084835,
3275.0,0.3837054669857025,1.8825767993927003
3276.0,0.3876213598996401,
3277.0,0.38367119170725345,
3278.0,0.3867749836295843,
3279.0,0.38809630610048773,
3280.0,0.3831271637231112,1.87223961353302
3281.0,0.38563607186079024,
3282.0,0.38049947246909144,
3283.0,0.38663112483918666,
3284.0,0.3895612832158804,
3285.0,0.38305211812257767,1.9050299882888795
3286.0,0.3820923175662756,
3287.0,0.38511892706155776,
3288.0,0.38179225400090216,
3289.0,0.3837223701179028,
3290.0,0.38374681062996385,1.8780213117599487
3291.0,0.38380163833498954,
3292.0,0.3852877415716648,
3293.0,0.38024108335375784,
3294.0,0.3833376966416836,
3295.0,0.38717478364706037,1.8802881479263305
3296.0,0.3848257318139076,
3297.0,0.3818042855709791,
3298.0,0.38832681216299536,
3299.0,0.3796493221074343,
3300.0,0.3901708826422691,1.8644198179244995
3301.0,0.3781298354268074,
3302.0,0.3841068260371685,
3303.0,0.38320688530802727,
3304.0,0.3878972388803959,
3305.0,0.3800457648932934,1.8746595144271851
3306.0,0.3843367889523506,
3307.0,0.3826897911727428,
3308.0,0.383207805454731,
3309.0,0.3799890596419573,
3310.0,0.38457882925868037,1.8735265254974365
3311.0,0.38762135058641434,
3312.0,0.3840924061834812,
3313.0,0.3857203036546707,
3314.0,0.3868060246109962,
3315.0,0.38260228782892225,1.8813535690307617
3316.0,0.3832726299762726,
3317.0,0.38627981692552565,
3318.0,0.3847600117325783,
3319.0,0.3814061053097248,
3320.0,0.38305956572294236,1.8591690540313721
3321.0,0.39081942811608317,
3322.0,0.3839034177362919,
3323.0,0.38599769547581675,
3324.0,0.38186036199331286,
3325.0,0.3817919362336397,1.8735121011734008
3326.0,0.3828823290765285,
3327.0,0.38438383005559446,
3328.0,0.3848887480795383,
3329.0,0.3834265280514956,
3330.0,0.38491206541657447,1.8721919059753418
3331.0,0.38374929316341877,
3332.0,0.38382880203425884,
3333.0,0.3883732434362173,
3334.0,0.3839937798678875,
3335.0,0.3840831808745861,1.8744643926620483
3336.0,0.3857365485280752,
3337.0,0.3816511511802673,
3338.0,0.3769346304237843,
3339.0,0.38068848475813866,
3340.0,0.3841056775301695,1.8929564714431764
3341.0,0.3864469103515148,
3342.0,0.38262868747115136,
3343.0,0.3824325427412987,
3344.0,0.37991888262331486,
3345.0,0.3840122614055872,1.8828437089920045
3346.0,0.37963882759213446,
3347.0,0.38460306376218795,
3348.0,0.38341028466820715,
3349.0,0.3808561809360981,
3350.0,0.38721690364181993,1.882073998451233
3351.0,0.3833109181374311,
3352.0,0.38160498440265656,
3353.0,0.38158817291259767,
3354.0,0.38316762149333955,
3355.0,0.38570605888962745,1.8687780141830443
3356.0,0.38460223376750946,
3357.0,0.38228369876742363,
3358.0,0.3801829628646374,
3359.0,0.388768832013011,
3360.0,0.3823397498577833,1.8829814434051513
3361.0,0.38302006945014,
3362.0,0.3848306678235531,
3363.0,0.38068346828222277,
3364.0,0.38421255722641945,
3365.0,0.3850979756563902,1.8793410539627076
3366.0,0.38498168252408504,
3367.0,0.3869280405342579,
3368.0,0.38336279019713404,
3369.0,0.3832569919526577,
3370.0,0.3809956081211567,1.873216152191162
3371.0,0.37867848910391333,
3372.0,0.38824295476078985,
3373.0,0.3840387497097254,
3374.0,0.3889092870056629,
3375.0,0.38559309467673303,1.8790854930877685
3376.0,0.38285534009337424,
3377.0,0.38095738291740416,
3378.0,0.38485147431492805,
3379.0,0.3820438373833895,
3380.0,0.38788498416543005,1.8818458557128905
3381.0,0.3799974128603935,
3382.0,0.38400226198136805,
3383.0,0.38571457862854003,
3384.0,0.3852735921740532,
3385.0,0.3839493490755558,1.8826031684875488
3386.0,0.3835886787623167,
3387.0,0.38126896470785143,
3388.0,0.38418033756315706,
3389.0,0.38682044893503187,
3390.0,0.3825807385146618,1.886949372291565
3391.0,0.38445123061537745,
3392.0,0.38429282531142234,
3393.0,0.3825022269040346,
3394.0,0.382735938206315,
3395.0,0.3833656519651413,1.8968711853027345
3396.0,0.3805849030613899,
3397.0,0.38764753080904485,
3398.0,0.3814062152057886,
3399.0,0.38089191280305384,
3400.0,0.39001222141087055,1.8715895414352417
3401.0,0.38580918312072754,
3402.0,0.38046076372265814,
3403.0,0.37722588889300823,
3404.0,0.3806787997484207,
3405.0,0.38332534283399583,1.8934136390686036
3406.0,0.3853085368871689,
3407.0,0.37939958199858664,
3408.0,0.3858702518045902,
3409.0,0.39190911427140235,
3410.0,0.38528367727994917,1.8919290781021119
3411.0,0.3815674543380737,
3412.0,0.390737160295248,
3413.0,0.38500820733606816,
3414.0,0.3843468468636274,
3415.0,0.38540579974651334,1.8904262781143188
3416.0,0.38546898402273655,
3417.0,0.3856092467904091,
3418.0,0.38116167709231374,
3419.0,0.3832854710519314,
3420.0,0.3863919094204903,1.892570686340332
3421.0,0.3820593483746052,
3422.0,0.3831099636852741,
3423.0,0.38147688247263434,
3424.0,0.3840767093002796,
3425.0,0.3859368715435266,1.892061972618103
3426.0,0.383757957816124,
3427.0,0.3833810821175575,
3428.0,0.38386132530868056,
3429.0,0.383261663466692,
3430.0,0.3797184586524963,1.888918948173523
3431.0,0.3812771588563919,
3432.0,0.38458647690713404,
3433.0,0.3838039807975292,
3434.0,0.3862276040017605,
3435.0,0.38493164628744125,1.882190227508545
3436.0,0.3832048483192921,
3437.0,0.38263317570090294,
3438.0,0.3865272745490074,
3439.0,0.38272690325975417,
3440.0,0.3820167362689972,1.8968683004379272
3441.0,0.38132016733288765,
3442.0,0.3805281385779381,
3443.0,0.389965133368969,
3444.0,0.38345995359122753,
3445.0,0.38221741318702696,1.889455246925354
3446.0,0.37988827377557755,
3447.0,0.38524659611284734,
3448.0,0.3801062539219856,
3449.0,0.3823713008314371,
3450.0,0.37993165850639343,1.8850528001785278
3451.0,0.38251988850533963,
3452.0,0.3794179018586874,
3453.0,0.3889861010015011,
3454.0,0.3875059746205807,
3455.0,0.38521185852587225,1.884002447128296
3456.0,0.3830130726099014,
3457.0,0.37818970195949075,
3458.0,0.38084056228399277,
3459.0,0.3831120729446411,
3460.0,0.38190423771739007,1.9029351711273192
3461.0,0.38082191348075867,
3462.0,0.3761426407843828,
3463.0,0.38752186819911005,
3464.0,0.3818526975810528,
3465.0,0.3840922374278307,1.8960277795791627
3466.0,0.37994514144957064,
3467.0,0.3867242932319641,
3468.0,0.3809875056147575,
3469.0,0.37993521615862846,
3470.0,0.38629345297813417,1.8835280895233155
3471.0,0.38756136782467365,
3472.0,0.3812208749353886,
3473.0,0.3821680244058371,
3474.0,0.38542877733707426,
3475.0,0.3817059651017189,1.899217128753662
3476.0,0.3799244359135628,
3477.0,0.38641563765704634,
3478.0,0.381199286878109,
3479.0,0.38189055062830446,
3480.0,0.3832525860518217,1.8844076871871949
3481.0,0.38304661102592946,
3482.0,0.3806587841361761,
3483.0,0.38341435566544535,
3484.0,0.38056842163205146,
3485.0,0.3812462754547596,1.8747996091842651
3486.0,0.3845065779983997,
3487.0,0.3771886993199587,
3488.0,0.3871372390538454,
3489.0,0.3818927064538002,
3490.0,0.3821284148842096,1.8804329633712769
3491.0,0.3821775704622269,
3492.0,0.3806238673627377,
3493.0,0.38551659025251866,
3494.0,0.3832216911017895,
3495.0,0.38910779170691967,1.8827722072601318
3496.0,0.3865301448851824,
3497.0,0.3864552788436413,
3498.0,0.37786389142274857,
3499.0,0.38358432799577713,
3500.0,0.3819873109459877,1.8755250453948975
3501.0,0.3806708224117756,
3502.0,0.38199233561754226,
3503.0,0.382247418910265,
3504.0,0.38051867932081224,
3505.0,0.3812560446560383,1.903214430809021
3506.0,0.3873019993305206,
3507.0,0.3863577239215374,
3508.0,0.38421665169298647,
3509.0,0.38234778195619584,
3510.0,0.39072204753756523,1.901933240890503
3511.0,0.3808809820562601,
3512.0,0.38465337343513967,
3513.0,0.38080927170813084,
3514.0,0.38292610868811605,
3515.0,0.3809665393084288,1.8786879777908325
3516.0,0.37785666100680826,
3517.0,0.381095140054822,
3518.0,0.383008087426424,
3519.0,0.38581216596066953,
3520.0,0.3846115738153458,1.9156380891799927
3521.0,0.38150083646178246,
3522.0,0.38646029978990554,
3523.0,0.38450312837958334,
3524.0,0.3823275282979012,
3525.0,0.3856343537569046,1.8940283536911011
3526.0,0.3852286659181118,
3527.0,0.37899428606033325,
3528.0,0.38064687326550484,
3529.0,0.3821787241846323,
3530.0,0.38272531181573866,1.899452018737793
3531.0,0.37883408814668657,
3532.0,0.3834459722042084,
3533.0,0.3865839093923569,
3534.0,0.37499680146574976,
3535.0,0.38291674852371216,1.8834106206893921
3536.0,0.37755156233906745,
3537.0,0.3850558456033468,
3538.0,0.38127477578818797,
3539.0,0.3843157015740871,
3540.0,0.3807600412517786,1.8977229595184326
3541.0,0.3794170144945383,
3542.0,0.3835702773183584,
3543.0,0.3775959264487028,
3544.0,0.38097987696528435,
3545.0,0.3834244377911091,1.9023746728897095
3546.0,0.380772989615798,
3547.0,0.3832444425672293,
3548.0,0.38307520262897016,
3549.0,0.3809023704379797,
3550.0,0.38108742907643317,1.904618239402771
3551.0,0.38231822215020655,
3552.0,0.3819640152156353,
3553.0,0.3827149458229542,
3554.0,0.3808071807026863,
3555.0,0.37897241674363613,1.9004914522171021
3556.0,0.3823379877954721,
3557.0,0.37923526801168916,
3558.0,0.38636715449392794,
3559.0,0.38293281458318235,
3560.0,0.3814948499202728,1.8855351448059081
3561.0,0.381790516525507,
3562.0,0.384851373359561,
3563.0,0.38050875067710876,
3564.0,0.3846227638423443,
3565.0,0.38476872108876703,1.8945016860961914
3566.0,0.38842855468392373,
3567.0,0.3834207847714424,
3568.0,0.3772046647965908,
3569.0,0.384270740672946,
3570.0,0.3846217092126608,1.8999401330947876
3571.0,0.38315349705517293,
3572.0,0.38219322077929974,
3573.0,0.3817984122782946,
3574.0,0.38311949744820595,
3575.0,0.38104726672172545,1.9231924295425415
3576.0,0.38135993778705596,
3577.0,0.38843204490840433,
3578.0,0.3810471847653389,
3579.0,0.38329317755997183,
3580.0,0.3832409907132387,1.8984317541122437
3581.0,0.38553210720419884,
3582.0,0.3837625108659267,
3583.0,0.380841576308012,
3584.0,0.3837701711803675,
3585.0,0.3825664669275284,1.9021245002746583
3586.0,0.37824714556336403,
3587.0,0.3807116687297821,
3588.0,0.38294155709445477,
3589.0,0.3837092719972134,
3590.0,0.376103637367487,1.9043685913085937
3591.0,0.382154680788517,
3592.0,0.3836350940167904,
3593.0,0.3811727214604616,
3594.0,0.38336432352662086,
3595.0,0.3837881401181221,1.9087407827377318
3596.0,0.3864168021827936,
3597.0,0.3849390372633934,
3598.0,0.3827347386628389,
3599.0,0.38178173638880253,
3600.0,0.3810002408921719,1.9068319082260132
3601.0,0.38436983823776244,
3602.0,0.3827221054583788,
3603.0,0.38330888710916045,
3604.0,0.3831465311348438,
3605.0,0.3839500233530998,1.9236731052398681
3606.0,0.3844009108841419,
3607.0,0.38106347173452376,
3608.0,0.38736512288451197,
3609.0,0.38254493847489357,
3610.0,0.38052881211042405,1.903285551071167
3611.0,0.3845704525709152,
3612.0,0.3836340818554163,
3613.0,0.3819057263433933,
3614.0,0.38199356719851496,
3615.0,0.3797102961689234,1.8929816007614135
3616.0,0.3823614053428173,
3617.0,0.3880262356251478,
3618.0,0.3805276434868574,
3619.0,0.3836363613605499,
3620.0,0.38508249521255494,1.9144079208374023
3621.0,0.3875221349298954,
3622.0,0.3790621019899845,
3623.0,0.3797455050051212,
3624.0,0.38470650985836985,
3625.0,0.385204978659749,1.8941402196884156
3626.0,0.38441994301974775,
3627.0,0.381732002645731,
3628.0,0.385391690582037,
3629.0,0.38331458643078803,
3630.0,0.382923948392272,1.8928118228912354
3631.0,0.3805664423853159,
3632.0,0.38536996617913244,
3633.0,0.38403939343988897,
3634.0,0.38201447427272794,
3635.0,0.3832366019487381,1.8994939565658568
3636.0,0.3813099000602961,
3637.0,0.3825052835047245,
3638.0,0.38717542178928854,
3639.0,0.3815011329948902,
3640.0,0.3831196829676628,1.889595913887024
3641.0,0.38089723102748396,
3642.0,0.3848272509872913,
3643.0,0.38376280665397644,
3644.0,0.3832431476563215,
3645.0,0.3776701491326094,1.910892391204834
3646.0,0.38165862299501896,
3647.0,0.3857722543179989,
3648.0,0.3834367744624615,
3649.0,0.3814188502728939,
3650.0,0.3816780515015125,1.9264431476593018
3651.0,0.38578374274075034,
3652.0,0.38118415921926496,
3653.0,0.3812908187508583,
3654.0,0.38548739179968833,
3655.0,0.3817324835807085,1.8815921545028687
3656.0,0.3848201990127563,
3657.0,0.3803753532469273,
3658.0,0.38300030268728735,
3659.0,0.380534104257822,
3660.0,0.38145806044340136,1.8951775074005126
3661.0,0.3815923571586609,
3662.0,0.38140991851687434,
3663.0,0.3786013826727867,
3664.0,0.38124483823776245,
3665.0,0.3817545838654041,1.9114625453948975
3666.0,0.38407947346568105,
3667.0,0.378707205504179,
3668.0,0.37751935981214046,
3669.0,0.38059276156127453,
3670.0,0.38118383474648,1.9097421407699584
3671.0,0.38196213692426684,
3672.0,0.3809711508452892,
3673.0,0.38140300996601584,
3674.0,0.3830031372606754,
3675.0,0.38531355895102026,1.920352029800415
3676.0,0.38001208417117593,
3677.0,0.3836282599717379,
3678.0,0.38225182667374613,
3679.0,0.3800149854272604,
3680.0,0.38116275928914545,1.9003603219985963
3681.0,0.3819462902843952,
3682.0,0.38034675903618337,
3683.0,0.3854181855916977,
3684.0,0.38096745386719705,
3685.0,0.37898939587175845,1.9077653169631958
3686.0,0.3791589967906475,
3687.0,0.37768799513578416,
3688.0,0.38182872608304025,
3689.0,0.3836739804595709,
3690.0,0.38681179732084275,1.8971508502960206
3691.0,0.38312381468713286,
3692.0,0.38182519003748894,
3693.0,0.38171018064022066,
3694.0,0.3865842275321484,
3695.0,0.3836843349039555,1.9036178112030029
3696.0,0.38130390346050264,
3697.0,0.37963245809078217,
3698.0,0.37775362432003023,
3699.0,0.3820333432406187,
3700.0,0.3804018944501877,1.8846012592315673
3701.0,0.37894587218761444,
3702.0,0.3776348322629929,
3703.0,0.37907268926501275,
3704.0,0.38061887100338937,
3705.0,0.3831703409552574,1.884470248222351
3706.0,0.38270371295511724,
3707.0,0.3815575629472733,
3708.0,0.38425440564751623,
3709.0,0.3794432166963816,
3710.0,0.3809140857309103,1.8844366312026977
3711.0,0.38501014858484267,
3712.0,0.3779563758522272,
3713.0,0.38584229089319705,
3714.0,0.38104424476623533,
3715.0,0.38466438502073286,1.8849529504776001
3716.0,0.3813309624791145,
3717.0,0.3823366515338421,
3718.0,0.3818456657230854,
3719.0,0.3782785926014185,
3720.0,0.38044814541935923,1.8884805679321288
3721.0,0.38069483190774916,
3722.0,0.3761454813182354,
3723.0,0.3841219048947096,
3724.0,0.37549976631999016,
3725.0,0.3863072097301483,1.9072234153747558
3726.0,0.3860749609768391,
3727.0,0.38239985182881353,
3728.0,0.37684125974774363,
3729.0,0.3765164762735367,
3730.0,0.3791784405708313,1.9134027242660523
3731.0,0.37964443005621434,
3732.0,0.3827711261808872,
3733.0,0.3813317891210318,
3734.0,0.37978250347077847,
3735.0,0.3780886322259903,1.9041797637939453
3736.0,0.3828217081725597,
3737.0,0.3821392796933651,
3738.0,0.37792342752218244,
3739.0,0.3832694236189127,
3740.0,0.38356969244778155,1.9004953145980834
3741.0,0.3798334464430809,
3742.0,0.38031268008053304,
3743.0,0.3798527535051107,
3744.0,0.38557151705026627,
3745.0,0.38347504027187823,1.9139806270599364
3746.0,0.38331840448081494,
3747.0,0.3801040958613157,
3748.0,0.3825729012489319,
3749.0,0.37928031757473946,
3750.0,0.3790474642068148,1.899052381515503
3751.0,0.38234544843435286,
3752.0,0.3861904576420784,
3753.0,0.3811614327132702,
3754.0,0.37802077680826185,
3755.0,0.38102840110659597,1.9020220279693603
3756.0,0.3819857075810432,
3757.0,0.38485261127352716,
3758.0,0.38136143907904624,
3759.0,0.3798265278339386,
3760.0,0.3812890872359276,1.8946454286575318
3761.0,0.38012598976492884,
3762.0,0.38318748846650125,
3763.0,0.3814889878034592,
3764.0,0.3865197986364365,
3765.0,0.3829399187117815,1.9073745012283325
3766.0,0.3815442331135273,
3767.0,0.3814585216343403,
3768.0,0.3839501138776541,
3769.0,0.3781466353684664,
3770.0,0.38706270419061184,1.9145804166793823
3771.0,0.3836452789604664,
3772.0,0.38326953202486036,
3773.0,0.3760310210287571,
3774.0,0.3805125758051872,
3775.0,0.37475846856832506,1.9085594177246095
3776.0,0.3844246886670589,
3777.0,0.382940386608243,
3778.0,0.3830586303025484,
3779.0,0.3754764463752508,
3780.0,0.3812621168792248,1.8799376010894775
3781.0,0.3860156238079071,
3782.0,0.38128954321146014,
3783.0,0.3803498700261116,
3784.0,0.3743196688592434,
3785.0,0.3858084611594677,1.8950130462646484
3786.0,0.38175905495882034,
3787.0,0.3772377509623766,
3788.0,0.38476159013807776,
3789.0,0.37953418754041196,
3790.0,0.3795066408813,1.9075406551361085
3791.0,0.3797287967056036,
3792.0,0.3881316039711237,
3793.0,0.38621474131941796,
3794.0,0.38343722485005854,
3795.0,0.3825432263314724,1.9032678604125977
3796.0,0.37919642999768255,
3797.0,0.3825747147202492,
3798.0,0.3801647387444973,
3799.0,0.3802944578230381,
3800.0,0.38287292048335075,1.9037777423858642
3801.0,0.38255720511078833,
3802.0,0.3851793706417084,
3803.0,0.38035719394683837,
3804.0,0.38022504448890687,
3805.0,0.3808387592434883,1.9031655311584472
3806.0,0.37841292209923266,
3807.0,0.38019864782691004,
3808.0,0.37895830199122427,
3809.0,0.3798244707286358,
3810.0,0.382850756123662,1.8987582445144653
3811.0,0.3809553202241659,
3812.0,0.38687413446605207,
3813.0,0.3748271495103836,
3814.0,0.385564586520195,
3815.0,0.379557516798377,1.9013964653015136
3816.0,0.38158003352582454,
3817.0,0.3823571875691414,
3818.0,0.3828443095088005,
3819.0,0.3800431489944458,
3820.0,0.38222344145178794,1.9141324281692504
3821.0,0.375091515854001,
3822.0,0.3817750755697489,
3823.0,0.38047780767083167,
3824.0,0.3825099319219589,
3825.0,0.3818592119961977,1.9039792537689209
3826.0,0.38044875524938104,
3827.0,0.38008953370153903,
3828.0,0.376598772034049,
3829.0,0.38437623009085653,
3830.0,0.38443320952355864,1.908752202987671
3831.0,0.3772187758237123,
3832.0,0.3785754285752773,
3833.0,0.38501372560858727,
3834.0,0.37609836682677267,
3835.0,0.3852254081517458,1.905498194694519
3836.0,0.3828306786715984,
3837.0,0.3825023122131824,
3838.0,0.3803226727992296,
3839.0,0.3816246300935745,
3840.0,0.38440186269581317,1.9169552087783814
3841.0,0.38451111018657685,
3842.0,0.3838742010295391,
3843.0,0.38557561188936235,
3844.0,0.3776278205215931,
3845.0,0.38046692349016664,1.9239871978759766
3846.0,0.3804726503789425,
3847.0,0.3860669456422329,
3848.0,0.379937019944191,
3849.0,0.38268495462834834,
3850.0,0.3790057640522718,1.9143975019454955
3851.0,0.38823086135089396,
3852.0,0.3784276947379112,
3853.0,0.3840537156909704,
3854.0,0.3787675153464079,
3855.0,0.3790366634726524,1.8989756107330322
3856.0,0.38204247057437896,
3857.0,0.37821570932865145,
3858.0,0.38058991320431235,
3859.0,0.3806451439857483,
3860.0,0.38750332668423654,1.906634521484375
3861.0,0.3825620774179697,
3862.0,0.38153553903102877,
3863.0,0.38369683399796484,
3864.0,0.38040291145443916,
3865.0,0.37469784654676913,1.8950795888900758
3866.0,0.37869271002709864,
3867.0,0.3779236368834972,
3868.0,0.3826420720666647,
3869.0,0.38084217607975007,
3870.0,0.3774042040109634,1.9162226676940919
3871.0,0.38127857744693755,
3872.0,0.3854962456971407,
3873.0,0.37575063966214656,
3874.0,0.3823442444205284,
3875.0,0.3853707581758499,1.9057569265365601
3876.0,0.38117925077676773,
3877.0,0.37875736355781553,
3878.0,0.3788629215210676,
3879.0,0.38488149009644984,
3880.0,0.38421274423599244,1.8995229482650757
3881.0,0.3824208214879036,
3882.0,0.38143003545701504,
3883.0,0.3815554119646549,
3884.0,0.3801381528377533,
3885.0,0.38150155209004877,1.913337731361389
3886.0,0.3812981717288494,
3887.0,0.3814079508185387,
3888.0,0.3808101028203964,
3889.0,0.37718166075646875,
3890.0,0.38248272314667703,1.9129454135894775
3891.0,0.3820128098130226,
3892.0,0.3826976366341114,
3893.0,0.3852763183414936,
3894.0,0.381194481253624,
3895.0,0.3815716251730919,1.9162026166915893
3896.0,0.3837365910410881,
3897.0,0.3858403470367193,
3898.0,0.3775421380996704,
3899.0,0.3841402992606163,
3900.0,0.3764746904373169,1.902378535270691
3901.0,0.37806667424738405,
3902.0,0.37767921574413776,
3903.0,0.3793106503784657,
3904.0,0.3836327984929085,
3905.0,0.38159399926662446,1.8909427165985107
3906.0,0.3823147930204868,
3907.0,0.3808544043451548,
3908.0,0.37791952267289164,
3909.0,0.3861934721469879,
3910.0,0.38284047655761244,1.90287024974823
3911.0,0.3785854749381542,
3912.0,0.3827760357409716,
3913.0,0.38010482490062714,
3914.0,0.37790199033915994,
3915.0,0.38299863375723364,1.9132447004318238
3916.0,0.3815334219485521,
3917.0,0.38389142975211143,
3918.0,0.3862513039261103,
3919.0,0.3803225219249725,
3920.0,0.3799923826009035,1.907216763496399
3921.0,0.3850860521197319,
3922.0,0.38325951620936394,
3923.0,0.3824373513460159,
3924.0,0.3848367568105459,
3925.0,0.3783421631902456,1.93222496509552
3926.0,0.3835365705192089,
3927.0,0.3842787630856037,
3928.0,0.3794012043625116,
3929.0,0.3826373241841793,
3930.0,0.38683947920799255,1.9269482612609863
3931.0,0.3779230982065201,
3932.0,0.3866462644189596,
3933.0,0.38071358799934385,
3934.0,0.3802542220801115,
3935.0,0.3846796747297049,1.8908463001251221
3936.0,0.38672557547688485,
3937.0,0.38223131075501443,
3938.0,0.3819521714001894,
3939.0,0.386641637980938,
3940.0,0.38247712701559067,1.8909945964813233
3941.0,0.3789706155657768,
3942.0,0.37945203520357607,
3943.0,0.38336469493806363,
3944.0,0.3786168698221445,
3945.0,0.3824430420994759,1.9122675657272339
3946.0,0.38062229976058004,
3947.0,0.37742847502231597,
3948.0,0.3795967813581228,
3949.0,0.3814717598259449,
3950.0,0.3808193065226078,1.9204671382904053
3951.0,0.37893773019313814,
3952.0,0.3814318463206291,
3953.0,0.38211380168795583,
3954.0,0.3818807065486908,
3955.0,0.37826627753674985,1.90002281665802
3956.0,0.3812904879450798,
3957.0,0.38140984550118445,
3958.0,0.38607626035809517,
3959.0,0.38084526769816873,
3960.0,0.37996902614831923,1.9255422115325929
3961.0,0.3809285990893841,
3962.0,0.38242690078914165,
3963.0,0.3828796729445457,
3964.0,0.3830828256905079,
3965.0,0.37816132344305514,1.9075037717819214
3966.0,0.3815911792218685,
3967.0,0.37679221034049987,
3968.0,0.38065058551728725,
3969.0,0.3815526843070984,
3970.0,0.3821821853518486,1.9206344604492187
3971.0,0.38249421752989293,
3972.0,0.38639620654284956,
3973.0,0.3789251413196325,
3974.0,0.3791506826877594,
3975.0,0.3783756986260414,1.9090065240859986
3976.0,0.3826909977942705,
3977.0,0.37849962823092936,
3978.0,0.3833229772746563,
3979.0,0.3805817890912294,
3980.0,0.3782706417143345,1.898291563987732
3981.0,0.3808534167706966,
3982.0,0.3777971647679806,
3983.0,0.37871079742908476,
3984.0,0.3823179744184017,
3985.0,0.3876151189208031,1.9123546600341796
3986.0,0.3765281669795513,
3987.0,0.3842793058604002,
3988.0,0.3789073184132576,
3989.0,0.38182431384921073,
3990.0,0.38233544714748857,1.9230957269668578
3991.0,0.3795123495161533,
3992.0,0.3809055291116238,
3993.0,0.376745768263936,
3994.0,0.37823288291692736,
3995.0,0.38074392452836037,1.9087129354476928
3996.0,0.38654513880610464,
3997.0,0.38350511007010935,
3998.0,0.3833666857331991,
3999.0,0.3772961784154177,
4000.0,0.38292085379362106,1.9191668272018432
