epoch,train_loss,val_loss,epoch_time_s,peak_gpu_mem_mb,cumul_train_time_s
2146,0.7194448783993721,,86.10,53153,86.10
2147,0.7099670022726059,,8.23,52687,94.33
2148,0.7225241959095001,,8.64,52620,102.97
2149,0.7588111311197281,,8.24,52699,111.21
2150,0.7167912498116493,0.8674944043159485,8.43,52250,119.64
2151,0.7366984188556671,,8.31,53421,127.95
2152,0.7358098030090332,,8.25,54035,136.20
2153,0.7720993086695671,,8.63,53699,144.83
2154,0.7250380888581276,,8.55,52680,153.38
2155,0.7067360803484917,0.8435779015223185,9.55,52552,162.93
2156,0.7239505723118782,,8.76,52362,171.69
2157,0.7314670532941818,,8.45,52679,180.14
2158,0.7574315145611763,,9.08,52509,189.22
2159,0.7895112261176109,,8.43,52480,197.65
2160,0.7508491054177284,0.8886418541272482,8.52,52764,206.17
2161,0.7344936206936836,,8.32,52446,214.49
2162,0.7732587233185768,,8.31,52445,222.79
2163,0.7008713036775589,,8.43,52617,231.23
2164,0.7307270988821983,,8.40,52401,239.63
2165,0.7670996934175491,0.870728611946106,8.62,52677,248.25
2166,0.7575037702918053,,8.69,53018,256.93
2167,0.7300689592957497,,8.29,52671,265.22
2168,0.7326495870947838,,8.81,52718,274.03
2169,0.7728040963411331,,8.92,52399,282.96
2170,0.7543840035796165,0.8687770565350851,8.64,52786,291.60
2171,0.7506649792194366,,8.35,52713,299.94
2172,0.7375275790691376,,8.14,52862,308.09
2173,0.7405466809868813,,8.08,52852,316.16
2174,0.7325160875916481,,8.39,52622,324.56
2175,0.7142110541462898,0.824296772480011,8.50,52385,333.05
2176,0.7269586473703384,,8.15,52491,341.20
2177,0.7858205810189247,,7.74,52782,348.95
2178,0.7774604856967926,,8.46,52900,357.41
2179,0.7977828681468964,,8.41,52477,365.81
2180,0.7571531310677528,0.8128429452578226,8.49,52733,374.30
2181,0.7316097989678383,,7.46,52934,381.76
2182,0.7790172845125198,,7.96,52368,389.73
2183,0.7547217980027199,,8.43,52718,398.16
2184,0.7549425959587097,,7.95,52774,406.11
2185,0.7492097169160843,0.8813698093096415,7.85,52850,413.95
2186,0.717025600373745,,7.72,52882,421.68
2187,0.7140357345342636,,7.72,52807,429.40
2188,0.7551095560193062,,7.97,52678,437.36
2189,0.765590250492096,,8.13,52821,445.49
2190,0.7438436523079872,0.8470437924067179,8.36,52271,453.85
2191,0.7304680049419403,,7.79,52902,461.64
2192,0.7710616141557693,,8.37,52515,470.01
2193,0.7524295449256897,,7.92,52563,477.93
2194,0.7023986279964447,,8.17,52665,486.10
2195,0.7250307947397232,0.8352164824803671,7.67,52707,493.77
2196,0.7115844190120697,,7.69,52622,501.46
2197,0.7614092379808426,,7.98,52642,509.44
2198,0.7551285922527313,,8.22,52986,517.66
2199,0.7345940172672272,,8.32,52496,525.98
2200,0.7521336674690247,0.8301361203193665,7.96,52667,533.94
2201,0.7598726376891136,,8.75,52619,542.69
2202,0.7423667386174202,,8.73,52381,551.42
2203,0.7411483824253082,,9.07,52695,560.49
2204,0.7588758692145348,,7.98,52562,568.47
2205,0.7269242703914642,0.9013267159461975,8.03,52838,576.50
2206,0.7452657893300056,,7.64,52620,584.14
2207,0.7401925176382065,,7.94,52500,592.08
2208,0.7510234266519547,,8.38,52941,600.46
2209,0.7382042482495308,,8.55,52473,609.01
2210,0.7423486858606339,0.8546495238939921,8.64,52626,617.65
2211,0.7144453674554825,,8.58,52935,626.24
2212,0.7225634753704071,,8.28,52540,634.52
2213,0.7472024485468864,,8.83,52573,643.34
2214,0.739052064716816,,8.79,53164,652.13
2215,0.789331816136837,0.9056349992752075,9.75,52776,661.88
2216,0.7278575599193573,,8.20,52623,670.08
2217,0.769062802195549,,8.54,52863,678.62
2218,0.7788449749350548,,8.81,52977,687.44
2219,0.7345162853598595,,8.71,52437,696.14
2220,0.733695849776268,0.9310898979504904,8.69,53368,704.84
2221,0.7202212065458298,,8.48,52766,713.32
2222,0.7509550750255585,,8.24,52494,721.55
2223,0.724082700908184,,8.71,52585,730.26
2224,0.7253433614969254,,8.97,52725,739.24
2225,0.7465925216674805,0.8845933874448141,8.14,52577,747.38
2226,0.7597599029541016,,8.50,52854,755.87
2227,0.7336036413908005,,8.10,52659,763.98
2228,0.7465865835547447,,8.43,52420,772.41
2229,0.6916815862059593,,8.05,52819,780.46
2230,0.6871352195739746,0.8980323274930319,7.75,52579,788.21
2231,0.752767987549305,,8.54,52493,796.75
2232,0.7465223520994186,,8.54,52922,805.29
2233,0.7221688628196716,,8.50,52671,813.79
2234,0.7289732545614243,,8.96,52621,822.75
2235,0.7312566041946411,0.8324177662531534,8.81,52974,831.56
2236,0.7316422238945961,,8.25,52594,839.81
2237,0.7540810853242874,,8.12,52713,847.93
2238,0.733508788049221,,9.30,52448,857.23
2239,0.7263044565916061,,9.28,52523,866.51
2240,0.7312661781907082,0.8363481163978577,8.53,52585,875.04
2241,0.7380609884858131,,9.28,52805,884.32
2242,0.7423992305994034,,8.26,52241,892.58
2243,0.7210674062371254,,7.63,52615,900.21
2244,0.7966163009405136,,7.86,52353,908.07
2245,0.7261821180582047,0.8325996001561483,8.70,52611,916.77
2246,0.7752443253993988,,8.67,52411,925.44
2247,0.7550908178091049,,8.85,52668,934.29
2248,0.7496548742055893,,8.99,52403,943.28
2249,0.7643390372395515,,8.23,52842,951.51
2250,0.7389530092477798,0.8543688257535299,8.28,52501,959.79
2251,0.7341006025671959,,8.80,52689,968.59
2252,0.7565302550792694,,7.88,52453,976.48
2253,0.697842188179493,,9.06,52765,985.53
2254,0.7783312872052193,,7.82,53013,993.35
2255,0.736974373459816,0.8664710919062296,7.96,53299,1001.31
2256,0.7098435312509537,,8.37,52875,1009.67
2257,0.7242864668369293,,8.17,52629,1017.85
2258,0.6998612135648727,,9.30,52761,1027.14
2259,0.7409453168511391,,8.80,52428,1035.94
2260,0.7375570759177208,0.9343716502189636,8.45,52564,1044.40
2261,0.744787260890007,,8.87,52799,1053.26
2262,0.7427954077720642,,8.33,53211,1061.60
2263,0.7090091034770012,,8.75,52595,1070.34
2264,0.7002017647027969,,8.23,52329,1078.58
2265,0.7601038664579391,0.9340420365333557,8.33,52676,1086.91
2266,0.7556453123688698,,8.30,52920,1095.21
2267,0.7476242929697037,,8.09,52774,1103.31
2268,0.7349485233426094,,8.14,53137,1111.45
2269,0.7433043122291565,,8.46,52676,1119.91
2270,0.7229942232370377,0.8482071955998739,8.42,53097,1128.33
2271,0.7544464766979218,,8.55,52364,1136.88
2272,0.795612134039402,,7.90,52445,1144.78
2273,0.7387033253908157,,8.29,52834,1153.07
2274,0.7295124605298042,,8.64,52922,1161.71
2275,0.7850925922393799,0.8265827496846517,8.34,53117,1170.05
2276,0.7112880796194077,,9.06,52659,1179.11
2277,0.7296376600861549,,9.12,52370,1188.23
2278,0.7205916047096252,,8.03,52551,1196.26
2279,0.7251744121313095,,7.92,52598,1204.18
2280,0.7244025617837906,0.8940017620722452,8.05,52596,1212.24
2281,0.7427162453532219,,8.88,52557,1221.12
2282,0.7276605814695358,,8.73,52629,1229.84
2283,0.7591036036610603,,8.09,52902,1237.94
2284,0.7350528612732887,,8.42,52793,1246.35
2285,0.6713216751813889,0.8750601410865784,9.12,52661,1255.47
2286,0.7185791060328484,,8.95,52765,1264.42
2287,0.7344857230782509,,8.96,52550,1273.38
2288,0.7581127062439919,,8.34,52929,1281.73
2289,0.6781499311327934,,8.52,52211,1290.25
2290,0.7600161880254745,0.8590545256932577,9.09,52635,1299.34
2291,0.7609199360013008,,8.40,52660,1307.74
2292,0.7400572523474693,,8.24,52997,1315.98
2293,0.7807504385709763,,8.06,52616,1324.03
2294,0.7352023273706436,,7.99,52614,1332.02
2295,0.7381558865308762,0.8451452056566874,7.92,52986,1339.94
2296,0.7420904263854027,,8.96,52726,1348.89
2297,0.7572385296225548,,8.46,52587,1357.35
2298,0.8146515712141991,,9.26,52944,1366.61
2299,0.722289688885212,,9.10,52640,1375.71
2300,0.7690960913896561,0.8225635886192322,7.85,52461,1383.56
2301,0.747878834605217,,8.32,52523,1391.87
2302,0.7352746427059174,,8.40,52737,1400.27
2303,0.8075156584382057,,8.37,52621,1408.65
2304,0.7507273256778717,,8.20,52636,1416.85
2305,0.7872453257441521,0.9178220828374227,8.64,52537,1425.49
2306,0.7658346220850945,,8.25,52632,1433.74
2307,0.7557241097092628,,8.18,52666,1441.92
2308,0.7266440093517303,,8.14,52988,1450.06
2309,0.7329027503728867,,8.49,52529,1458.55
2310,0.7087117433547974,0.8708276549975077,7.57,52582,1466.12
2311,0.7667143642902374,,7.50,52976,1473.62
2312,0.7556365728378296,,8.01,52706,1481.63
2313,0.7539110258221626,,7.98,52483,1489.61
2314,0.7102868631482124,,7.97,52524,1497.58
2315,0.7102382555603981,0.8984978596369425,7.65,52810,1505.23
2316,0.7386682853102684,,8.04,52673,1513.27
2317,0.7544959038496017,,8.12,52804,1521.39
2318,0.7721003443002701,,8.12,52453,1529.51
2319,0.7356343418359756,,9.30,52540,1538.82
2320,0.726260781288147,0.8969656229019165,9.22,52826,1548.03
2321,0.7002743929624557,,8.53,52675,1556.56
2322,0.7312977537512779,,7.84,52824,1564.40
2323,0.7070897594094276,,7.69,52616,1572.09
2324,0.7677596211433411,,8.37,52931,1580.46
2325,0.730776846408844,0.9148394068082174,9.00,52795,1589.46
2326,0.7464994490146637,,8.17,52880,1597.64
2327,0.7451576739549637,,7.98,52651,1605.62
2328,0.7460896745324135,,8.54,52766,1614.16
2329,0.745984360575676,,8.02,52388,1622.18
2330,0.7146805748343468,0.869170089562734,8.29,52418,1630.46
2331,0.704797200858593,,8.22,52626,1638.68
2332,0.7854569554328918,,8.76,52444,1647.44
2333,0.7510831281542778,,8.30,52509,1655.74
2334,0.7282432317733765,,7.97,52800,1663.72
2335,0.7380510419607162,0.8872466882069906,8.39,52757,1672.11
2336,0.7626775726675987,,8.05,52658,1680.16
2337,0.7523832693696022,,8.50,52976,1688.66
2338,0.6888357698917389,,9.01,53122,1697.67
2339,0.7098172083497047,,8.05,52615,1705.72
2340,0.7011419162154198,0.9479103287061056,8.20,53591,1713.92
2341,0.7340816706418991,,8.07,52845,1722.00
2342,0.7987010106444359,,8.62,52757,1730.62
2343,0.7195377349853516,,8.69,52474,1739.31
2344,0.7300685048103333,,8.08,52502,1747.39
2345,0.7472173944115639,0.8817830085754395,8.56,52541,1755.95
2346,0.7263549789786339,,8.33,52406,1764.28
2347,0.7471116259694099,,8.60,52838,1772.88
2348,0.7351181209087372,,8.09,52610,1780.97
2349,0.7149073407053947,,8.51,52672,1789.49
2350,0.7506899014115334,0.9003430008888245,8.19,52717,1797.67
2351,0.7341329529881477,,8.49,52645,1806.17
2352,0.7235890701413155,,8.22,52560,1814.38
2353,0.6962275430560112,,7.84,52815,1822.22
2354,0.717049166560173,,8.10,53025,1830.33
2355,0.7524215579032898,0.9282376766204834,7.80,52670,1838.13
2356,0.746256060898304,,7.61,52907,1845.74
2357,0.7437876760959625,,7.90,52826,1853.63
2358,0.7688874304294586,,7.69,52541,1861.33
2359,0.7225476056337357,,7.61,52856,1868.93
2360,0.7385840639472008,0.8361480832099915,8.94,52601,1877.87
2361,0.7266045212745667,,8.36,52915,1886.23
2362,0.715091735124588,,8.62,52533,1894.85
2363,0.7164675518870354,,8.57,52500,1903.42
2364,0.7246569395065308,,7.79,52549,1911.22
2365,0.702887199819088,0.8814463019371033,8.27,52913,1919.48
2366,0.7590353861451149,,8.34,52627,1927.83
2367,0.6957667246460915,,8.87,52985,1936.69
2368,0.7362014874815941,,7.71,52580,1944.40
2369,0.7209790572524071,,8.57,52891,1952.97
2370,0.7707210779190063,0.8555538058280945,8.39,52536,1961.36
2371,0.7201641723513603,,7.68,52372,1969.04
2372,0.7725160345435143,,8.04,53142,1977.08
2373,0.7393549457192421,,8.62,53074,1985.70
2374,0.7115816622972488,,8.07,52575,1993.77
2375,0.7416058257222176,0.8882673184076945,8.21,52907,2001.98
2376,0.74214918166399,,8.03,52599,2010.02
2377,0.7524323165416718,,8.83,52605,2018.85
2378,0.7527288123965263,,8.39,52366,2027.23
2379,0.7421362549066544,,8.07,52470,2035.30
2380,0.7464189976453781,0.8264854351679484,8.96,52435,2044.26
2381,0.7408747524023056,,9.14,53027,2053.40
2382,0.769398607313633,,8.29,52552,2061.70
2383,0.7122413218021393,,8.68,52491,2070.37
2384,0.7510419264435768,,7.97,52833,2078.35
2385,0.7102226838469505,0.8574716448783875,8.33,52824,2086.67
2386,0.6948022320866585,,8.57,52678,2095.24
2387,0.7129179090261459,,8.48,52562,2103.72
2388,0.7427517622709274,,7.96,52711,2111.69
2389,0.7667149230837822,,8.52,53002,2120.20
2390,0.6913079619407654,0.9034135540326437,8.09,52651,2128.29
2391,0.6915614381432533,,8.71,52820,2137.00
2392,0.7482002303004265,,8.59,52593,2145.59
2393,0.7167807891964912,,9.23,52693,2154.82
2394,0.7476856485009193,,8.26,52876,2163.08
2395,0.7761306017637253,0.88653165102005,8.35,52818,2171.43
2396,0.729397252202034,,9.03,53437,2180.45
2397,0.7353319972753525,,8.31,52763,2188.76
2398,0.7099599540233612,,9.17,52570,2197.93
2399,0.7288624718785286,,8.15,52570,2206.08
2400,0.7671946063637733,0.9140745600064596,8.26,52719,2214.34
2401,0.7637407630681992,,8.29,52557,2222.63
2402,0.7443723008036613,,8.59,52938,2231.23
2403,0.7569510415196419,,7.78,52335,2239.00
2404,0.7242706418037415,,7.87,52874,2246.87
2405,0.7289828732609749,0.7837386727333069,8.47,52828,2255.34
2406,0.7525268346071243,,8.57,52835,2263.90
2407,0.776713564991951,,8.71,52866,2272.61
2408,0.7233542427420616,,9.10,52658,2281.71
2409,0.7666905522346497,,8.13,52585,2289.84
2410,0.7374501302838326,0.8493137955665588,8.17,52277,2298.01
2411,0.7836640849709511,,8.21,52624,2306.23
2412,0.7064509242773056,,8.29,52513,2314.52
2413,0.7302287220954895,,8.90,52841,2323.42
2414,0.7405110821127892,,8.56,52913,2331.98
2415,0.75914116948843,0.9010842045148214,8.99,52708,2340.97
2416,0.7241256833076477,,8.15,52425,2349.11
2417,0.7228428423404694,,7.92,52493,2357.03
2418,0.7403526157140732,,8.08,53062,2365.11
2419,0.7301768660545349,,8.08,52483,2373.19
2420,0.6865412294864655,0.8819690942764282,8.20,52505,2381.39
2421,0.7517378628253937,,9.00,52590,2390.39
2422,0.7263196185231209,,8.70,52677,2399.09
2423,0.7493421584367752,,8.59,52448,2407.68
2424,0.7301919683814049,,8.23,52676,2415.90
2425,0.7075123861432076,0.8700896898905436,8.29,52880,2424.20
2426,0.7245713919401169,,8.35,52569,2432.55
2427,0.748737134039402,,8.61,52977,2441.16
2428,0.7366848140954971,,8.57,52628,2449.73
2429,0.7332583963871002,,8.23,53024,2457.95
2430,0.7536819204688072,0.9062594970067342,8.19,52822,2466.14
2431,0.66378054022789,,8.02,52547,2474.16
2432,0.7342860475182533,,8.71,52950,2482.87
2433,0.7141543552279472,,8.12,52381,2490.98
2434,0.7203886285424232,,9.16,52538,2500.15
2435,0.7389943897724152,0.8393216530481974,7.93,52782,2508.08
2436,0.7443013340234756,,7.99,52866,2516.06
2437,0.7178849279880524,,8.28,52550,2524.35
2438,0.7239821702241898,,8.99,52820,2533.34
2439,0.7318289652466774,,8.88,52443,2542.22
2440,0.7735906019806862,0.8474733034769694,8.98,52890,2551.20
2441,0.7438090741634369,,8.82,52452,2560.02
2442,0.7523751109838486,,8.61,52940,2568.63
2443,0.7292507961392403,,8.39,52447,2577.03
2444,0.6974888443946838,,7.92,53048,2584.95
2445,0.7696598172187805,0.9197269082069397,8.50,52660,2593.45
2446,0.759896531701088,,8.85,52885,2602.30
2447,0.7563724294304848,,8.55,52588,2610.86
2448,0.7312998101115227,,8.52,52510,2619.37
2449,0.7635981738567352,,8.35,52794,2627.72
2450,0.7171186283230782,0.873956561088562,9.02,52471,2636.74
2451,0.7550650238990784,,7.91,52374,2644.65
2452,0.6808598563075066,,8.33,52690,2652.98
2453,0.751835934817791,,7.71,52910,2660.68
2454,0.732533872127533,,8.92,52432,2669.60
2455,0.732091136276722,0.8051400979359945,7.76,52845,2677.36
2456,0.6941797286272049,,8.34,52418,2685.70
2457,0.7079673856496811,,8.91,52844,2694.61
2458,0.7112282961606979,,8.01,52876,2702.62
2459,0.7558033987879753,,8.07,52685,2710.69
2460,0.7345467880368233,0.9060693581899008,7.81,52437,2718.50
2461,0.7234578281641006,,8.80,52639,2727.30
2462,0.7538706064224243,,8.52,52735,2735.83
2463,0.7145939618349075,,8.22,52446,2744.05
2464,0.7280651107430458,,9.10,53070,2753.14
2465,0.751605674624443,0.9303406675656637,8.59,52723,2761.73
2466,0.7181617990136147,,8.18,52609,2769.91
2467,0.750110886991024,,8.48,52607,2778.40
2468,0.7112580090761185,,8.01,53015,2786.41
2469,0.754753515124321,,8.21,52409,2794.62
2470,0.7455652877688408,0.8853435118993124,7.95,52451,2802.57
2471,0.7152913585305214,,8.89,52538,2811.46
2472,0.7452994212508202,,8.42,52554,2819.88
2473,0.7944443747401237,,8.68,52692,2828.56
2474,0.7453191131353378,,8.52,52737,2837.07
2475,0.7333085611462593,0.9048740863800049,8.77,52747,2845.84
2476,0.6912485584616661,,8.23,52579,2854.08
2477,0.7313630059361458,,8.79,52783,2862.86
2478,0.728224977850914,,8.07,52696,2870.93
2479,0.7270352691411972,,8.32,52810,2879.25
2480,0.7322211563587189,0.8424059351285299,8.15,52660,2887.40
2481,0.7446416020393372,,8.26,52490,2895.66
2482,0.6994958072900772,,8.13,52946,2903.79
2483,0.7271868586540222,,8.18,53122,2911.97
2484,0.7248388901352882,,8.30,52996,2920.27
2485,0.7521447837352753,0.8155146241188049,7.76,52822,2928.04
2486,0.7501929774880409,,8.30,52357,2936.33
2487,0.7296647056937218,,8.14,52780,2944.47
2488,0.6917647868394852,,8.06,52778,2952.53
2489,0.7456459328532219,,8.38,52768,2960.91
2490,0.6931618899106979,0.902977466583252,8.90,52600,2969.81
2491,0.7414740920066833,,8.69,52757,2978.50
2492,0.7666485756635666,,8.90,52508,2987.39
2493,0.7474845498800278,,8.16,52548,2995.55
2494,0.7186855897307396,,8.46,52754,3004.01
2495,0.6831992492079735,0.9535155693689982,8.14,52717,3012.15
2496,0.7741278186440468,,8.43,52708,3020.57
2497,0.7411725968122482,,8.03,52807,3028.60
2498,0.758091077208519,,8.59,52643,3037.19
2499,0.7388275191187859,,8.10,52769,3045.30
2500,0.678445540368557,0.9709140658378601,7.28,53046,3052.58
2501,0.728857547044754,,8.24,52778,3060.82
2502,0.7227861657738686,,8.10,52330,3068.92
2503,0.7073977440595627,,8.19,52718,3077.11
2504,0.7251205742359161,,8.43,52413,3085.54
2505,0.7581668794155121,0.9228102167447408,8.35,52344,3093.88
2506,0.7476394698023796,,8.42,53032,3102.30
2507,0.7570609599351883,,8.39,52269,3110.70
2508,0.779877245426178,,8.32,52716,3119.01
2509,0.7411979660391808,,8.65,53245,3127.66
2510,0.746442437171936,0.8688040177027384,8.33,52298,3135.99
2511,0.7510410472750664,,8.47,52701,3144.46
2512,0.737040638923645,,8.36,52839,3152.82
2513,0.7246415764093399,,8.29,52547,3161.11
2514,0.7544103413820267,,8.16,53228,3169.27
2515,0.7366601675748825,0.8445780078570048,7.74,52811,3177.02
2516,0.7285744920372963,,8.61,52833,3185.63
2517,0.7357420697808266,,8.02,52506,3193.65
2518,0.7557738199830055,,7.81,52637,3201.46
2519,0.7346198111772537,,8.84,52526,3210.30
2520,0.7127956673502922,0.8817910353342692,8.26,52484,3218.56
2521,0.7744671031832695,,9.03,52655,3227.59
2522,0.7116911113262177,,8.47,53144,3236.06
2523,0.7235169783234596,,8.93,53227,3244.99
2524,0.7688235640525818,,9.05,52602,3254.05
2525,0.6809437796473503,0.8816821575164795,8.13,52894,3262.18
2526,0.7278808355331421,,8.67,52881,3270.84
2527,0.7448491603136063,,7.67,52824,3278.51
2528,0.6792672425508499,,8.82,52820,3287.34
2529,0.7259831354022026,,7.98,52598,3295.32
2530,0.7246083915233612,0.9078220129013062,8.75,52600,3304.06
2531,0.7104979604482651,,8.46,53014,3312.52
2532,0.7114229649305344,,8.17,52505,3320.69
2533,0.7317032441496849,,8.62,52854,3329.31
2534,0.6910156086087227,,8.39,52590,3337.70
2535,0.7332891598343849,0.8527694543202718,8.49,52840,3346.19
2536,0.694868415594101,,7.82,52765,3354.01
2537,0.706060416996479,,8.06,52664,3362.07
2538,0.7249858528375626,,8.19,52530,3370.26
2539,0.760851539671421,,8.09,52733,3378.35
2540,0.7320853173732758,0.9071285724639893,8.53,52526,3386.88
2541,0.742946445941925,,8.20,52773,3395.08
2542,0.7380100712180138,,8.04,52312,3403.12
2543,0.7464346811175346,,8.53,52639,3411.65
2544,0.7214602008461952,,8.61,52535,3420.25
2545,0.785935141146183,0.8593810200691223,8.52,52639,3428.78
2546,0.739317461848259,,8.73,52441,3437.51
2547,0.707035519182682,,8.89,52891,3446.40
2548,0.7700202092528343,,8.60,52724,3455.00
2549,0.7412661388516426,,8.09,52410,3463.08
2550,0.7370220348238945,0.884033183256785,8.48,52480,3471.56
2551,0.7554703801870346,,8.89,52558,3480.45
2552,0.7092562019824982,,8.34,52747,3488.79
2553,0.6867480129003525,,8.09,52228,3496.88
2554,0.6685467287898064,,7.97,52515,3504.86
2555,0.7164545059204102,0.8533128102620443,7.94,52528,3512.80
2556,0.6864899396896362,,8.12,52824,3520.92
2557,0.764131061732769,,8.30,52609,3529.22
2558,0.7906589657068253,,8.49,52850,3537.71
2559,0.6944999545812607,,8.66,52598,3546.37
2560,0.7588611617684364,0.9143469532330831,8.15,52485,3554.52
2561,0.7103834077715874,,8.24,52456,3562.76
2562,0.7490773946046829,,8.58,52788,3571.34
2563,0.7568782716989517,,8.35,52636,3579.69
2564,0.7230931520462036,,7.89,52527,3587.58
2565,0.7226755544543266,0.8829488158226013,8.32,52895,3595.90
2566,0.7572891488671303,,8.94,52666,3604.84
2567,0.7358741909265518,,8.20,52515,3613.04
2568,0.6921274289488792,,8.28,52531,3621.33
2569,0.7270611226558685,,8.85,52502,3630.18
2570,0.7001923620700836,0.8947336673736572,8.13,53130,3638.32
2571,0.7621305584907532,,7.97,53011,3646.29
2572,0.6989942491054535,,8.11,52829,3654.39
2573,0.7167402878403664,,7.94,52877,3662.33
2574,0.7156595215201378,,8.47,52529,3670.80
2575,0.7222370356321335,0.9006203611691793,9.08,52772,3679.88
2576,0.699622206389904,,8.36,52510,3688.24
2577,0.6772583872079849,,8.78,52814,3697.02
2578,0.690101757645607,,9.12,52827,3706.14
2579,0.7380435913801193,,8.11,52517,3714.24
2580,0.7710107117891312,0.9164444208145142,8.06,52849,3722.30
2581,0.7535289973020554,,8.30,52600,3730.60
2582,0.6867994591593742,,8.53,52840,3739.13
2583,0.7580304965376854,,8.60,52577,3747.73
2584,0.7443066462874413,,8.44,52763,3756.17
2585,0.6757689937949181,0.856869101524353,7.61,52696,3763.78
2586,0.7930837646126747,,8.44,52590,3772.22
2587,0.6894324496388435,,7.93,52592,3780.15
2588,0.7027706354856491,,8.06,52402,3788.21
2589,0.709599532186985,,8.30,52701,3796.51
2590,0.7574670389294624,0.955011785030365,7.83,52660,3804.34
2591,0.7554441839456558,,8.86,52408,3813.20
2592,0.794412262737751,,8.27,52433,3821.48
2593,0.7313349917531013,,8.32,52625,3829.80
2594,0.7214116677641869,,8.63,52798,3838.43
2595,0.7299606502056122,0.8849058151245117,8.21,52833,3846.64
2596,0.7338568344712257,,8.23,52725,3854.86
2597,0.6873828917741776,,7.34,52657,3862.20
2598,0.7493218630552292,,7.37,52726,3869.56
2599,0.7108777686953545,,8.14,52526,3877.71
2600,0.7634358331561089,0.8651978373527527,9.36,52794,3887.06
2601,0.7053905054926872,,7.68,52652,3894.74
2602,0.7611301615834236,,7.97,52996,3902.71
2603,0.7364422902464867,,7.97,52558,3910.69
2604,0.766822449862957,,8.15,52666,3918.84
2605,0.7505915686488152,0.9604712327321371,7.85,52681,3926.69
2606,0.7201668545603752,,7.67,52279,3934.35
2607,0.7146801427006721,,8.66,52345,3943.01
2608,0.6801032349467278,,8.36,52565,3951.37
2609,0.7548245042562485,,8.54,52452,3959.91
2610,0.733821265399456,0.8691307107607523,8.64,52826,3968.55
2611,0.7249356359243393,,8.23,52350,3976.78
2612,0.7147218063473701,,8.62,52710,3985.40
2613,0.7063070610165596,,8.19,52704,3993.59
2614,0.7406948953866959,,8.47,52573,4002.06
2615,0.7300301939249039,0.8908300797144572,7.97,52391,4010.02
2616,0.6988952979445457,,8.60,52524,4018.62
2617,0.7304825559258461,,8.83,52369,4027.45
2618,0.724967747926712,,8.67,52814,4036.12
2619,0.7148508206009865,,8.68,53192,4044.81
2620,0.6827951744198799,0.8004222512245178,8.46,52951,4053.27
2621,0.7293679788708687,,8.42,52563,4061.69
2622,0.7491060495376587,,8.48,52552,4070.17
2623,0.6905233934521675,,8.97,52679,4079.14
2624,0.7894995510578156,,9.24,52836,4088.38
2625,0.684043750166893,0.8217766880989075,8.04,52805,4096.42
2626,0.7051431462168694,,8.53,52982,4104.95
2627,0.7465127557516098,,8.49,52715,4113.45
2628,0.7341316118836403,,8.82,52851,4122.27
2629,0.7053378075361252,,7.83,52671,4130.10
2630,0.7013596072793007,0.9167206684748331,8.73,52819,4138.82
2631,0.6974492818117142,,8.23,52491,4147.05
2632,0.7543918490409851,,8.63,52600,4155.68
2633,0.7538168802857399,,8.24,53188,4163.93
2634,0.686158262193203,,8.27,52413,4172.19
2635,0.7185445725917816,0.9422247608502706,8.77,52630,4180.96
2636,0.6895426362752914,,8.85,52933,4189.81
2637,0.7389910221099854,,8.97,52810,4198.77
2638,0.7105114907026291,,8.77,52613,4207.55
2639,0.758192852139473,,8.71,52777,4216.26
2640,0.7072006165981293,0.898742655913035,9.11,52958,4225.37
2641,0.723854772746563,,8.50,52564,4233.86
2642,0.7104422822594643,,8.56,52655,4242.43
2643,0.7208515629172325,,8.57,52499,4251.00
2644,0.695410467684269,,7.97,52437,4258.97
2645,0.6949344649910927,0.9763626257578532,8.63,52626,4267.60
2646,0.6816641464829445,,8.48,52899,4276.08
2647,0.7633678242564201,,8.59,52716,4284.67
2648,0.7176392152905464,,8.24,52909,4292.91
2649,0.6636492162942886,,7.89,52569,4300.80
2650,0.6824854463338852,0.9138688047726949,8.41,52606,4309.21
2651,0.7022825628519058,,8.93,52588,4318.14
2652,0.7310939058661461,,8.22,52795,4326.36
2653,0.7141357362270355,,8.40,52794,4334.76
2654,0.7592609599232674,,8.84,52327,4343.60
2655,0.7038266882300377,0.8948066234588623,8.40,52644,4352.00
2656,0.6809946969151497,,7.75,52729,4359.75
2657,0.75054682046175,,8.30,52503,4368.06
2658,0.7459464967250824,,8.28,52733,4376.34
2659,0.7162487059831619,,8.17,53004,4384.51
2660,0.7829831913113594,0.8807486097017924,8.10,52258,4392.61
2661,0.723661258816719,,7.95,52845,4400.56
2662,0.7185695543885231,,7.76,52881,4408.33
2663,0.7316804006695747,,7.81,52846,4416.14
2664,0.727938786149025,,8.32,53046,4424.46
2665,0.7124135717749596,0.944408138593038,8.88,52514,4433.34
2666,0.7343594431877136,,8.79,52728,4442.13
2667,0.712805449962616,,8.38,52431,4450.51
2668,0.6873477324843407,,9.75,52760,4460.25
2669,0.7580299526453018,,8.72,52899,4468.97
2670,0.6815379336476326,0.9396549065907797,7.97,52573,4476.95
2671,0.7800471857190132,,8.51,52684,4485.45
2672,0.7331102043390274,,8.28,52308,4493.74
2673,0.721037931740284,,8.91,52661,4502.65
2674,0.7434987723827362,,8.58,52802,4511.23
2675,0.7405841052532196,0.9184806942939758,8.66,52878,4519.89
2676,0.7154392674565315,,8.45,52489,4528.34
2677,0.7547719404101372,,8.85,52484,4537.19
2678,0.7162086293101311,,8.19,52727,4545.38
2679,0.7416651397943497,,8.40,52515,4553.78
2680,0.6947401240468025,0.894304096698761,8.15,52829,4561.93
2681,0.7014116048812866,,9.35,52765,4571.28
2682,0.7511305212974548,,7.95,52608,4579.23
2683,0.7533897086977959,,8.65,52619,4587.88
2684,0.7481295242905617,,8.80,52576,4596.68
2685,0.7175536900758743,0.8513860106468201,8.54,52986,4605.22
2686,0.7666160389780998,,8.04,52519,4613.26
2687,0.7538368031382561,,8.34,52769,4621.60
2688,0.7321897745132446,,8.40,52466,4630.00
2689,0.6946252211928368,,8.74,52697,4638.74
2690,0.7241196855902672,0.8488876223564148,8.13,52865,4646.86
2691,0.7419672012329102,,7.80,52564,4654.66
2692,0.7205066308379173,,8.52,52582,4663.19
2693,0.7162380516529083,,7.94,52357,4671.13
2694,0.712884396314621,,7.73,52530,4678.87
2695,0.7464426159858704,0.8944038351376852,8.44,52603,4687.31
2696,0.73673877120018,,8.42,52625,4695.73
2697,0.6700654625892639,,8.57,52615,4704.30
2698,0.7155683636665344,,8.43,52613,4712.74
2699,0.7254089787602425,,8.23,52424,4720.96
2700,0.7050060927867889,0.8984214464823405,8.13,52950,4729.09
2701,0.7265996485948563,,8.38,52575,4737.47
2702,0.7055345922708511,,8.79,52611,4746.26
2703,0.7008212059736252,,8.39,52690,4754.65
2704,0.7108029201626778,,8.09,52776,4762.74
2705,0.7256231307983398,0.9421916802724203,7.98,52616,4770.72
2706,0.7202988192439079,,9.64,52558,4780.36
2707,0.7704148143529892,,7.99,52570,4788.35
2708,0.686176486313343,,8.11,52351,4796.46
2709,0.7168839648365974,,8.25,52533,4804.71
2710,0.742875300347805,0.884174644947052,8.80,52592,4813.52
2711,0.7301839590072632,,7.89,52790,4821.41
2712,0.7292707115411758,,7.74,52619,4829.15
2713,0.7160402610898018,,8.82,53039,4837.97
2714,0.7682293578982353,,8.90,52419,4846.87
2715,0.7079417556524277,0.9254421591758728,8.47,52560,4855.35
2716,0.7182871922850609,,8.35,52788,4863.70
2717,0.7128540202975273,,8.51,52591,4872.20
2718,0.766486331820488,,8.52,52627,4880.72
2719,0.7445378750562668,,7.99,52554,4888.72
2720,0.7493788078427315,0.9232063492139181,7.70,52485,4896.42
2721,0.7046088203787804,,8.16,52790,4904.58
2722,0.7204634547233582,,8.23,52625,4912.81
2723,0.698043666779995,,8.30,52805,4921.11
2724,0.7397327721118927,,7.82,52869,4928.93
2725,0.725377194583416,0.8843158086140951,7.77,52535,4936.71
2726,0.722488671541214,,8.67,52743,4945.38
2727,0.7014431059360504,,8.33,52799,4953.71
2728,0.7441068515181541,,8.35,52575,4962.06
2729,0.7244005873799324,,7.78,52743,4969.84
2730,0.7651347294449806,0.8901877204577128,7.99,53123,4977.84
2731,0.6906374022364616,,8.83,53172,4986.67
2732,0.7138245031237602,,8.50,52740,4995.16
2733,0.7127941101789474,,8.21,52206,5003.37
2734,0.6916648596525192,,8.60,52594,5011.98
2735,0.7164017707109451,0.9166130026181539,8.94,52615,5020.91
2736,0.6863015741109848,,8.74,52712,5029.65
2737,0.6714398562908173,,8.84,52855,5038.49
2738,0.6814233437180519,,8.79,53144,5047.28
2739,0.7215860038995743,,8.50,52640,5055.78
2740,0.6887876316905022,0.8913147250811259,8.52,52799,5064.30
2741,0.71419957280159,,8.71,52876,5073.01
2742,0.7642128393054008,,7.62,52459,5080.63
2743,0.752403974533081,,7.80,52487,5088.43
2744,0.7376888021826744,,7.95,52977,5096.38
2745,0.7264361679553986,0.9171353975931803,8.65,52579,5105.02
2746,0.719653457403183,,8.74,52736,5113.76
2747,0.7023351043462753,,8.36,52733,5122.12
2748,0.6782282292842865,,8.89,52484,5131.01
2749,0.7106347382068634,,9.44,52429,5140.45
2750,0.7886310517787933,0.9114228288332621,8.47,52810,5148.92
2751,0.7026484087109566,,8.48,52501,5157.40
2752,0.7197659909725189,,8.24,52672,5165.65
2753,0.772782176733017,,8.48,52829,5174.13
2754,0.7490929514169693,,8.27,52385,5182.40
2755,0.7171539068222046,0.8297908703486124,8.03,52663,5190.43
2756,0.7352306023240089,,8.48,52665,5198.90
2757,0.7522361725568771,,8.00,52844,5206.91
2758,0.6932543739676476,,7.98,52443,5214.88
2759,0.7277978733181953,,7.94,52768,5222.82
2760,0.7335229143500328,0.8293126225471497,8.11,52586,5230.93
2761,0.7201343774795532,,8.51,52992,5239.45
2762,0.7343374043703079,,7.96,52736,5247.41
2763,0.6820865422487259,,8.26,52703,5255.67
2764,0.6855537220835686,,7.94,52705,5263.61
2765,0.7200560569763184,0.8708522319793701,8.10,52844,5271.72
2766,0.7464386895298958,,7.80,52508,5279.52
2767,0.7592548206448555,,9.27,52848,5288.79
2768,0.7342403158545494,,8.43,53058,5297.22
2769,0.7594036012887955,,9.05,52543,5306.27
2770,0.6834688857197762,0.8901272018750509,8.66,52987,5314.93
2771,0.7257235124707222,,8.69,52807,5323.62
2772,0.7249107733368874,,8.95,52464,5332.58
2773,0.6972623839974403,,8.97,52793,5341.55
2774,0.6916257813572884,,7.88,52643,5349.43
2775,0.7247976586222649,0.9036542375882467,7.94,52971,5357.37
2776,0.7359717935323715,,8.19,52682,5365.56
2777,0.7405949383974075,,8.29,52955,5373.85
2778,0.7170272842049599,,9.00,52432,5382.85
2779,0.7134676575660706,,8.58,52543,5391.42
2780,0.686743937432766,0.920764168103536,8.81,52522,5400.23
2781,0.6816820800304413,,8.06,52733,5408.29
2782,0.7336987182497978,,9.06,53015,5417.36
2783,0.7171874046325684,,9.65,52924,5427.00
2784,0.7734290286898613,,9.06,53016,5436.06
2785,0.6987748891115189,0.9661975701649984,8.85,52583,5444.92
2786,0.6995885670185089,,8.87,52813,5453.79
2787,0.7161533012986183,,8.23,52588,5462.01
2788,0.7157106548547745,,7.59,52501,5469.60
2789,0.6775816529989243,,8.30,52322,5477.90
2790,0.702857717871666,0.9810993075370789,8.45,52835,5486.35
2791,0.6740816980600357,,8.43,52664,5494.79
2792,0.7345479652285576,,8.33,52438,5503.11
2793,0.7626792043447495,,7.90,52616,5511.01
2794,0.6975971534848213,,8.15,52740,5519.16
2795,0.7135646641254425,0.9814126888910929,7.67,52664,5526.82
2796,0.779279075562954,,7.70,52367,5534.52
2797,0.6651304513216019,,7.80,52598,5542.33
2798,0.6862759813666344,,8.01,52782,5550.33
2799,0.6604427471756935,,8.05,52545,5558.38
2800,0.6637307554483414,0.9279507001241049,8.89,52868,5567.27
2801,0.7130506262183189,,8.23,52657,5575.50
2802,0.7336373999714851,,8.28,52640,5583.78
2803,0.7115745916962624,,8.35,52611,5592.13
2804,0.7332775667309761,,8.48,52553,5600.60
2805,0.7296811416745186,1.0235649943351746,8.71,52579,5609.31
2806,0.7435315325856209,,7.80,52691,5617.11
2807,0.7255935370922089,,8.00,52617,5625.11
2808,0.7299122661352158,,9.34,52582,5634.45
2809,0.6834145113825798,,8.01,52668,5642.46
2810,0.711306631565094,0.9675381580988566,8.32,53006,5650.77
2811,0.7410730570554733,,7.64,52680,5658.42
2812,0.7006898000836372,,8.17,52865,5666.58
2813,0.727822907269001,,8.06,52777,5674.64
2814,0.7441178485751152,,8.24,52676,5682.88
2815,0.7034968286752701,0.8873041073481241,8.72,52580,5691.60
2816,0.7129987552762032,,8.90,52619,5700.50
2817,0.7436434030532837,,8.76,52576,5709.27
2818,0.7379978969693184,,8.52,52777,5717.79
2819,0.7079223915934563,,7.56,52771,5725.35
2820,0.7121302783489227,0.9222155610720316,8.55,53399,5733.89
2821,0.7159177139401436,,8.46,52549,5742.35
2822,0.7218930572271347,,8.54,52551,5750.89
2823,0.7275095134973526,,8.41,52612,5759.30
2824,0.6954223066568375,,7.99,52843,5767.29
2825,0.6944930776953697,0.9897902607917786,7.75,52745,5775.04
2826,0.7896520495414734,,8.26,52598,5783.30
2827,0.7590204477310181,,8.42,53009,5791.73
2828,0.6976131796836853,,8.59,52761,5800.31
2829,0.708700954914093,,7.82,52399,5808.14
2830,0.7530749067664146,0.8842299977938334,8.22,52644,5816.36
2831,0.7174544036388397,,7.89,52638,5824.25
2832,0.7126483172178268,,8.78,52817,5833.03
2833,0.7215136662125587,,8.97,52951,5842.00
2834,0.6935804262757301,,8.58,52720,5850.58
2835,0.7205368801951408,0.8738559087117513,8.50,52429,5859.08
2836,0.687481664121151,,8.18,52644,5867.26
2837,0.707694761455059,,8.50,52785,5875.77
2838,0.7085928320884705,,7.66,52569,5883.43
2839,0.706834614276886,,8.69,52773,5892.12
2840,0.7273209020495415,0.8669740358988444,8.93,53005,5901.05
2841,0.6981127634644508,,8.59,52485,5909.64
2842,0.700542651116848,,9.32,52778,5918.97
2843,0.7181868851184845,,8.64,52734,5927.61
2844,0.706144854426384,,8.73,52747,5936.34
2845,0.6692189872264862,0.9225354194641113,8.58,52461,5944.92
2846,0.7209390848875046,,8.14,53109,5953.06
2847,0.7408706843852997,,8.36,52613,5961.43
2848,0.7232309356331825,,8.16,52716,5969.59
2849,0.6906229257583618,,8.24,52836,5977.83
2850,0.7430182248353958,0.9062296549479166,8.10,52696,5985.94
2851,0.7407907024025917,,8.40,52697,5994.33
2852,0.7087425738573074,,8.45,53055,6002.79
2853,0.7246206924319267,,8.14,52468,6010.92
2854,0.6992683038115501,,8.49,52831,6019.42
2855,0.7039022743701935,0.9415828386942545,8.41,52492,6027.82
2856,0.7027388587594032,,8.63,52433,6036.46
2857,0.7523541301488876,,8.59,52673,6045.05
2858,0.7083672881126404,,8.17,52807,6053.21
2859,0.7529479563236237,,8.35,52647,6061.56
2860,0.6915827095508575,0.921769897143046,7.93,52290,6069.49
2861,0.7078689858317375,,8.78,53202,6078.27
2862,0.7380108535289764,,9.00,52945,6087.27
2863,0.7309886962175369,,8.17,52577,6095.44
2864,0.7307139039039612,,8.49,52845,6103.93
2865,0.7037471383810043,0.902907649676005,8.05,52416,6111.97
2866,0.72811259329319,,7.99,52687,6119.96
2867,0.7391170486807823,,8.48,52592,6128.44
2868,0.725008025765419,,8.29,52583,6136.73
2869,0.7497113347053528,,8.30,52792,6145.03
2870,0.6915906369686127,0.9761067231496176,7.75,52594,6152.79
2871,0.6992862895131111,,8.51,52647,6161.30
2872,0.7023926973342896,,8.39,52839,6169.70
2873,0.7046309784054756,,8.11,52790,6177.80
2874,0.7302287593483925,,8.78,52529,6186.59
2875,0.708872102200985,0.9385088086128235,8.76,53267,6195.35
2876,0.7170289233326912,,8.23,52368,6203.58
2877,0.7311087027192116,,8.43,52558,6212.01
2878,0.7406422421336174,,8.34,52728,6220.36
2879,0.7085445374250412,,8.32,52772,6228.67
2880,0.7209863737225533,0.8824261625607809,8.21,52689,6236.88
2881,0.733968935906887,,8.44,52820,6245.33
2882,0.6966028064489365,,9.00,52792,6254.33
2883,0.6728357374668121,,8.02,52779,6262.35
2884,0.67873165756464,,8.83,52820,6271.18
2885,0.6912616491317749,0.9229443271954855,7.97,52783,6279.15
2886,0.7373990938067436,,8.76,52299,6287.91
2887,0.7301813513040543,,8.70,52677,6296.61
2888,0.6670062020421028,,8.78,52984,6305.39
2889,0.7101593613624573,,8.37,52917,6313.76
2890,0.735944926738739,0.9103363156318665,8.86,52426,6322.62
2891,0.7006889209151268,,8.05,52544,6330.67
2892,0.7141890227794647,,8.68,52632,6339.35
2893,0.7266626283526421,,7.78,52717,6347.13
2894,0.7236358150839806,,8.46,52433,6355.59
2895,0.72449991106987,0.9203314582506815,8.56,52206,6364.16
2896,0.7337679639458656,,9.25,52743,6373.40
2897,0.734565481543541,,9.27,52673,6382.68
2898,0.6890090927481651,,8.34,52424,6391.02
2899,0.7109947800636292,,8.59,52709,6399.61
2900,0.7044262737035751,0.964496890703837,8.84,52674,6408.45
2901,0.7414325475692749,,9.07,53049,6417.52
2902,0.7212960943579674,,8.75,52340,6426.27
2903,0.7085151374340057,,8.60,52805,6434.87
2904,0.7110008597373962,,7.91,52492,6442.78
2905,0.7307720258831978,0.8341746727625529,8.35,52739,6451.13
2906,0.7144939303398132,,8.32,52678,6459.45
2907,0.6737818568944931,,8.90,52320,6468.35
2908,0.7273447290062904,,8.23,52519,6476.58
2909,0.7061916887760162,,8.24,52771,6484.82
2910,0.7214022874832153,0.8938711086908976,8.84,52911,6493.66
2911,0.7171411737799644,,8.39,52724,6502.05
2912,0.7140636295080185,,8.15,52628,6510.20
2913,0.7084494382143021,,8.76,52637,6518.95
2914,0.6763016805052757,,8.89,52720,6527.84
2915,0.6914830133318901,0.8768075704574585,9.04,52707,6536.89
2916,0.6918241679668427,,7.66,53032,6544.55
2917,0.7142056524753571,,8.89,52527,6553.44
2918,0.7369122430682182,,8.96,52697,6562.40
2919,0.6870880872011185,,7.90,52650,6570.30
2920,0.7517442852258682,0.9164502620697021,8.07,52608,6578.38
2921,0.761424608528614,,8.35,52421,6586.73
2922,0.7161799743771553,,8.32,52441,6595.05
2923,0.7045522406697273,,8.43,52434,6603.48
2924,0.7043769434094429,,8.75,52467,6612.23
2925,0.763416551053524,0.9032953381538391,8.16,52755,6620.39
2926,0.7355074062943459,,8.49,52587,6628.87
2927,0.7062426805496216,,8.34,52638,6637.21
2928,0.7399286106228828,,8.77,52520,6645.98
2929,0.7370269671082497,,8.67,52658,6654.65
2930,0.6843794211745262,0.8648368318875631,8.42,52615,6663.07
2931,0.7243923172354698,,7.82,52858,6670.89
2932,0.740233801305294,,8.26,52540,6679.15
2933,0.7026645690202713,,9.12,52819,6688.27
2934,0.7163528203964233,,8.22,52434,6696.49
2935,0.6865229159593582,0.8073397874832153,8.24,52621,6704.73
2936,0.715261347591877,,8.24,52608,6712.98
2937,0.6851942986249924,,8.48,52497,6721.46
2938,0.6981736496090889,,8.44,52879,6729.89
2939,0.70486830919981,,8.45,52646,6738.34
2940,0.7297121435403824,0.8680548071861267,8.33,53040,6746.68
2941,0.7314732149243355,,8.32,52502,6755.00
2942,0.6801530197262764,,8.33,52974,6763.33
2943,0.7234691083431244,,8.23,52598,6771.55
2944,0.7316802889108658,,8.48,52698,6780.03
2945,0.6959263607859612,0.921023448308309,8.05,52493,6788.08
2946,0.7005193904042244,,8.92,52654,6797.00
2947,0.7415609732270241,,8.75,52596,6805.75
2948,0.7032557502388954,,8.09,52776,6813.84
2949,0.6726786643266678,,8.40,52731,6822.24
2950,0.6855950206518173,0.9235621094703674,8.00,52695,6830.24
2951,0.6666544824838638,,8.66,52832,6838.90
2952,0.6973482146859169,,8.53,52546,6847.43
2953,0.7037728056311607,,8.50,52508,6855.93
2954,0.6974247470498085,,8.35,52996,6864.27
2955,0.7177113518118858,0.9844337701797485,8.37,52468,6872.64
2956,0.6930409967899323,,8.52,53095,6881.16
2957,0.68644168227911,,8.37,53222,6889.53
2958,0.7113077491521835,,8.48,52909,6898.01
2959,0.761299304664135,,8.78,52649,6906.79
2960,0.6893199533224106,0.998506764570872,7.93,52456,6914.72
2961,0.7308127284049988,,9.20,52806,6923.91
2962,0.6929217725992203,,8.50,52903,6932.41
2963,0.7013784423470497,,8.01,52447,6940.43
2964,0.7033847570419312,,8.72,53310,6949.15
2965,0.7526108250021935,0.7944829265276591,8.97,52286,6958.12
2966,0.7103611156344414,,8.76,52260,6966.87
2967,0.7585443556308746,,8.81,52783,6975.68
2968,0.7222407087683678,,7.87,52717,6983.55
2969,0.7033058181405067,,8.25,52694,6991.80
2970,0.7154035046696663,0.8578463395436605,8.27,52962,7000.07
2971,0.6951360031962395,,8.22,52664,7008.29
2972,0.7287762239575386,,8.36,52368,7016.65
2973,0.7253219783306122,,8.33,52678,7024.98
2974,0.6860133856534958,,8.21,52773,7033.19
2975,0.671613372862339,0.8011727929115295,9.22,52797,7042.41
2976,0.6793791651725769,,8.05,52313,7050.46
2977,0.7064704447984695,,8.60,52882,7059.06
2978,0.7446679994463921,,8.27,52700,7067.33
2979,0.7410545349121094,,8.32,52406,7075.65
2980,0.7320004478096962,0.8780639966328939,7.79,52549,7083.44
2981,0.703690268099308,,8.21,52446,7091.64
2982,0.7224116325378418,,7.85,52746,7099.50
2983,0.6820755824446678,,8.14,52468,7107.64
2984,0.7103304788470268,,8.10,53064,7115.74
2985,0.7154818028211594,0.9572715361913046,8.53,52476,7124.27
2986,0.7147050872445107,,7.87,52532,7132.14
2987,0.701336994767189,,8.11,52917,7140.25
2988,0.7279007658362389,,7.50,53029,7147.76
2989,0.7244933992624283,,7.69,52528,7155.45
2990,0.7345471605658531,1.0120797355969746,8.35,52514,7163.80
2991,0.6764505803585052,,8.25,52871,7172.05
2992,0.6678762063384056,,8.41,52667,7180.47
2993,0.7476335763931274,,8.36,52589,7188.83
2994,0.6824234500527382,,8.43,52535,7197.25
2995,0.7376724109053612,0.8831624786059061,8.11,53027,7205.37
2996,0.7336534485220909,,8.40,52726,7213.77
2997,0.7094191387295723,,7.96,52749,7221.73
2998,0.6847658529877663,,7.66,52620,7229.40
2999,0.7387311011552811,,8.18,52872,7237.58
3000,0.7153716757893562,0.9332016706466675,7.89,52662,7245.47
3001,0.7078549712896347,,8.41,52809,7253.88
3002,0.7009429931640625,,8.34,52830,7262.22
3003,0.7159154564142227,,7.90,52596,7270.12
3004,0.6992912143468857,,7.77,52994,7277.90
3005,0.679871067404747,0.9610435962677002,7.79,52655,7285.68
3006,0.6891300231218338,,7.62,52476,7293.31
3007,0.6775777637958527,,7.94,52537,7301.24
3008,0.7056598514318466,,7.78,52772,7309.02
3009,0.7082393765449524,,8.24,52709,7317.26
3010,0.7117965072393417,0.8714566628138224,8.25,52931,7325.51
3011,0.662871316075325,,7.47,52839,7332.98
3012,0.6542345136404037,,7.93,52379,7340.91
3013,0.6950903385877609,,7.18,52662,7348.09
3014,0.6480012014508247,,7.39,52439,7355.47
3015,0.7162002399563789,0.8203506469726562,8.14,52883,7363.61
3016,0.7033107802271843,,8.38,53193,7371.99
3017,0.6847599148750305,,8.99,52854,7380.98
3018,0.7067349627614021,,8.97,52600,7389.94
3019,0.7268444076180458,,8.53,53067,7398.47
3020,0.7171285077929497,0.9000386794408163,9.07,52632,7407.54
3021,0.7188893407583237,,8.23,52602,7415.77
3022,0.6845878288149834,,8.19,52675,7423.96
3023,0.7276135161519051,,8.84,53086,7432.80
3024,0.7209120988845825,,8.52,52632,7441.32
3025,0.6459453329443932,0.8912869493166605,8.24,52737,7449.56
3026,0.7455384060740471,,9.08,52471,7458.64
3027,0.6826301738619804,,8.44,52520,7467.08
3028,0.6946393549442291,,9.70,52617,7476.78
3029,0.7019452080130577,,8.95,52628,7485.72
3030,0.6848710849881172,0.8992836674054464,9.20,52664,7494.92
3031,0.7042328268289566,,8.85,52533,7503.77
3032,0.6794820129871368,,8.52,52546,7512.29
3033,0.6912508904933929,,7.94,52309,7520.22
3034,0.7721280381083488,,8.75,52283,7528.97
3035,0.7364228442311287,0.8907318512598673,8.27,52820,7537.24
3036,0.7100377380847931,,7.98,52450,7545.22
3037,0.7139478921890259,,8.54,52876,7553.76
3038,0.7144749388098717,,8.03,52837,7561.80
3039,0.706929974257946,,8.68,52715,7570.48
3040,0.686237558722496,0.8620842297871908,8.23,52436,7578.71
3041,0.7055758535861969,,8.75,52808,7587.46
3042,0.6949024498462677,,8.45,52837,7595.91
3043,0.6990196704864502,,8.50,52668,7604.41
3044,0.7113408371806145,,8.15,52457,7612.56
3045,0.7198803201317787,0.824129323164622,8.68,52601,7621.24
3046,0.6991308480501175,,8.78,52554,7630.02
3047,0.6609161123633385,,8.47,52566,7638.49
3048,0.7217639982700348,,7.93,52676,7646.42
3049,0.6823101937770844,,8.56,52873,7654.98
3050,0.717740386724472,0.8355053265889486,7.80,52482,7662.79
3051,0.7167005762457848,,8.25,52345,7671.04
3052,0.7157260999083519,,7.80,52487,7678.84
3053,0.7398901805281639,,7.98,52613,7686.83
3054,0.661519929766655,,8.09,52408,7694.92
3055,0.7332461103796959,0.8640530904134115,8.22,52873,7703.14
3056,0.6749468073248863,,7.87,52667,7711.01
3057,0.7559683695435524,,8.14,52990,7719.15
3058,0.6975179761648178,,7.94,52910,7727.09
3059,0.6960244402289391,,8.58,52693,7735.67
3060,0.7425833120942116,0.9434114694595337,8.04,52459,7743.71
3061,0.7050020769238472,,8.06,52625,7751.77
3062,0.7080024406313896,,8.44,52521,7760.21
3063,0.7331373915076256,,8.79,52678,7769.00
3064,0.6947717517614365,,8.55,52648,7777.55
3065,0.6923524439334869,0.9333498875300089,8.02,52514,7785.57
3066,0.7273231223225594,,8.26,52810,7793.82
3067,0.6749000623822212,,8.82,52653,7802.65
3068,0.686500146985054,,8.41,52496,7811.06
3069,0.6949267610907555,,8.13,52951,7819.18
3070,0.7041879519820213,0.8582583467165629,8.42,52784,7827.61
3071,0.7051231414079666,,8.21,52569,7835.82
3072,0.6982994601130486,,8.24,52845,7844.06
3073,0.7165548205375671,,8.29,52700,7852.35
3074,0.6481895819306374,,7.94,52907,7860.29
3075,0.666669562458992,0.9173948764801025,8.09,52983,7868.39
3076,0.6343541145324707,,7.81,52614,7876.19
3077,0.69330994784832,,7.93,52798,7884.12
3078,0.7462549358606339,,8.26,52962,7892.38
3079,0.7082848772406578,,8.40,52336,7900.79
3080,0.67864029109478,0.9048139850298563,7.73,52576,7908.52
3081,0.7060878276824951,,8.08,52764,7916.60
3082,0.6893789321184158,,7.78,52550,7924.38
3083,0.6961673572659492,,8.42,52722,7932.80
3084,0.7420031577348709,,7.92,52708,7940.71
3085,0.7612560838460922,0.8681572079658508,8.94,52413,7949.66
3086,0.7541952878236771,,8.30,52603,7957.96
3087,0.7174612134695053,,9.29,52660,7967.25
3088,0.6885853558778763,,8.15,52700,7975.39
3089,0.6949298158288002,,8.32,52530,7983.72
3090,0.744451180100441,0.8993348280588785,8.51,52309,7992.22
3091,0.7311386615037918,,8.04,52977,8000.26
3092,0.7359496131539345,,8.40,52692,8008.66
3093,0.7324864938855171,,7.90,52580,8016.55
3094,0.7133623957633972,,8.12,53026,8024.67
3095,0.7223429977893829,0.9760602712631226,7.83,52879,8032.50
3096,0.7106341943144798,,8.05,52824,8040.54
3097,0.6719020009040833,,7.69,52884,8048.24
3098,0.7131342589855194,,8.77,52525,8057.01
3099,0.7079053074121475,,7.74,52818,8064.75
3100,0.7216584011912346,0.8853145241737366,7.71,52581,8072.46
3101,0.6556405127048492,,8.28,52484,8080.74
3102,0.7139867171645164,,8.10,53222,8088.85
3103,0.6577706858515739,,9.36,52531,8098.20
3104,0.6821569725871086,,8.02,52512,8106.22
3105,0.6940977498888969,0.8352119326591492,8.90,52808,8115.12
3106,0.6789154335856438,,8.85,53067,8123.96
3107,0.6911693215370178,,7.75,52666,8131.71
3108,0.7731543034315109,,7.75,52729,8139.46
3109,0.7116328030824661,,8.54,52592,8148.00
3110,0.6660062298178673,0.861090083916982,8.10,52433,8156.10
3111,0.7140029221773148,,8.19,53239,8164.29
3112,0.687720462679863,,8.25,52676,8172.54
3113,0.7211122587323189,,7.96,52909,8180.50
3114,0.7085984870791435,,8.08,52351,8188.57
3115,0.6416012868285179,0.9516212145487467,8.73,52657,8197.30
3116,0.6723256409168243,,8.08,52848,8205.37
3117,0.685956560075283,,8.46,52832,8213.84
3118,0.7188160419464111,,8.52,52295,8222.35
3119,0.6694844961166382,,7.87,52761,8230.22
3120,0.6782257258892059,0.9739998976389567,8.92,52443,8239.14
3121,0.678887851536274,,8.86,52785,8248.00
3122,0.698965422809124,,8.23,52965,8256.23
3123,0.7062905803322792,,8.35,53034,8264.58
3124,0.7221480533480644,,8.43,52724,8273.01
3125,0.713365264236927,0.9069248835245768,8.14,52750,8281.15
3126,0.721694104373455,,8.28,52767,8289.43
3127,0.6634992882609367,,8.29,52735,8297.72
3128,0.7028092294931412,,7.83,52311,8305.56
3129,0.6902757063508034,,7.72,52677,8313.27
3130,0.7273994982242584,0.883037288983663,8.54,52606,8321.81
3131,0.7219241559505463,,8.15,52612,8329.96
3132,0.6963140144944191,,8.08,52499,8338.05
3133,0.7237478345632553,,8.93,52683,8346.97
3134,0.6912936344742775,,8.45,52701,8355.42
3135,0.7278382778167725,0.8074062665303549,8.12,52699,8363.54
3136,0.6988597884774208,,7.79,52704,8371.32
3137,0.6816367879509926,,8.85,52497,8380.18
3138,0.6770077645778656,,8.88,52863,8389.05
3139,0.7106267213821411,,8.08,52890,8397.14
3140,0.7075657323002815,1.0021618207295735,7.87,52861,8405.01
3141,0.6874894052743912,,7.70,52536,8412.71
3142,0.6550209820270538,,8.13,52578,8420.84
3143,0.654163271188736,,8.04,52544,8428.87
3144,0.6784311160445213,,8.89,52716,8437.76
3145,0.678723655641079,0.8270899852116903,8.80,52904,8446.56
3146,0.7321253567934036,,8.47,52502,8455.04
3147,0.683198481798172,,8.32,53067,8463.36
3148,0.7169944867491722,,7.80,52668,8471.16
3149,0.7237262949347496,,8.32,52878,8479.48
3150,0.6738631799817085,0.9065594673156738,8.41,52895,8487.89
3151,0.718624472618103,,8.48,52756,8496.37
3152,0.6794959083199501,,8.28,52502,8504.66
3153,0.668272078037262,,8.62,52560,8513.27
3154,0.6840960159897804,,8.96,52870,8522.23
3155,0.6982036605477333,0.8888475894927979,8.53,52663,8530.76
3156,0.6605347245931625,,7.74,52655,8538.50
3157,0.6759460270404816,,8.44,52683,8546.94
3158,0.7276543751358986,,8.90,52928,8555.84
3159,0.7106968984007835,,7.98,52617,8563.83
3160,0.7361292168498039,0.9381888707478842,8.26,52518,8572.08
3161,0.7328149974346161,,8.31,52660,8580.39
3162,0.6821430251002312,,8.17,52792,8588.56
3163,0.7427981644868851,,8.11,52533,8596.67
3164,0.7412769794464111,,8.98,52727,8605.65
3165,0.7584099099040031,0.8285894989967346,9.32,52460,8614.98
3166,0.7017664462327957,,8.34,52502,8623.32
3167,0.6829496249556541,,8.30,52739,8631.62
3168,0.6750899255275726,,8.40,52560,8640.02
3169,0.6660104319453239,,8.33,52786,8648.35
3170,0.6917009502649307,0.8788273334503174,8.07,52477,8656.42
3171,0.688454657793045,,9.50,53086,8665.92
3172,0.6966856643557549,,10.33,52763,8676.25
3173,0.6751334518194199,,10.74,52387,8686.99
3174,0.6681230887770653,,11.24,52790,8698.23
3175,0.6812702268362045,0.9431450963020325,11.30,52920,8709.53
3176,0.7239026054739952,,11.23,52750,8720.77
3177,0.7060382440686226,,11.34,52418,8732.11
3178,0.7079354301095009,,11.46,52622,8743.57
3179,0.6957662254571915,,12.75,52457,8756.32
3180,0.6547241657972336,0.8816965023676554,12.06,52839,8768.38
3181,0.6448079869151115,,11.61,52576,8779.99
3182,0.6571984142065048,,11.11,52562,8791.10
3183,0.7004948630928993,,12.08,52684,8803.18
3184,0.6916323527693748,,11.01,52535,8814.18
3185,0.7042532861232758,0.8732048869132996,9.30,52688,8823.48
3186,0.7095330953598022,,9.52,52532,8833.00
3187,0.7044904455542564,,8.34,52973,8841.33
3188,0.7069265395402908,,8.90,52545,8850.24
3189,0.7141331881284714,,8.65,52705,8858.89
3190,0.6960490942001343,0.8476107716560364,9.59,52729,8868.48
3191,0.7010233104228973,,9.03,52586,8877.51
3192,0.7126514241099358,,9.30,52973,8886.81
3193,0.7025700658559799,,9.67,52793,8896.48
3194,0.7084308564662933,,8.41,52497,8904.90
3195,0.6540134847164154,0.9366382161776224,10.04,52794,8914.94
3196,0.7366236373782158,,8.44,52589,8923.37
3197,0.686977930366993,,9.04,52444,8932.41
3198,0.6829183176159859,,8.54,52710,8940.95
3199,0.6931108832359314,,9.41,52758,8950.36
3200,0.6698374673724174,0.9085836609204611,8.53,52325,8958.88
3201,0.653937041759491,,9.45,52692,8968.33
3202,0.6752186864614487,,10.13,52662,8978.46
3203,0.7278974801301956,,10.51,52456,8988.98
3204,0.6752609387040138,,10.28,52723,8999.25
3205,0.7008315324783325,0.9174593885739645,10.21,52778,9009.46
3206,0.6657298281788826,,10.02,52792,9019.48
3207,0.6867982894182205,,9.57,52738,9029.06
3208,0.652943916618824,,8.37,52847,9037.43
3209,0.7062815651297569,,8.47,52491,9045.90
3210,0.7088436260819435,0.9985584219296774,8.49,52684,9054.39
3211,0.6825997531414032,,8.54,52437,9062.93
3212,0.7149934843182564,,8.73,52525,9071.66
3213,0.7117524370551109,,8.35,52833,9080.01
3214,0.664112813770771,,9.12,52697,9089.13
3215,0.6903826221823692,0.832524577776591,9.08,52698,9098.21
3216,0.7454831898212433,,9.20,52974,9107.40
3217,0.6941942349076271,,8.40,52667,9115.80
3218,0.6966819688677788,,9.75,52640,9125.55
3219,0.6942266374826431,,8.21,52344,9133.76
3220,0.7163460552692413,0.8003418644269308,8.75,52583,9142.52
3221,0.698043592274189,,8.44,52782,9150.95
3222,0.6578494161367416,,8.04,52800,9158.99
3223,0.7456477358937263,,9.09,52537,9168.08
3224,0.7080234065651894,,8.41,52771,9176.49
3225,0.7098395302891731,0.9556365211804708,8.55,52799,9185.04
3226,0.686847060918808,,8.70,52536,9193.74
3227,0.7198455110192299,,8.66,52612,9202.40
3228,0.7016057372093201,,8.53,52788,9210.94
3229,0.6822835355997086,,8.53,52973,9219.47
3230,0.7122814357280731,0.8375463883082072,8.79,53630,9228.25
3231,0.7007464915513992,,9.08,52818,9237.34
3232,0.6540504693984985,,8.51,52598,9245.85
3233,0.7186820581555367,,8.97,52655,9254.82
3234,0.6749312654137611,,8.99,52938,9263.81
3235,0.6997684985399246,0.8311061263084412,8.80,52478,9272.60
3236,0.7215824574232101,,8.03,52844,9280.64
3237,0.6806507259607315,,8.41,52643,9289.05
3238,0.7096081599593163,,9.42,53186,9298.47
3239,0.6435760110616684,,9.11,52896,9307.58
3240,0.7175843492150307,0.9562612374623617,9.14,52780,9316.72
3241,0.6892136335372925,,7.48,52701,9324.20
3242,0.6854652613401413,,8.74,52326,9332.93
3243,0.6903556883335114,,7.52,52708,9340.46
3244,0.6903342455625534,,8.38,52502,9348.84
3245,0.6882135719060898,0.8995583256085714,9.11,52783,9357.95
3246,0.7344901636242867,,8.52,52903,9366.48
3247,0.6976435855031013,,8.62,52806,9375.09
3248,0.709916278719902,,8.46,52603,9383.56
3249,0.6733859330415726,,8.35,52730,9391.91
3250,0.7412559166550636,0.9613035917282104,7.98,52405,9399.89
3251,0.7258495166897774,,8.28,52356,9408.17
3252,0.7176452353596687,,8.20,52501,9416.36
3253,0.7232295498251915,,7.56,52931,9423.93
3254,0.7342812195420265,,8.17,52750,9432.10
3255,0.6998992934823036,0.9587813019752502,8.68,52997,9440.78
3256,0.7051999568939209,,8.02,52713,9448.79
3257,0.7360664382576942,,8.33,52365,9457.12
3258,0.6704284884035587,,7.98,52943,9465.10
3259,0.7290574088692665,,8.34,52751,9473.44
3260,0.7208582386374474,0.9179938038190206,8.87,52290,9482.31
3261,0.6847696006298065,,8.24,52719,9490.55
3262,0.705133780837059,,9.42,52537,9499.98
3263,0.6671657040715218,,8.32,52789,9508.29
3264,0.6752198860049248,,8.45,52417,9516.74
3265,0.7187917158007622,0.9127090374628702,8.25,52592,9524.99
3266,0.70881237834692,,8.65,52799,9533.64
3267,0.6910138726234436,,8.30,52625,9541.94
3268,0.6634964346885681,,8.54,52644,9550.48
3269,0.7340993583202362,,8.04,52568,9558.52
3270,0.650209978222847,0.952834685643514,7.95,52977,9566.47
3271,0.711310438811779,,8.53,52539,9575.01
3272,0.7404731810092926,,8.66,52759,9583.67
3273,0.6952296793460846,,8.93,52543,9592.60
3274,0.7022327333688736,,8.61,52628,9601.21
3275,0.7065227702260017,0.8571412960688273,8.50,52712,9609.71
3276,0.6510242968797684,,8.77,52906,9618.48
3277,0.6670093983411789,,7.88,52484,9626.36
3278,0.7155297622084618,,9.02,52909,9635.37
3279,0.7100963070988655,,8.82,52574,9644.20
3280,0.6527351215481758,0.9402029315630595,8.53,52729,9652.72
3281,0.6921213939785957,,8.95,53033,9661.68
3282,0.6913153156638145,,9.20,52687,9670.88
3283,0.7422538995742798,,8.78,52469,9679.66
3284,0.7436290979385376,,8.38,52406,9688.04
3285,0.6701010018587112,0.8697206179300944,8.14,52716,9696.17
3286,0.7481361106038094,,8.03,52568,9704.20
3287,0.7033066675066948,,8.05,52543,9712.24
3288,0.717063769698143,,8.19,52452,9720.43
3289,0.7331528663635254,,8.01,52797,9728.45
3290,0.7267974019050598,0.7996843258539835,8.91,52820,9737.36
3291,0.6976412311196327,,8.58,52537,9745.94
3292,0.71857800334692,,8.88,52452,9754.82
3293,0.6898405626416206,,8.10,52639,9762.91
3294,0.6697552129626274,,8.63,52509,9771.55
3295,0.7133397981524467,0.8662691911061605,8.40,52516,9779.95
3296,0.6739573702216148,,8.48,52567,9788.43
3297,0.7155394777655602,,8.65,52860,9797.09
3298,0.6867645010352135,,8.57,52505,9805.65
3299,0.7012520655989647,,8.06,52889,9813.72
3300,0.6847644373774529,0.8810108304023743,7.84,52868,9821.55
3301,0.6827516108751297,,8.67,52803,9830.22
3302,0.721593476831913,,8.31,52982,9838.54
3303,0.7062331140041351,,8.47,52863,9847.01
3304,0.6796809285879135,,8.27,52795,9855.27
3305,0.7035655602812767,0.8632466793060303,8.88,52781,9864.15
3306,0.6498767584562302,,8.26,52733,9872.41
3307,0.6553288772702217,,8.04,52779,9880.46
3308,0.7350240647792816,,8.44,52889,9888.90
3309,0.733197845518589,,8.20,52582,9897.10
3310,0.6995210126042366,0.8342012166976929,8.73,52371,9905.83
3311,0.6918144449591637,,8.56,52754,9914.38
3312,0.710652269423008,,8.86,52672,9923.24
3313,0.7312621772289276,,8.26,52583,9931.50
3314,0.6700986251235008,,8.92,52730,9940.42
3315,0.6596269458532333,0.9017687241236368,9.32,52811,9949.75
3316,0.7398570254445076,,8.91,52386,9958.66
3317,0.6900354251265526,,8.72,52526,9967.38
3318,0.6798800900578499,,9.29,52512,9976.67
3319,0.6889594122767448,,8.51,52804,9985.18
3320,0.7140470445156097,0.8512833515803019,8.90,52448,9994.07
3321,0.7459995299577713,,8.37,52468,10002.44
3322,0.7317856848239899,,8.79,52785,10011.23
3323,0.6752819567918777,,8.87,52528,10020.10
3324,0.7196359187364578,,9.10,52531,10029.20
3325,0.6844339147210121,0.8524791200955709,7.73,52481,10036.92
3326,0.64771668612957,,8.72,52875,10045.64
3327,0.691009595990181,,8.13,52993,10053.77
3328,0.6729361191391945,,8.80,52928,10062.57
3329,0.6903022676706314,,9.04,52372,10071.61
3330,0.750018835067749,0.8971364696820577,8.34,52642,10079.95
3331,0.7043743059039116,,8.37,52577,10088.33
3332,0.6836791560053825,,7.98,52902,10096.31
3333,0.7042327895760536,,8.32,52438,10104.63
3334,0.7035837545990944,,8.03,52694,10112.67
3335,0.7183457762002945,0.9390028913815817,7.71,52619,10120.38
3336,0.6791413202881813,,8.63,52565,10129.01
3337,0.6968523636460304,,8.95,52588,10137.96
3338,0.6744032576680183,,8.78,52652,10146.75
3339,0.7093106061220169,,8.74,52673,10155.49
3340,0.645744688808918,0.8926466504732767,8.36,52348,10163.85
3341,0.6866395846009254,,8.86,52665,10172.71
3342,0.6466305404901505,,8.73,52710,10181.44
3343,0.6775164380669594,,8.37,52807,10189.80
3344,0.7092266082763672,,7.88,52841,10197.69
3345,0.6798591166734695,0.829001764456431,8.14,52343,10205.83
3346,0.7037287279963493,,8.37,52456,10214.20
3347,0.703189305961132,,7.99,52489,10222.19
3348,0.6665859334170818,,8.75,53075,10230.95
3349,0.7080542296171188,,8.24,53032,10239.18
3350,0.6979899704456329,0.9164946873982748,7.59,52770,10246.77
3351,0.6807213947176933,,7.85,52706,10254.62
3352,0.6523040607571602,,8.41,52703,10263.04
3353,0.6724721640348434,,8.85,52433,10271.89
3354,0.6758173629641533,,8.85,52592,10280.74
3355,0.6598264649510384,0.9614635308583578,8.71,52816,10289.45
3356,0.7025357186794281,,8.33,52730,10297.78
3357,0.7065684273838997,,8.39,52595,10306.16
3358,0.6978250816464424,,8.24,52791,10314.41
3359,0.6450212150812149,,8.42,52932,10322.82
3360,0.6991136074066162,0.8723925749460856,8.01,52579,10330.83
3361,0.6668706759810448,,8.47,52463,10339.30
3362,0.7137696743011475,,8.06,52735,10347.36
3363,0.7273279428482056,,7.42,52737,10354.78
3364,0.7020873352885246,,8.46,52480,10363.24
3365,0.6536193266510963,0.8869350949923197,9.12,53057,10372.35
3366,0.6712607219815254,,9.19,52395,10381.55
3367,0.6890670508146286,,8.90,52691,10390.45
3368,0.6680256351828575,,9.47,52680,10399.92
3369,0.722316600382328,,8.09,53121,10408.01
3370,0.7262159436941147,0.8312382300694784,8.01,52714,10416.02
3371,0.6638244986534119,,8.67,52600,10424.69
3372,0.6971309185028076,,9.27,52526,10433.96
3373,0.7114898040890694,,9.12,52672,10443.08
3374,0.7197666838765144,,8.81,52797,10451.89
3375,0.7456773519515991,0.9019782543182373,8.18,52720,10460.08
3376,0.7146599292755127,,8.15,52667,10468.22
3377,0.7018832936882973,,8.49,52833,10476.72
3378,0.6923448517918587,,8.82,52885,10485.54
3379,0.6793927103281021,,7.58,52668,10493.12
3380,0.679879330098629,0.9072077671686808,8.49,52760,10501.61
3381,0.696900874376297,,7.61,52719,10509.22
3382,0.6778807863593102,,7.63,52591,10516.85
3383,0.6667519584298134,,8.27,52638,10525.12
3384,0.688379168510437,,8.10,52733,10533.22
3385,0.7372113093733788,0.85621311267217,8.04,52491,10541.26
3386,0.6892907693982124,,8.88,52532,10550.14
3387,0.6635966971516609,,8.23,52177,10558.37
3388,0.6859583631157875,,9.23,52682,10567.59
3389,0.6839609891176224,,8.92,52609,10576.52
3390,0.6807728633284569,0.8893142938613892,8.18,52946,10584.69
3391,0.7066837400197983,,8.08,53037,10592.77
3392,0.7001648247241974,,8.60,52489,10601.37
3393,0.6608991920948029,,8.49,52514,10609.86
3394,0.7126633375883102,,8.18,52615,10618.04
3395,0.6609890758991241,0.8814176122347513,7.70,52791,10625.74
3396,0.7302847653627396,,8.03,52701,10633.77
3397,0.6822625547647476,,7.96,53137,10641.74
3398,0.7025437541306019,,7.94,52982,10649.67
3399,0.6941415816545486,,7.84,52834,10657.51
3400,0.6646226271986961,0.930310070514679,8.44,52570,10665.95
3401,0.6610128954052925,,8.68,52803,10674.63
3402,0.6909437999129295,,7.69,52506,10682.32
3403,0.6952740550041199,,8.53,52475,10690.85
3404,0.7238579764962196,,8.56,52695,10699.41
3405,0.7499945685267448,0.9018810192743937,8.37,52689,10707.78
3406,0.6792493760585785,,8.66,52672,10716.44
3407,0.7048161178827286,,8.20,52644,10724.64
3408,0.6636752039194107,,8.53,52609,10733.17
3409,0.7254270538687706,,8.55,52651,10741.72
3410,0.7042029350996017,0.9405399958292643,8.06,52414,10749.78
3411,0.6464154459536076,,8.09,52976,10757.86
3412,0.6820406168699265,,8.17,52778,10766.04
3413,0.6862886101007462,,8.95,52934,10774.99
3414,0.6781905964016914,,9.77,52638,10784.76
3415,0.7693938538432121,0.8747264941533407,7.72,52591,10792.48
3416,0.682117260992527,,7.58,53038,10800.06
3417,0.6857812032103539,,9.09,52399,10809.15
3418,0.6723385229706764,,8.56,52711,10817.71
3419,0.6985860615968704,,8.52,52669,10826.23
3420,0.6781967207789421,0.8817182779312134,8.62,52399,10834.85
3421,0.6982836872339249,,8.44,52705,10843.29
3422,0.6731294617056847,,8.65,53004,10851.93
3423,0.7209015339612961,,9.47,53201,10861.41
3424,0.6484963297843933,,8.14,52653,10869.54
3425,0.6719399243593216,0.9410511056582133,8.81,52673,10878.35
3426,0.7248699143528938,,8.66,52785,10887.01
3427,0.668673288077116,,8.24,52580,10895.25
3428,0.6523297727108002,,8.01,52813,10903.26
3429,0.6456912532448769,,8.35,52564,10911.61
3430,0.6815258115530014,0.9700475931167603,7.89,53133,10919.49
3431,0.6704302877187729,,8.28,52678,10927.77
3432,0.6389526948332787,,7.51,52504,10935.28
3433,0.6935642659664154,,8.19,52663,10943.47
3434,0.6938583329319954,,8.76,52767,10952.23
3435,0.6461371257901192,0.8725170493125916,8.05,52858,10960.28
3436,0.6740647330880165,,8.44,52586,10968.72
3437,0.6856207177042961,,8.19,52569,10976.91
3438,0.6725481078028679,,8.22,52536,10985.14
3439,0.6498986780643463,,8.56,53043,10993.70
3440,0.6387234032154083,0.8404689431190491,7.96,52788,11001.66
3441,0.6701578497886658,,8.54,52524,11010.20
3442,0.6541416496038437,,8.29,52389,11018.49
3443,0.6861695647239685,,8.62,52816,11027.11
3444,0.7007840648293495,,8.41,52487,11035.52
3445,0.7014008983969688,0.7807404001553854,8.09,52356,11043.61
3446,0.7080522254109383,,8.31,52486,11051.92
3447,0.6804990470409393,,8.07,52896,11059.99
3448,0.6297065392136574,,8.01,52596,11067.99
3449,0.6887543722987175,,7.87,52686,11075.87
3450,0.6766287684440613,0.9430547952651978,7.85,52753,11083.72
3451,0.6503877565264702,,8.78,52533,11092.49
3452,0.7178837135434151,,8.85,52750,11101.34
3453,0.675305038690567,,8.24,52401,11109.59
3454,0.666645959019661,,9.14,53022,11118.73
3455,0.6765049621462822,0.9343459010124207,8.97,52976,11127.70
3456,0.6883958578109741,,8.75,53019,11136.45
3457,0.6681576073169708,,8.39,52755,11144.84
3458,0.6841530874371529,,8.06,52135,11152.91
3459,0.6764548346400261,,8.24,52752,11161.15
3460,0.716942735016346,0.9240741928418478,8.04,52901,11169.19
3461,0.6384400501847267,,8.72,52691,11177.91
3462,0.7042355537414551,,7.98,52516,11185.89
3463,0.6837046965956688,,7.85,52484,11193.74
3464,0.6629512161016464,,8.35,52742,11202.09
3465,0.6798641309142113,0.9093871116638184,8.75,52707,11210.84
3466,0.6967634707689285,,7.98,52603,11218.82
3467,0.687916986644268,,8.01,52587,11226.83
3468,0.6987159922719002,,8.89,52491,11235.72
3469,0.6950196623802185,,8.35,53160,11244.06
3470,0.66495081782341,0.9060356616973877,8.41,52496,11252.48
3471,0.6610502079129219,,8.29,52702,11260.77
3472,0.6919816359877586,,8.30,52651,11269.07
3473,0.6736814305186272,,9.27,52384,11278.34
3474,0.6636084541678429,,8.65,53081,11286.99
3475,0.646673358976841,0.8110619187355042,7.81,52850,11294.80
3476,0.7153245508670807,,7.73,52688,11302.54
3477,0.6976047456264496,,7.90,52687,11310.44
3478,0.7124861925840378,,8.08,52842,11318.52
3479,0.709064319729805,,8.51,52850,11327.03
3480,0.662201315164566,0.9001670877138773,8.34,52735,11335.37
3481,0.7027468979358673,,8.38,52662,11343.74
3482,0.6434680223464966,,8.19,52578,11351.94
3483,0.6863522529602051,,8.86,52466,11360.80
3484,0.6616986021399498,,8.78,52285,11369.57
3485,0.6833290606737137,0.9007006287574768,8.42,52453,11377.99
3486,0.6693191453814507,,8.31,52736,11386.30
3487,0.6895500496029854,,8.73,52740,11395.03
3488,0.6700471043586731,,8.79,52689,11403.82
3489,0.6757243871688843,,8.16,52438,11411.98
3490,0.6789330914616585,0.9652530550956726,8.40,52781,11420.38
3491,0.6740608066320419,,8.09,52579,11428.47
3492,0.6792361885309219,,8.41,52870,11436.88
3493,0.6892447769641876,,7.87,52936,11444.75
3494,0.660871110856533,,8.31,52853,11453.06
3495,0.6621580496430397,0.7997814615567526,8.45,52524,11461.51
3496,0.7219623997807503,,8.05,52463,11469.56
3497,0.6753761097788811,,7.99,52585,11477.55
3498,0.7135496288537979,,8.41,52688,11485.96
3499,0.6704592779278755,,7.92,52660,11493.88
3500,0.7101895660161972,0.8674321373303732,8.19,52735,11502.08
3501,0.7079100236296654,,7.99,52956,11510.06
3502,0.6834067404270172,,8.25,52526,11518.32
3503,0.6850129440426826,,8.13,52645,11526.45
3504,0.6762007102370262,,8.26,52734,11534.71
3505,0.6669790223240852,0.9837699731191,8.32,52724,11543.04
3506,0.6521671861410141,,7.78,52705,11550.81
3507,0.7128235474228859,,7.88,52752,11558.70
3508,0.693587027490139,,8.38,52867,11567.08
3509,0.663980670273304,,8.52,52830,11575.60
3510,0.6970139443874359,0.8755917350451151,8.75,52881,11584.35
3511,0.6442680582404137,,8.20,52507,11592.55
3512,0.6667536199092865,,8.27,52647,11600.82
3513,0.6932370364665985,,8.35,52544,11609.17
3514,0.6780782788991928,,7.79,52669,11616.96
3515,0.6900656893849373,0.8734326958656311,8.65,52544,11625.61
3516,0.7124791592359543,,7.99,52464,11633.60
3517,0.6712461560964584,,8.38,52657,11641.97
3518,0.6528718024492264,,8.80,52475,11650.77
3519,0.6922071874141693,,7.72,52499,11658.49
3520,0.7038812041282654,0.8843624194463094,8.84,52804,11667.34
3521,0.7191521227359772,,8.74,52749,11676.08
3522,0.6903599947690964,,8.32,52873,11684.39
3523,0.6656619943678379,,7.42,52603,11691.81
3524,0.6913466975092888,,7.80,52770,11699.62
3525,0.6729249432682991,0.9391407569249471,8.07,52669,11707.68
3526,0.6953603625297546,,8.26,53032,11715.94
3527,0.6973264217376709,,8.21,52825,11724.15
3528,0.6798087060451508,,8.46,52693,11732.61
3529,0.6623911187052727,,7.99,52760,11740.60
3530,0.6887323558330536,0.8390637636184692,8.38,52517,11748.98
3531,0.6727002784609795,,8.67,52509,11757.65
3532,0.6611553654074669,,8.73,52671,11766.38
3533,0.6893589943647385,,8.81,52758,11775.19
3534,0.6991871893405914,,8.70,52954,11783.89
3535,0.6826026067137718,0.8785713712374369,7.90,53161,11791.79
3536,0.7180257961153984,,7.96,52863,11799.75
3537,0.6996035650372505,,8.19,52976,11807.94
3538,0.7344033792614937,,9.05,52389,11817.00
3539,0.656533993780613,,8.43,52605,11825.43
3540,0.693373017013073,0.9131041963895162,8.22,52509,11833.65
3541,0.7249507531523705,,8.24,52949,11841.89
3542,0.7000179663300514,,8.63,52929,11850.52
3543,0.6685488671064377,,8.91,52690,11859.43
3544,0.6949144601821899,,8.57,52545,11868.00
3545,0.6643871963024139,0.9433115919431051,8.68,52485,11876.67
3546,0.7304002419114113,,8.50,52754,11885.18
3547,0.6651034727692604,,8.16,53139,11893.34
3548,0.7145015001296997,,8.95,52463,11902.29
3549,0.6784527599811554,,8.26,52260,11910.54
3550,0.6717533618211746,0.8585151632626852,8.26,52600,11918.80
3551,0.6463194862008095,,7.92,53011,11926.72
3552,0.703555516898632,,8.46,52733,11935.18
3553,0.6700063049793243,,8.40,52585,11943.57
3554,0.6711942702531815,,8.43,52819,11952.00
3555,0.7174742817878723,0.9385600686073303,7.80,52495,11959.80
3556,0.7289738729596138,,8.20,52497,11968.00
3557,0.6672624126076698,,8.49,52829,11976.48
3558,0.6591058373451233,,8.10,52605,11984.58
3559,0.6822862848639488,,8.63,52668,11993.21
3560,0.6439040154218674,0.8834676941235861,8.02,52884,12001.22
3561,0.6740275472402573,,8.40,52803,12009.62
3562,0.7249633446335793,,8.19,53219,12017.81
3563,0.6508229970932007,,8.37,52656,12026.18
3564,0.6904717311263084,,8.63,52419,12034.81
3565,0.6706413999199867,0.9402233560880026,8.48,53053,12043.29
3566,0.7065742313861847,,8.32,52786,12051.60
3567,0.6646448895335197,,8.90,52749,12060.50
3568,0.6742370277643204,,9.06,52824,12069.56
3569,0.6672941371798515,,8.18,52588,12077.75
3570,0.6748681217432022,0.9000926812489828,7.94,52971,12085.68
3571,0.6767583563923836,,8.38,52765,12094.06
3572,0.693985290825367,,7.94,52614,12102.00
3573,0.7142710909247398,,8.71,52671,12110.71
3574,0.6896502003073692,,8.64,52873,12119.35
3575,0.6701672300696373,0.9380008180936178,8.89,52657,12128.24
3576,0.6868133172392845,,8.15,52409,12136.39
3577,0.6923177316784859,,8.68,52817,12145.07
3578,0.6722436174750328,,8.38,52803,12153.45
3579,0.6720413267612457,,8.63,52529,12162.08
3580,0.6773787960410118,0.8946918050448099,8.42,53238,12170.50
3581,0.6669128909707069,,8.11,52332,12178.61
3582,0.6766490191221237,,8.83,52398,12187.44
3583,0.6703086644411087,,8.41,52541,12195.86
3584,0.6904883906245232,,8.37,52485,12204.22
3585,0.7022790014743805,0.8968306581179301,8.18,52593,12212.40
3586,0.68659408390522,,8.19,52887,12220.59
3587,0.6961968317627907,,8.20,52830,12228.79
3588,0.6905583739280701,,8.49,52861,12237.28
3589,0.6334040649235249,,7.89,52657,12245.17
3590,0.6696017757058144,0.9426211714744568,7.95,52764,12253.12
3591,0.6887393817305565,,7.92,52627,12261.04
3592,0.7133826166391373,,8.62,52635,12269.66
3593,0.6786938160657883,,7.58,52778,12277.24
3594,0.6142321825027466,,8.30,52382,12285.54
3595,0.637245737016201,0.9368460774421692,8.39,52758,12293.93
3596,0.6526052132248878,,8.10,53402,12302.03
3597,0.6988092809915543,,7.96,52141,12309.99
3598,0.6991598233580589,,8.96,52736,12318.95
3599,0.6514604613184929,,8.52,52559,12327.47
3600,0.6664907038211823,0.783147136370341,8.72,52834,12336.19
3601,0.7168021574616432,,8.36,52666,12344.54
3602,0.6929496303200722,,8.52,53058,12353.06
3603,0.7001375705003738,,8.04,53044,12361.10
3604,0.6858318001031876,,8.00,52645,12369.10
3605,0.6771482974290848,0.9071935812632242,7.99,52528,12377.09
3606,0.6516178399324417,,8.20,52931,12385.29
3607,0.6864378750324249,,8.50,52551,12393.79
3608,0.677387036383152,,8.13,52764,12401.92
3609,0.7205143198370934,,7.63,52616,12409.56
3610,0.6914476230740547,0.887196958065033,8.30,52784,12417.86
3611,0.7026775851845741,,7.72,53079,12425.58
3612,0.7012222409248352,,8.04,52753,12433.63
3613,0.6944994777441025,,8.93,52738,12442.56
3614,0.6880746409296989,,9.18,52739,12451.74
3615,0.74640803784132,0.9342441360155741,8.41,52779,12460.15
3616,0.6632982343435287,,8.12,52951,12468.26
3617,0.6379871591925621,,8.22,52442,12476.48
3618,0.649892657995224,,8.20,52645,12484.68
3619,0.700956255197525,,7.91,52478,12492.59
3620,0.6790559589862823,0.8405230442682902,7.69,53185,12500.28
3621,0.6909730657935143,,8.34,52763,12508.62
3622,0.6953424140810966,,8.80,52871,12517.42
3623,0.677780419588089,,8.86,52661,12526.28
3624,0.6794096454977989,,8.55,52580,12534.83
3625,0.7200639247894287,0.818097988764445,8.00,52537,12542.83
3626,0.6686618104577065,,8.82,52852,12551.65
3627,0.6750851720571518,,8.48,52975,12560.13
3628,0.7136042937636375,,8.65,52351,12568.78
3629,0.6556905582547188,,8.41,52444,12577.19
3630,0.6703808754682541,0.8368398149808248,8.03,52543,12585.21
3631,0.6781152486801147,,8.21,52707,12593.43
3632,0.6671812608838081,,8.28,52442,12601.71
3633,0.7005690932273865,,9.36,52888,12611.07
3634,0.6919329762458801,,8.09,52651,12619.16
3635,0.6722339168190956,0.8971463243166605,7.84,52609,12627.00
3636,0.7128729969263077,,7.91,52746,12634.91
3637,0.6885323226451874,,7.50,52764,12642.41
3638,0.6683943271636963,,8.21,53146,12650.61
3639,0.6537322551012039,,7.94,52767,12658.55
3640,0.6702053435146809,0.8230437835057577,8.44,52402,12666.99
3641,0.6772695630788803,,8.21,52647,12675.20
3642,0.6860267221927643,,8.38,52736,12683.58
3643,0.6791026368737221,,7.58,52394,12691.16
3644,0.7147203832864761,,7.83,52697,12698.98
3645,0.6178963705897331,0.8821064035097758,8.11,52628,12707.10
3646,0.6917933076620102,,8.41,52565,12715.51
3647,0.7163914814591408,,8.83,53076,12724.34
3648,0.7337775826454163,,8.80,52369,12733.14
3649,0.6647574827075005,,8.41,52713,12741.55
3650,0.6752758175134659,0.9335392514864603,8.68,52602,12750.23
3651,0.656420573592186,,7.74,52367,12757.98
3652,0.6999124363064766,,7.78,52760,12765.76
3653,0.6855638697743416,,7.91,52494,12773.67
3654,0.700291633605957,,8.02,52230,12781.69
3655,0.6661270782351494,0.9142897526423136,7.67,52630,12789.36
3656,0.6944201439619064,,8.44,52422,12797.80
3657,0.6684777215123177,,8.40,52781,12806.20
3658,0.7044951394200325,,8.70,52893,12814.90
3659,0.7016310840845108,,8.25,52708,12823.16
3660,0.6548726186156273,0.9139180382092794,8.20,53144,12831.35
3661,0.6646412909030914,,9.25,52395,12840.61
3662,0.6699416264891624,,9.05,53052,12849.66
3663,0.6770362928509712,,8.54,53090,12858.19
3664,0.6667991206049919,,9.09,52664,12867.28
3665,0.6851485371589661,0.8978133400281271,8.01,52678,12875.30
3666,0.6720451191067696,,8.76,52940,12884.06
3667,0.6857790127396584,,8.59,52788,12892.65
3668,0.6471198573708534,,8.50,52338,12901.15
3669,0.6648090332746506,,9.30,52619,12910.46
3670,0.6381213143467903,0.8798572818438212,8.09,52531,12918.54
3671,0.6708889678120613,,8.30,52510,12926.84
3672,0.6726765781641006,,8.14,52368,12934.99
3673,0.6814791858196259,,7.90,52926,12942.89
3674,0.7028032839298248,,8.29,52793,12951.18
3675,0.683378055691719,0.9097022414207458,8.18,52647,12959.36
3676,0.6869026869535446,,8.29,52937,12967.65
3677,0.7092287167906761,,8.47,52506,12976.13
3678,0.7365060374140739,,8.19,52843,12984.32
3679,0.6577198430895805,,8.51,52454,12992.82
3680,0.6416885480284691,0.8678776820500692,7.97,52928,13000.79
3681,0.6596980914473534,,8.05,52926,13008.84
3682,0.6617812067270279,,8.28,52341,13017.12
3683,0.6546316593885422,,8.66,52725,13025.78
3684,0.6761973574757576,,8.18,52631,13033.97
3685,0.6574010029435158,0.8600842356681824,8.44,52649,13042.40
3686,0.6989326551556587,,8.36,52701,13050.76
3687,0.7011856138706207,,8.33,52787,13059.09
3688,0.6903360560536385,,8.27,52931,13067.37
3689,0.7263295464217663,,8.67,52592,13076.04
3690,0.6552220657467842,0.9019528230031332,8.16,52538,13084.21
3691,0.640727311372757,,8.10,52692,13092.31
3692,0.7023885697126389,,8.19,52720,13100.50
3693,0.6412134990096092,,8.17,52465,13108.67
3694,0.6859857589006424,,8.38,52405,13117.04
3695,0.6753720343112946,0.9517954786618551,8.75,52828,13125.80
3696,0.6696654185652733,,8.24,52845,13134.04
3697,0.7369026020169258,,8.07,52717,13142.11
3698,0.686809167265892,,8.82,52467,13150.93
3699,0.6746848672628403,,7.80,52674,13158.73
3700,0.7091807574033737,0.8771040240923563,8.19,52691,13166.92
3701,0.6945444047451019,,7.90,53002,13174.82
3702,0.6768207475543022,,8.17,52636,13182.99
3703,0.6714479699730873,,8.42,52800,13191.41
3704,0.6553199663758278,,7.82,52662,13199.24
3705,0.6538484841585159,0.9218117197354635,7.83,52617,13207.06
3706,0.7363210394978523,,8.50,52389,13215.56
3707,0.6876835227012634,,8.60,53086,13224.17
3708,0.6687516272068024,,8.49,52732,13232.66
3709,0.690150685608387,,9.24,52603,13241.90
3710,0.6877110749483109,0.9857134024302164,7.63,52672,13249.53
3711,0.6581098064780235,,8.02,52703,13257.56
3712,0.6846344843506813,,7.88,52685,13265.44
3713,0.6907676383852959,,8.17,52752,13273.61
3714,0.688230849802494,,8.71,53008,13282.32
3715,0.6713119819760323,0.8587162693341573,8.09,52509,13290.41
3716,0.6544927060604095,,7.92,52531,13298.33
3717,0.6630402207374573,,8.40,52645,13306.73
3718,0.6378206759691238,,8.38,52876,13315.11
3719,0.6869082003831863,,8.31,52695,13323.41
3720,0.6562800779938698,0.8914198875427246,7.97,52646,13331.38
3721,0.6986209005117416,,8.76,52915,13340.14
3722,0.7122305557131767,,8.26,52770,13348.40
3723,0.7115242853760719,,8.45,52659,13356.86
3724,0.6512803882360458,,8.46,52640,13365.31
3725,0.656836099922657,0.9092683593432108,9.15,52450,13374.47
3726,0.6822626888751984,,8.69,52830,13383.15
3727,0.6889464184641838,,8.31,52734,13391.46
3728,0.675718754529953,,8.54,53001,13400.00
3729,0.6466822102665901,,8.74,52471,13408.74
3730,0.7027845159173012,0.8234458565711975,8.20,52727,13416.94
3731,0.6934071928262711,,8.18,52889,13425.12
3732,0.716230534017086,,8.52,52700,13433.63
3733,0.654438205063343,,8.35,52893,13441.98
3734,0.7050410807132721,,8.38,53074,13450.36
3735,0.6751725897192955,0.9159039855003357,8.25,52477,13458.60
3736,0.720832459628582,,9.04,52901,13467.64
3737,0.6648515462875366,,8.61,52528,13476.25
3738,0.6477377787232399,,8.88,52650,13485.14
3739,0.6514968872070312,,8.77,52524,13493.91
3740,0.658938355743885,0.877513607343038,8.33,52669,13502.24
3741,0.6798113510012627,,8.07,52838,13510.30
3742,0.6872074082493782,,8.88,52950,13519.18
3743,0.6633848771452904,,8.47,52769,13527.65
3744,0.6161351576447487,,8.84,52528,13536.49
3745,0.6740864887833595,0.882475475470225,8.20,52805,13544.69
3746,0.6890081986784935,,8.94,52769,13553.63
3747,0.714726097881794,,8.04,52757,13561.67
3748,0.6567542441189289,,7.90,52603,13569.57
3749,0.7074149399995804,,8.19,52804,13577.77
3750,0.7044559791684151,0.8879702687263489,8.65,52611,13586.42
3751,0.6506874337792397,,7.91,52473,13594.33
3752,0.6571647375822067,,8.25,52688,13602.58
3753,0.6843632310628891,,8.02,52845,13610.60
3754,0.6877148449420929,,7.88,52593,13618.48
3755,0.6961581110954285,0.8701924880345663,8.70,52678,13627.18
3756,0.6532259881496429,,8.85,52928,13636.03
3757,0.6525329723954201,,9.46,52734,13645.49
3758,0.6730366870760918,,7.96,52276,13653.45
3759,0.6591710671782494,,8.27,52540,13661.72
3760,0.665419228374958,0.9007988770802816,8.43,52654,13670.16
3761,0.6506004147231579,,8.00,52598,13678.15
3762,0.6833870261907578,,8.49,52792,13686.64
3763,0.6953189671039581,,7.65,52632,13694.30
3764,0.7406571060419083,,8.12,52570,13702.41
3765,0.6894180774688721,0.8174469868342081,8.24,52582,13710.65
3766,0.675723597407341,,7.76,52587,13718.41
3767,0.6930623650550842,,7.97,52704,13726.38
3768,0.6874390318989754,,7.78,52445,13734.16
3769,0.658906415104866,,8.61,52595,13742.77
3770,0.6860645785927773,0.8990175922711691,8.57,52347,13751.34
3771,0.6391749978065491,,8.09,52958,13759.43
3772,0.7316518500447273,,7.89,52962,13767.32
3773,0.7037984505295753,,8.22,52655,13775.55
3774,0.7013200744986534,,8.00,52600,13783.55
3775,0.6546520292758942,0.8950801690419515,7.91,52544,13791.46
3776,0.6219045743346214,,8.53,53083,13799.99
3777,0.7019350007176399,,8.24,52989,13808.23
3778,0.7012242153286934,,8.88,53004,13817.11
3779,0.6674625873565674,,8.56,52382,13825.66
3780,0.6245162412524223,0.8935561180114746,8.10,52971,13833.77
3781,0.643445611000061,,8.26,52586,13842.02
3782,0.6647657454013824,,7.98,52501,13850.00
3783,0.6646997779607773,,8.25,52393,13858.25
3784,0.6773629859089851,,8.84,53065,13867.10
3785,0.6896077618002892,0.9611022472381592,8.95,52863,13876.05
3786,0.681018203496933,,7.90,52879,13883.95
3787,0.69471126049757,,9.05,52829,13893.00
3788,0.677911564707756,,8.65,53064,13901.65
3789,0.6200065389275551,,7.52,52509,13909.17
3790,0.6805510967969894,0.8480602502822876,8.16,52726,13917.33
3791,0.705959789454937,,8.41,52237,13925.74
3792,0.6800039261579514,,8.63,52687,13934.37
3793,0.6425457894802094,,8.40,52623,13942.77
3794,0.6178342774510384,,7.90,52620,13950.67
3795,0.6928690522909164,0.9381829301516215,7.65,53188,13958.32
3796,0.6468435637652874,,8.04,53150,13966.36
3797,0.657169297337532,,7.90,52924,13974.26
3798,0.6718973517417908,,8.02,52898,13982.28
3799,0.6793508008122444,,8.65,52890,13990.93
3800,0.6651361659169197,0.9804929693539938,8.73,52619,13999.66
3801,0.6555690243840218,,8.62,52982,14008.28
3802,0.6899121031165123,,7.97,52530,14016.25
3803,0.6724038347601891,,8.42,53055,14024.67
3804,0.6850332170724869,,8.09,52874,14032.76
3805,0.6286562010645866,0.9246891339619955,8.90,52800,14041.66
3806,0.7246509045362473,,8.37,52580,14050.03
3807,0.6770780012011528,,9.13,52722,14059.17
3808,0.6920858174562454,,9.15,52390,14068.31
3809,0.6727311387658119,,9.10,52457,14077.41
3810,0.6711695715785027,0.843651016553243,8.80,52561,14086.22
3811,0.6355482563376427,,8.45,52407,14094.67
3812,0.6697938814759254,,8.39,52921,14103.06
3813,0.6644076108932495,,8.82,52629,14111.88
3814,0.6842867061495781,,8.78,52652,14120.66
3815,0.674746572971344,0.9252641201019287,9.65,52657,14130.32
3816,0.6886296793818474,,8.78,52666,14139.10
3817,0.655438207089901,,8.41,52864,14147.50
3818,0.6726314425468445,,7.61,52422,14155.12
3819,0.6441396623849869,,8.87,52804,14163.99
3820,0.6304563358426094,0.8695131142934164,8.86,52726,14172.84
3821,0.6496507301926613,,8.87,52821,14181.71
3822,0.6619206443428993,,8.29,52682,14190.00
3823,0.6788810417056084,,8.99,52943,14198.99
3824,0.6587807089090347,,7.70,52497,14206.69
3825,0.6813751459121704,0.8452914158503214,8.96,52609,14215.65
3826,0.6667265444993973,,8.12,53015,14223.77
3827,0.6834659576416016,,8.45,52721,14232.23
3828,0.6464599967002869,,7.69,52831,14239.92
3829,0.6588354930281639,,7.67,52494,14247.59
3830,0.6665055379271507,0.9479295015335083,8.00,53019,14255.58
3831,0.6611766442656517,,7.48,52417,14263.07
3832,0.6918708607554436,,7.95,52493,14271.02
3833,0.6386715024709702,,7.25,52760,14278.27
3834,0.6605068258941174,,7.72,52606,14285.99
3835,0.6889166459441185,0.849114199479421,8.17,52606,14294.15
3836,0.667691208422184,,7.66,52701,14301.81
3837,0.711695708334446,,7.93,53163,14309.74
3838,0.6739486530423164,,8.38,52764,14318.12
3839,0.6421066075563431,,8.21,52569,14326.33
3840,0.6965723782777786,0.9113083680470785,8.84,52604,14335.17
3841,0.6592767238616943,,8.68,52833,14343.85
3842,0.7167391180992126,,8.98,52401,14352.84
3843,0.6658476516604424,,8.25,52764,14361.09
3844,0.6747018992900848,,8.99,52748,14370.08
3845,0.6536241173744202,0.920111080010732,9.24,52391,14379.32
3846,0.6677959077060223,,9.20,52526,14388.52
3847,0.6936683356761932,,8.66,52517,14397.17
3848,0.6812627762556076,,9.16,52905,14406.33
3849,0.6407235562801361,,8.53,52416,14414.85
3850,0.6291762739419937,0.8970960776011149,9.20,52664,14424.06
3851,0.6165581047534943,,8.66,52478,14432.71
3852,0.6623798087239265,,9.87,52740,14442.59
3853,0.6288606151938438,,8.46,53114,14451.04
3854,0.6744834706187248,,9.01,52858,14460.06
3855,0.6402312628924847,0.8314269582430521,9.62,52861,14469.68
3856,0.6423333287239075,,8.46,52725,14478.14
3857,0.6730329096317291,,8.62,52311,14486.75
3858,0.6787892729043961,,8.72,52637,14495.47
3859,0.6837952882051468,,8.34,52777,14503.81
3860,0.6717419549822807,0.9330330292383829,8.28,52250,14512.09
3861,0.6514761000871658,,8.05,52667,14520.14
3862,0.6904987320303917,,7.73,52784,14527.86
3863,0.7069130539894104,,8.07,52841,14535.93
3864,0.6796057224273682,,8.08,52751,14544.01
3865,0.6514023616909981,0.9060302178064982,7.77,52492,14551.78
3866,0.6680473685264587,,8.10,52550,14559.89
3867,0.651712529361248,,8.02,52546,14567.91
3868,0.6600658446550369,,8.83,52742,14576.74
3869,0.6281916201114655,,8.42,52450,14585.16
3870,0.6797005012631416,1.007885714371999,8.78,52687,14593.93
3871,0.6672245785593987,,8.75,53060,14602.68
3872,0.7052377462387085,,8.61,52642,14611.29
3873,0.6782523915171623,,8.89,52844,14620.17
3874,0.6728612929582596,,7.89,52845,14628.07
3875,0.6929550096392632,0.9234925111134847,8.74,52525,14636.81
3876,0.6598374992609024,,8.73,53056,14645.54
3877,0.6888093203306198,,8.67,52537,14654.20
3878,0.6410049088299274,,9.05,52365,14663.25
3879,0.6533928290009499,,7.74,52863,14670.99
3880,0.6772143840789795,0.8591081897417704,8.24,52903,14679.24
3881,0.6600610613822937,,8.37,52553,14687.60
3882,0.6702503710985184,,8.04,52669,14695.64
3883,0.6303848177194595,,8.80,52853,14704.44
3884,0.6331314593553543,,9.39,52893,14713.84
3885,0.6332036592066288,0.89277583360672,8.34,52316,14722.18
3886,0.6567374840378761,,9.63,52598,14731.81
3887,0.6663759052753448,,8.07,52700,14739.88
3888,0.708163820207119,,8.02,52962,14747.90
3889,0.6857833042740822,,8.47,52624,14756.37
3890,0.6496982797980309,0.8919572035471598,8.24,52797,14764.61
3891,0.6746582612395287,,7.88,52618,14772.50
3892,0.6559650897979736,,8.46,52725,14780.96
3893,0.6993943303823471,,7.98,52873,14788.93
3894,0.7001140788197517,,7.95,52224,14796.88
3895,0.6673327460885048,0.9792467951774597,8.11,52924,14804.99
3896,0.695911280810833,,8.27,52648,14813.26
3897,0.6722006872296333,,8.66,52966,14821.93
3898,0.6733788996934891,,8.37,52920,14830.30
3899,0.6375620365142822,,8.99,52755,14839.29
3900,0.6459404975175858,0.8688147862752279,9.31,52811,14848.60
3901,0.6693509742617607,,8.62,52702,14857.22
3902,0.6635060086846352,,8.67,52314,14865.89
3903,0.6704228818416595,,8.33,52849,14874.21
3904,0.6229859218001366,,9.54,52672,14883.75
3905,0.6956600993871689,0.9169302781422933,7.91,52703,14891.66
3906,0.6838027313351631,,8.48,52982,14900.14
3907,0.6539666503667831,,7.79,52632,14907.93
3908,0.619566060602665,,9.07,52904,14917.00
3909,0.6938807144761086,,8.88,52561,14925.88
3910,0.6317033544182777,0.9596988360087076,8.94,52536,14934.82
3911,0.6953535079956055,,8.64,52391,14943.46
3912,0.6852536723017693,,8.05,53015,14951.51
3913,0.716106966137886,,7.71,52684,14959.23
3914,0.6820549890398979,,8.32,52970,14967.55
3915,0.6589872092008591,0.8867751757303873,8.11,52693,14975.66
3916,0.6899171471595764,,8.71,52684,14984.36
3917,0.6655146032571793,,8.36,52605,14992.73
3918,0.6660424843430519,,8.43,52564,15001.16
3919,0.6571194753050804,,8.29,52547,15009.45
3920,0.6934901103377342,0.8489805658658346,8.07,53084,15017.51
3921,0.6372762024402618,,8.71,53120,15026.23
3922,0.6524163857102394,,8.32,52680,15034.54
3923,0.6648940294981003,,8.34,52717,15042.88
3924,0.7252867072820663,,7.79,52647,15050.67
3925,0.7043722793459892,0.9209223786989847,8.01,52611,15058.68
3926,0.6787292957305908,,7.85,52580,15066.52
3927,0.6511550769209862,,8.35,52646,15074.88
3928,0.6463309749960899,,8.81,52559,15083.69
3929,0.703590877354145,,8.69,52883,15092.38
3930,0.6362423747777939,0.8337079683939616,8.92,52890,15101.29
3931,0.7149702161550522,,8.60,52727,15109.89
3932,0.701255738735199,,8.76,52719,15118.64
3933,0.6841441765427589,,8.47,52586,15127.12
3934,0.6798134967684746,,8.41,52801,15135.52
3935,0.6461604833602905,0.92171577612559,8.62,52761,15144.15
3936,0.6563108637928963,,9.15,52743,15153.30
3937,0.670786090195179,,8.12,52634,15161.42
3938,0.6784627586603165,,8.30,52810,15169.71
3939,0.7109963670372963,,7.60,52479,15177.31
3940,0.6775979474186897,0.8699550032615662,8.24,52558,15185.56
3941,0.6578256487846375,,8.65,52497,15194.21
3942,0.6608212441205978,,7.84,52732,15202.05
3943,0.6669619008898735,,8.06,52750,15210.11
3944,0.6392229571938515,,7.69,53007,15217.80
3945,0.6665328070521355,0.9599348902702332,7.65,52731,15225.45
3946,0.6707943007349968,,7.66,52623,15233.11
3947,0.6479512155056,,7.68,52816,15240.79
3948,0.6587283313274384,,7.55,52728,15248.34
3949,0.6511564627289772,,8.18,52615,15256.51
3950,0.6775995939970016,0.9491286873817444,7.99,53267,15264.51
3951,0.6849751323461533,,7.66,52852,15272.16
3952,0.6516771242022514,,7.50,52804,15279.67
3953,0.6695059537887573,,7.95,52683,15287.62
3954,0.6427317336201668,,7.91,52769,15295.53
3955,0.6568494215607643,0.8659344712893168,8.49,52351,15304.02
3956,0.6845201030373573,,8.07,52464,15312.08
3957,0.6834254860877991,,8.05,52418,15320.14
3958,0.6660501807928085,,8.12,52615,15328.26
3959,0.6848105564713478,,7.42,52692,15335.68
3960,0.6764579713344574,0.9271557132403055,7.81,52914,15343.49
3961,0.6446586102247238,,7.58,52670,15351.07
3962,0.6697796061635017,,8.27,52394,15359.34
3963,0.6734372153878212,,7.61,52511,15366.95
3964,0.6996559426188469,,8.02,52849,15374.97
3965,0.6107576563954353,0.886848509311676,8.09,52650,15383.06
3966,0.6712241470813751,,7.93,52436,15390.99
3967,0.6659608036279678,,7.74,52705,15398.73
3968,0.7040595859289169,,7.76,52699,15406.49
3969,0.6225849613547325,,8.36,52905,15414.86
3970,0.6414338573813438,0.8980939586957296,7.84,52693,15422.69
3971,0.6644536256790161,,7.71,52566,15430.40
3972,0.7027624398469925,,8.33,52934,15438.73
3973,0.6856887862086296,,8.04,52771,15446.77
3974,0.6495423913002014,,7.72,52858,15454.49
3975,0.6495462507009506,0.895865261554718,7.73,52752,15462.22
3976,0.6007773578166962,,7.49,52485,15469.71
3977,0.6713000386953354,,7.65,52719,15477.36
3978,0.6872775852680206,,8.34,52573,15485.71
3979,0.6179999113082886,,7.65,52386,15493.36
3980,0.6302763074636459,0.8834524154663086,7.72,52437,15501.08
3981,0.6841283291578293,,7.52,52857,15508.59
3982,0.7057268023490906,,8.17,52556,15516.77
3983,0.6827991381287575,,8.32,52874,15525.09
3984,0.6798824071884155,,7.74,52237,15532.83
3985,0.6597711145877838,0.8646948337554932,8.44,52842,15541.27
3986,0.6406490579247475,,7.85,52847,15549.11
3987,0.675621785223484,,7.86,52546,15556.97
3988,0.6555532887578011,,8.13,52617,15565.10
3989,0.6605918705463409,,8.15,53034,15573.25
3990,0.6573247984051704,0.8517404397328695,8.06,52858,15581.31
3991,0.6649309918284416,,8.03,53116,15589.34
3992,0.6490901559591293,,7.94,53122,15597.28
3993,0.676952414214611,,8.42,52577,15605.69
3994,0.6779328882694244,,7.94,52520,15613.63
3995,0.678398609161377,0.9931692282358805,7.92,52459,15621.54
3996,0.6972619667649269,,8.18,52693,15629.73
3997,0.6623916923999786,,7.56,52523,15637.29
3998,0.672605387866497,,7.70,52625,15644.99
3999,0.6902148425579071,,7.88,52276,15652.87
4000,0.6564139872789383,0.8687988917032877,7.88,52524,15660.76
4001,0.6877495869994164,,8.45,52399,15669.20
4002,0.6552074998617172,,8.01,53143,15677.21
4003,0.6356683373451233,,7.38,52591,15684.58
4004,0.7001068517565727,,7.63,52609,15692.21
4005,0.6791159138083458,1.0037789344787598,7.28,52411,15699.50
4006,0.6973072811961174,,7.31,52762,15706.80
4007,0.6846092417836189,,7.42,52780,15714.22
4008,0.6672006994485855,,7.29,52225,15721.51
4009,0.6901891380548477,,7.25,52676,15728.76
4010,0.6953561082482338,0.9623296856880188,7.33,52558,15736.09
4011,0.7079951465129852,,8.39,52662,15744.48
4012,0.6626220196485519,,8.39,52795,15752.87
4013,0.7068056389689445,,8.12,52810,15760.98
4014,0.6758473664522171,,7.61,52698,15768.59
4015,0.6740869805216789,0.8831573526064554,8.38,52406,15776.97
4016,0.6651952713727951,,8.09,52834,15785.06
4017,0.7013475373387337,,7.93,53160,15792.99
4018,0.6863428875803947,,7.59,52567,15800.57
4019,0.6871704161167145,,7.46,52675,15808.03
4020,0.6396056339144707,0.9135082364082336,8.62,52525,15816.65
4021,0.6396121010184288,,8.10,53132,15824.74
4022,0.6199404895305634,,8.01,52812,15832.75
4023,0.7119269520044327,,7.42,52642,15840.17
4024,0.6652012392878532,,7.90,52783,15848.07
4025,0.6822676137089729,0.920956552028656,7.84,52606,15855.91
4026,0.6824927404522896,,7.98,52900,15863.90
4027,0.6621190458536148,,7.69,53007,15871.59
4028,0.7014952152967453,,7.39,52654,15878.98
4029,0.6694350764155388,,7.53,52697,15886.50
4030,0.6600771844387054,0.8697086373964945,7.57,52789,15894.07
4031,0.6585596725344658,,7.89,52644,15901.96
4032,0.6602972224354744,,7.82,52428,15909.78
4033,0.7058281973004341,,8.29,52469,15918.07
4034,0.6863300502300262,,7.85,52651,15925.92
4035,0.7107966244220734,0.907704770565033,7.82,52825,15933.74
4036,0.6793035641312599,,7.44,52966,15941.18
4037,0.6987009644508362,,7.86,52428,15949.04
4038,0.6742090657353401,,7.45,52637,15956.49
4039,0.6254213526844978,,7.77,52665,15964.27
4040,0.6633244305849075,0.925654133160909,7.65,52578,15971.91
4041,0.6684187948703766,,7.69,52692,15979.60
4042,0.6470101699233055,,8.27,52405,15987.87
4043,0.6335154846310616,,7.99,52978,15995.86
4044,0.6394319161772728,,8.21,52395,16004.07
4045,0.6672306656837463,0.8450285991032919,7.83,52559,16011.90
4046,0.6833113133907318,,7.37,52998,16019.26
4047,0.6397350579500198,,7.75,52575,16027.01
4048,0.6416059583425522,,8.25,52550,16035.26
4049,0.6872875168919563,,8.29,52823,16043.56
4050,0.6430172473192215,0.9179158210754395,7.75,53013,16051.31
4051,0.6488975808024406,,7.79,52540,16059.10
4052,0.6714650094509125,,7.57,52771,16066.67
4053,0.6815314665436745,,7.35,52913,16074.02
4054,0.6383030116558075,,7.59,52389,16081.61
4055,0.6940894350409508,0.8893626729647318,7.50,52808,16089.11
4056,0.6661961004137993,,7.68,52377,16096.79
4057,0.7123118937015533,,7.58,52789,16104.37
4058,0.6632618233561516,,7.63,52712,16112.00
4059,0.6622290015220642,,8.14,52963,16120.14
4060,0.6393850520253181,0.8878745635350546,7.68,52619,16127.82
4061,0.6914564594626427,,7.16,52702,16134.98
4062,0.6671648547053337,,7.20,52769,16142.18
4063,0.623366754502058,,7.92,52609,16150.11
4064,0.63507529348135,,8.49,52739,16158.60
4065,0.6314426511526108,0.8710655371348063,7.96,52897,16166.56
4066,0.6703900173306465,,7.92,52822,16174.49
4067,0.6736031994223595,,7.38,52620,16181.87
4068,0.6732960939407349,,7.70,53002,16189.57
4069,0.6920104622840881,,7.20,53008,16196.76
4070,0.6750493124127388,0.8151823083559672,7.15,52726,16203.92
4071,0.668162427842617,,7.61,52697,16211.53
4072,0.6593691110610962,,7.62,52537,16219.15
4073,0.6549684703350067,,7.24,52376,16226.38
4074,0.6787365525960922,,7.38,52453,16233.76
4075,0.6728890165686607,0.8814732035001119,7.52,52581,16241.28
4076,0.6390662044286728,,8.13,52737,16249.41
4077,0.7196159139275551,,7.93,52758,16257.35
4078,0.6270958781242371,,8.05,52954,16265.40
4079,0.6875928416848183,,8.34,52683,16273.74
4080,0.6814117729663849,0.9579605857531229,7.72,52748,16281.46
4081,0.659835048019886,,7.91,52683,16289.37
4082,0.6606059446930885,,7.89,52729,16297.26
4083,0.6369163542985916,,7.89,52836,16305.15
4084,0.6192605942487717,,7.67,52825,16312.82
4085,0.6699829250574112,0.8889881372451782,7.70,52673,16320.51
4086,0.6604077816009521,,8.05,52484,16328.57
4087,0.6827929839491844,,7.58,52877,16336.15
4088,0.6502426378428936,,7.31,52489,16343.46
4089,0.6672824621200562,,7.99,52619,16351.45
4090,0.6634515598416328,0.8740739425023397,7.97,52355,16359.42
4091,0.6892394870519638,,7.71,52706,16367.13
4092,0.6457882076501846,,8.47,52477,16375.60
4093,0.6305682696402073,,7.30,52146,16382.89
4094,0.6458730325102806,,7.60,52626,16390.49
4095,0.6695132404565811,0.9180283745129904,8.30,52753,16398.79
4096,0.6762896403670311,,8.37,52923,16407.16
4097,0.6491528898477554,,7.59,52445,16414.75
4098,0.699272945523262,,7.75,53035,16422.50
4099,0.6674036830663681,,7.73,52925,16430.23
4100,0.647136814892292,0.8845820426940918,7.62,52616,16437.84
4101,0.6829438209533691,,8.10,52683,16445.95
4102,0.6781888008117676,,7.35,53017,16453.30
4103,0.5980084910988808,,7.05,53131,16460.35
4104,0.6809739097952843,,7.67,53027,16468.02
4105,0.689578503370285,0.8855091333389282,7.62,52979,16475.63
4106,0.6802434846758842,,7.26,52716,16482.90
4107,0.654932364821434,,7.59,52410,16490.49
4108,0.64750911667943,,7.83,52924,16498.32
4109,0.6745010614395142,,8.06,52437,16506.38
4110,0.6580322533845901,0.9157120784123739,8.22,52651,16514.60
4111,0.6759551465511322,,7.99,52870,16522.58
4112,0.6582247540354729,,8.28,52312,16530.87
4113,0.6755133271217346,,7.66,52475,16538.53
4114,0.7191499173641205,,7.76,52614,16546.29
4115,0.6728581115603447,0.9502269824345907,7.92,52925,16554.20
4116,0.6322735175490379,,7.79,52516,16561.99
4117,0.6830604746937752,,7.62,52824,16569.61
4118,0.7045992538332939,,7.88,52541,16577.50
4119,0.6801703721284866,,7.77,52335,16585.27
4120,0.6650147289037704,0.8496096332867941,8.02,53034,16593.29
4121,0.6633876487612724,,7.66,52623,16600.95
4122,0.6631968915462494,,7.58,52748,16608.53
4123,0.6052602641284466,,7.77,53430,16616.29
4124,0.666118398308754,,7.78,52501,16624.08
4125,0.6735262125730515,1.014082670211792,7.52,52538,16631.60
4126,0.6824577376246452,,7.83,52577,16639.42
4127,0.6273483857512474,,8.01,52205,16647.43
4128,0.6208922192454338,,7.64,52617,16655.08
4129,0.6633333414793015,,7.83,52737,16662.90
4130,0.7079219743609428,0.8893833160400391,8.20,52664,16671.10
4131,0.6352901980280876,,7.52,52956,16678.62
4132,0.6840451657772064,,7.47,53090,16686.09
4133,0.6533524841070175,,8.02,52684,16694.11
4134,0.618888184428215,,7.39,53071,16701.50
4135,0.648904450237751,0.9126561880111694,7.34,52658,16708.84
4136,0.6343995183706284,,7.82,52911,16716.66
4137,0.6371490955352783,,7.16,52840,16723.83
4138,0.630112886428833,,7.93,52729,16731.76
4139,0.6038473322987556,,8.52,52870,16740.27
4140,0.6999009996652603,0.9026326537132263,8.00,52839,16748.27
4141,0.644078828394413,,8.03,52284,16756.31
4142,0.6565500572323799,,7.42,52591,16763.72
4143,0.6959266662597656,,8.49,52315,16772.21
4144,0.6783415600657463,,7.63,52777,16779.83
4145,0.6550942212343216,0.924679160118103,7.32,52539,16787.16
4146,0.6701067760586739,,7.54,52684,16794.70
4147,0.6251849234104156,,8.01,52656,16802.71
4148,0.6367035247385502,,7.44,52405,16810.16
4149,0.6274693012237549,,8.16,52790,16818.32
4150,0.7106698900461197,0.9464314778645834,7.91,52648,16826.23
4151,0.6894232407212257,,7.64,52944,16833.87
4152,0.725163035094738,,7.80,52452,16841.67
4153,0.6720277890563011,,7.95,52943,16849.62
4154,0.6697595119476318,,8.51,52929,16858.14
4155,0.6846767663955688,0.8591545820236206,8.19,52553,16866.32
4156,0.6896952092647552,,8.06,52610,16874.39
4157,0.7117958292365074,,7.84,52641,16882.23
4158,0.6570573300123215,,7.91,52542,16890.13
4159,0.6613174006342888,,7.65,52709,16897.78
4160,0.6641584858298302,0.8878265420595804,7.98,52574,16905.76
4161,0.6661040112376213,,7.92,52562,16913.68
4162,0.6455229073762894,,7.74,52628,16921.42
4163,0.6637903675436974,,8.01,52602,16929.43
4164,0.6542271748185158,,8.00,52799,16937.43
4165,0.666685052216053,0.960802694161733,7.33,52346,16944.76
4166,0.6319046095013618,,7.56,52684,16952.31
4167,0.6529532447457314,,7.90,52789,16960.21
4168,0.6667809560894966,,8.36,52567,16968.57
4169,0.6947213187813759,,8.17,52553,16976.74
4170,0.6575500145554543,0.8759813706080118,7.83,52776,16984.58
4171,0.7040143981575966,,7.98,52441,16992.56
4172,0.6520245596766472,,7.68,52388,17000.23
4173,0.7020652964711189,,7.82,52637,17008.05
4174,0.6477393954992294,,8.04,52392,17016.09
4175,0.6879609450697899,0.8770205775896708,7.87,52814,17023.97
4176,0.6442678421735764,,8.00,53028,17031.97
4177,0.6718223690986633,,7.81,52621,17039.77
4178,0.6342088207602501,,7.72,52656,17047.49
4179,0.657796710729599,,7.59,52477,17055.08
4180,0.6329788267612457,0.9071064194043478,7.51,52568,17062.59
4181,0.6444209292531013,,7.76,52613,17070.35
4182,0.6593743115663528,,7.23,52427,17077.57
4183,0.6414692774415016,,7.80,52658,17085.37
4184,0.6554894670844078,,7.56,52613,17092.92
4185,0.6697584614157677,0.967244823773702,7.85,52447,17100.77
4186,0.6415238678455353,,7.68,52505,17108.46
4187,0.6496452391147614,,7.33,52673,17115.78
4188,0.6588632166385651,,7.32,52745,17123.11
4189,0.6501924097537994,,7.78,52688,17130.89
4190,0.6513360440731049,0.9256367882092794,7.75,52526,17138.64
4191,0.6788010895252228,,7.50,52617,17146.14
4192,0.6839043945074081,,7.44,52643,17153.58
4193,0.68731639534235,,8.05,52770,17161.62
4194,0.6509528234601021,,7.45,52647,17169.07
4195,0.6403540000319481,0.9147156675656637,7.88,52580,17176.95
4196,0.6473487988114357,,7.74,52581,17184.69
4197,0.6476219221949577,,7.84,52637,17192.53
4198,0.6631910875439644,,7.61,52387,17200.14
4199,0.6659380719065666,,7.75,52864,17207.89
4200,0.6300727650523186,0.8732159733772278,7.86,52390,17215.75
4201,0.6573103368282318,,7.91,53058,17223.66
4202,0.6565523743629456,,7.24,52715,17230.90
4203,0.6603943929076195,,7.84,52942,17238.74
4204,0.6501601934432983,,7.90,52573,17246.64
4205,0.6424498856067657,0.8872958620389303,7.38,52389,17254.02
4206,0.6656046584248543,,7.60,52491,17261.62
4207,0.6766084879636765,,8.39,52679,17270.01
4208,0.6294402256608009,,8.24,52539,17278.25
4209,0.6703951209783554,,7.58,52668,17285.83
4210,0.6492152735590935,0.9063835342725118,8.04,52477,17293.87
4211,0.5966496095061302,,7.39,52474,17301.26
4212,0.6599521487951279,,7.59,52943,17308.85
4213,0.6593762636184692,,7.70,52833,17316.55
4214,0.6701115295290947,,7.28,52612,17323.83
4215,0.6481846198439598,0.9816344777743021,8.12,52472,17331.95
4216,0.6511980518698692,,7.29,52689,17339.24
4217,0.6640565320849419,,7.97,52486,17347.21
4218,0.628850981593132,,7.79,52703,17355.00
4219,0.6922400593757629,,7.90,52634,17362.90
4220,0.6881237253546715,0.9178106586138407,7.80,52689,17370.70
4221,0.6544626578688622,,7.65,52469,17378.35
4222,0.6574292182922363,,8.30,52621,17386.65
4223,0.6743167638778687,,8.06,52832,17394.71
4224,0.6300734803080559,,7.48,52985,17402.19
4225,0.6492649391293526,0.8887561957041422,8.08,52686,17410.26
4226,0.6545319929718971,,8.01,52446,17418.28
4227,0.6529234871268272,,8.11,52942,17426.38
4228,0.6276703700423241,,7.90,52595,17434.28
4229,0.6906543746590614,,7.65,52434,17441.94
4230,0.6639834120869637,0.9409963885943095,7.27,52901,17449.21
4231,0.6107665821909904,,7.53,52695,17456.74
4232,0.6624649688601494,,8.35,52803,17465.09
4233,0.6942153349518776,,7.62,52599,17472.70
4234,0.6619609966874123,,7.16,52424,17479.86
4235,0.6759102940559387,0.9598591725031534,8.03,52488,17487.89
4236,0.6955637335777283,,8.01,53053,17495.90
4237,0.6892035529017448,,8.03,52682,17503.93
4238,0.6528603285551071,,7.64,52837,17511.57
4239,0.6583118811249733,,7.76,52644,17519.33
4240,0.6562478020787239,0.9382819334665934,7.84,52835,17527.16
4241,0.6485656350851059,,7.74,52525,17534.90
4242,0.6466930061578751,,7.71,52575,17542.61
4243,0.6522763147950172,,8.02,52092,17550.64
4244,0.6661775708198547,,7.90,52635,17558.54
4245,0.6377249956130981,0.9505177934964498,7.65,52685,17566.19
4246,0.6524614915251732,,7.80,52835,17573.99
4247,0.6508768126368523,,7.73,53063,17581.72
4248,0.6427470743656158,,7.66,52787,17589.38
4249,0.6237436160445213,,7.40,53053,17596.79
4250,0.708850659430027,0.8984946807225546,7.32,52589,17604.11
4251,0.6461209282279015,,7.49,52699,17611.60
4252,0.665744312107563,,7.64,52694,17619.23
4253,0.6314823031425476,,7.89,52806,17627.12
4254,0.6590264774858952,,7.61,52883,17634.73
4255,0.622305117547512,0.9491865038871765,8.30,52815,17643.04
4256,0.660798117518425,,8.36,52746,17651.40
4257,0.6407782137393951,,8.37,52503,17659.77
4258,0.6320483908057213,,8.23,52336,17668.00
4259,0.6522491946816444,,7.57,52698,17675.56
4260,0.653527282178402,0.9300465186436971,7.33,52723,17682.90
4261,0.6864296048879623,,7.77,52724,17690.67
4262,0.6502223089337349,,7.28,52463,17697.94
4263,0.6395416036248207,,8.31,52697,17706.25
4264,0.6914687529206276,,7.59,52794,17713.84
4265,0.6625041663646698,0.9013696908950806,8.21,52661,17722.05
4266,0.7031490057706833,,7.74,52644,17729.79
4267,0.6734814792871475,,7.63,52756,17737.42
4268,0.6622615605592728,,7.64,52749,17745.06
4269,0.676993615925312,,8.46,52812,17753.52
4270,0.6343244463205338,0.8680680592854818,8.31,52376,17761.83
4271,0.6613496020436287,,7.96,52952,17769.79
4272,0.6441963985562325,,7.99,52475,17777.79
4273,0.6669158264994621,,7.93,52787,17785.72
4274,0.6639477983117104,,8.03,52549,17793.75
4275,0.6885971128940582,0.8983588218688965,7.67,52512,17801.42
4276,0.6459616124629974,,7.89,52374,17809.31
4277,0.6685689315199852,,7.37,52683,17816.68
4278,0.6072436720132828,,7.88,52488,17824.56
4279,0.65254195779562,,7.55,52341,17832.11
4280,0.6292810440063477,0.8554303646087646,8.14,52401,17840.25
4281,0.6617589890956879,,7.77,52526,17848.02
4282,0.653794601559639,,7.59,52371,17855.61
4283,0.6687205284833908,,7.69,52881,17863.30
4284,0.6835883930325508,,7.52,52551,17870.82
4285,0.6320749446749687,0.8988997936248779,8.42,52783,17879.24
4286,0.6604435741901398,,7.62,53022,17886.86
4287,0.6506741419434547,,7.96,52479,17894.82
4288,0.6330100893974304,,7.82,52637,17902.64
4289,0.6114881783723831,,8.06,52819,17910.70
4290,0.6274826675653458,0.8977604508399963,7.97,52915,17918.67
4291,0.6579837054014206,,8.05,52353,17926.72
4292,0.6848573386669159,,7.90,52911,17934.62
4293,0.6756859645247459,,7.95,52565,17942.58
4294,0.6817977428436279,,8.10,52660,17950.68
4295,0.6776417568325996,0.91671750942866,7.66,52544,17958.34
4296,0.6777710914611816,,8.28,53056,17966.62
4297,0.669734463095665,,7.42,52862,17974.04
4298,0.6855962499976158,,7.68,52424,17981.71
4299,0.6703709959983826,,7.94,52985,17989.65
4300,0.676622211933136,0.886587381362915,8.10,52964,17997.75
4301,0.6394754350185394,,8.21,52386,18005.96
4302,0.620379664003849,,7.91,52943,18013.87
4303,0.6417417414486408,,8.07,52566,18021.94
4304,0.6779749467968941,,8.41,52468,18030.35
4305,0.6391515210270882,0.9057684938112894,7.75,52635,18038.10
4306,0.6574173495173454,,7.75,52611,18045.85
4307,0.6359385102987289,,7.91,52739,18053.76
4308,0.6375198289752007,,7.96,52386,18061.71
4309,0.6092594936490059,,7.67,52495,18069.38
4310,0.6642186865210533,0.868691623210907,8.19,52878,18077.58
4311,0.661841906607151,,8.06,52607,18085.64
4312,0.6535129174590111,,8.40,53028,18094.04
4313,0.6667701452970505,,7.90,52876,18101.94
4314,0.637738898396492,,7.88,52834,18109.82
4315,0.6078139021992683,0.9492268164952596,7.55,52921,18117.37
4316,0.6674971729516983,,7.94,53065,18125.31
4317,0.6768047288060188,,7.49,52412,18132.80
4318,0.6607030034065247,,7.88,53160,18140.68
4319,0.6345119252800941,,7.48,52917,18148.16
4320,0.7042164206504822,0.991359273592631,7.72,52672,18155.87
4321,0.6198732182383537,,7.87,52695,18163.74
4322,0.6406413316726685,,8.24,52258,18171.98
4323,0.6541405469179153,,7.52,52823,18179.50
4324,0.6102599129080772,,7.39,52560,18186.90
4325,0.6968204379081726,0.9517280260721842,7.63,52863,18194.52
4326,0.6744791716337204,,7.79,52796,18202.31
4327,0.643393412232399,,8.36,52924,18210.67
4328,0.6906523890793324,,8.03,52909,18218.70
4329,0.6923894509673119,,7.73,52705,18226.42
4330,0.6837868168950081,0.8567482233047485,7.58,52960,18234.00
4331,0.6424040794372559,,8.05,52963,18242.05
4332,0.6661047041416168,,8.18,52538,18250.23
4333,0.6649923026561737,,8.06,52439,18258.30
4334,0.6797456815838814,,8.19,52657,18266.48
4335,0.695845901966095,0.9377535978953043,7.79,52499,18274.27
4336,0.6297827661037445,,7.40,52192,18281.67
4337,0.6898003965616226,,7.84,53013,18289.51
4338,0.6462977975606918,,7.96,52419,18297.48
4339,0.6178482286632061,,7.49,52613,18304.96
4340,0.6310261785984039,0.9431641896565756,7.11,53032,18312.08
4341,0.6921416148543358,,7.68,52611,18319.76
4342,0.620630469173193,,8.07,52224,18327.82
4343,0.631085105240345,,8.33,52724,18336.16
4344,0.6462692767381668,,8.55,52743,18344.71
4345,0.6549166589975357,0.8827185233434042,8.30,52920,18353.01
4346,0.6555586755275726,,8.44,52728,18361.46
4347,0.6454398110508919,,7.69,52543,18369.15
4348,0.664071649312973,,8.53,52454,18377.68
4349,0.6709589883685112,,8.15,52781,18385.82
4350,0.6636540964245796,0.921047310034434,7.66,52597,18393.48
4351,0.6464890465140343,,7.65,52677,18401.13
4352,0.6288114115595818,,8.19,52616,18409.32
4353,0.6453646719455719,,7.47,52779,18416.79
4354,0.6504001319408417,,7.62,52612,18424.42
4355,0.6436415985226631,0.8592853744824728,8.10,52688,18432.52
4356,0.6625743806362152,,7.96,52717,18440.48
4357,0.5959247425198555,,7.99,52359,18448.47
4358,0.6796451136469841,,7.74,52579,18456.21
4359,0.6235575638711452,,7.97,52512,18464.18
4360,0.634984515607357,0.9297155936559042,7.53,52604,18471.72
4361,0.6610745191574097,,7.82,52617,18479.54
4362,0.6854840666055679,,7.85,52545,18487.38
4363,0.6455464512109756,,8.45,52400,18495.83
4364,0.6651091352105141,,7.90,52964,18503.73
4365,0.6484787836670876,0.8833839893341064,7.71,52558,18511.44
4366,0.7186055332422256,,8.32,52611,18519.76
4367,0.6714000031352043,,7.78,52594,18527.54
4368,0.6850349381566048,,7.41,52565,18534.95
4369,0.6475804075598717,,8.23,53237,18543.18
4370,0.6235498674213886,0.9434682130813599,7.48,52640,18550.66
4371,0.6302424445748329,,8.01,52776,18558.67
4372,0.654315359890461,,8.01,52497,18566.67
4373,0.6734832376241684,,7.22,52599,18573.89
4374,0.6505687311291695,,7.51,52715,18581.40
4375,0.6170059144496918,0.8947854439417521,7.30,52389,18588.71
4376,0.679300494492054,,7.72,52492,18596.43
4377,0.659743420779705,,8.00,52581,18604.43
4378,0.6714536845684052,,7.95,52767,18612.38
4379,0.6933840960264206,,7.76,52702,18620.14
4380,0.6793948113918304,0.9118222196896871,8.39,52623,18628.53
4381,0.6415404304862022,,8.22,52508,18636.75
4382,0.6257043927907944,,8.38,52849,18645.13
4383,0.6393489986658096,,7.91,52598,18653.04
4384,0.6706375181674957,,7.89,52521,18660.93
4385,0.6298093423247337,0.8444857001304626,8.36,53048,18669.29
4386,0.6493612974882126,,8.06,52872,18677.35
4387,0.682945504784584,,7.45,52729,18684.80
4388,0.6830450892448425,,7.87,52715,18692.66
4389,0.678578332066536,,7.70,52676,18700.36
4390,0.6754165962338448,0.9160143534342448,7.59,52640,18707.95
4391,0.717017263174057,,8.31,52420,18716.26
4392,0.6100039780139923,,7.66,52551,18723.92
4393,0.6914261430501938,,8.16,52351,18732.08
4394,0.6303854584693909,,8.05,52714,18740.14
4395,0.6480267494916916,0.852934459845225,7.41,52551,18747.55
4396,0.6658618152141571,,7.48,52396,18755.03
4397,0.6530320048332214,,7.25,52884,18762.27
4398,0.6327667534351349,,7.35,52912,18769.63
4399,0.6184754595160484,,7.94,52551,18777.57
4400,0.676678255200386,0.8757608930269877,8.14,52574,18785.71
4401,0.6477119624614716,,8.80,52624,18794.51
4402,0.6532407999038696,,7.85,52878,18802.35
4403,0.6173392534255981,,7.78,52518,18810.13
4404,0.6434452310204506,,8.26,52819,18818.40
4405,0.6877604126930237,0.8949591318766276,7.90,52710,18826.30
4406,0.6331975311040878,,6.94,52946,18833.24
4407,0.6349270269274712,,7.65,52605,18840.89
4408,0.6291066333651543,,8.00,52514,18848.89
4409,0.6894695162773132,,7.80,52598,18856.69
4410,0.6573774442076683,0.8583597938219706,8.03,52669,18864.73
4411,0.6184206269681454,,8.08,52534,18872.80
4412,0.6338523179292679,,7.79,52729,18880.60
4413,0.637518897652626,,8.19,52761,18888.79
4414,0.6294559687376022,,8.27,52373,18897.06
4415,0.6734653860330582,0.8809224168459574,8.10,52496,18905.15
4416,0.6550300717353821,,7.73,52761,18912.89
4417,0.6308300867676735,,8.27,52935,18921.16
4418,0.6315735056996346,,8.47,52658,18929.63
4419,0.6363382786512375,,7.25,52542,18936.89
4420,0.6507201939821243,0.8895964026451111,7.57,52985,18944.45
4421,0.639173798263073,,7.66,52698,18952.11
4422,0.7213538438081741,,8.10,52764,18960.21
4423,0.6682899072766304,,7.85,52309,18968.05
4424,0.651619553565979,,8.08,52586,18976.13
4425,0.6546431183815002,0.8775752584139506,7.80,52709,18983.93
4426,0.6495164558291435,,7.81,52778,18991.74
4427,0.6279856711626053,,7.80,52747,18999.54
4428,0.617305189371109,,7.81,52904,19007.35
4429,0.6063646376132965,,8.22,52478,19015.56
4430,0.7121857479214668,0.8746994137763977,8.22,52723,19023.79
4431,0.6714402437210083,,7.84,52548,19031.63
4432,0.6423348262906075,,7.93,52803,19039.56
4433,0.7257337868213654,,8.19,52522,19047.75
4434,0.6874380484223366,,7.85,52647,19055.60
4435,0.6636969372630119,0.8777026335398356,8.15,52698,19063.75
4436,0.660276859998703,,8.06,52609,19071.81
4437,0.6680572368204594,,7.45,52637,19079.27
4438,0.6444403603672981,,7.87,52395,19087.14
4439,0.6535514295101166,,7.65,52736,19094.78
4440,0.654961384832859,0.9428033828735352,7.75,52812,19102.54
4441,0.6458873376250267,,7.57,52898,19110.11
4442,0.654252901673317,,8.19,53008,19118.30
4443,0.6298818811774254,,7.68,52543,19125.97
4444,0.6042794957756996,,7.80,52554,19133.77
4445,0.6245639324188232,0.9608108401298523,7.63,52915,19141.40
4446,0.6699998155236244,,7.27,52514,19148.67
4447,0.6468008458614349,,8.25,52204,19156.92
4448,0.647952176630497,,8.02,52856,19164.94
4449,0.6427277326583862,,7.46,52771,19172.40
4450,0.6043420806527138,0.8842652638753256,8.23,52666,19180.63
4451,0.6529499664902687,,8.10,52893,19188.73
4452,0.6633331179618835,,7.64,52511,19196.37
4453,0.657333254814148,,7.94,52797,19204.31
4454,0.6164373531937599,,7.40,52634,19211.71
4455,0.5966146364808083,0.8984198172887167,7.83,52453,19219.53
4456,0.6395012736320496,,7.65,52745,19227.18
4457,0.6083066128194332,,7.57,52999,19234.75
4458,0.6424398273229599,,7.81,52607,19242.56
4459,0.6596480756998062,,8.40,52526,19250.97
4460,0.6693659722805023,0.8108573158582052,8.36,52428,19259.33
4461,0.6818535849452019,,7.79,52635,19267.12
4462,0.6362998709082603,,7.90,52675,19275.02
4463,0.6875206083059311,,7.44,52694,19282.46
4464,0.6532791182398796,,7.76,52499,19290.22
4465,0.663520097732544,0.9099873701731364,7.75,52463,19297.97
4466,0.6479219645261765,,7.97,52749,19305.94
4467,0.6536308899521828,,7.56,52942,19313.50
4468,0.6484749242663383,,7.61,52651,19321.11
4469,0.6149806305766106,,8.19,52689,19329.30
4470,0.6176224276423454,0.9251335263252258,7.95,52732,19337.25
4471,0.6530590951442719,,8.07,52928,19345.32
4472,0.6385383382439613,,8.25,52717,19353.57
4473,0.6990910843014717,,8.23,52814,19361.80
4474,0.6513977125287056,,8.25,52788,19370.05
4475,0.6570606306195259,0.8969728748003641,8.83,52520,19378.88
4476,0.6426576003432274,,8.17,52435,19387.05
4477,0.6806442961096764,,7.90,52426,19394.95
4478,0.6594042330980301,,7.61,52866,19402.56
4479,0.6761127039790154,,7.58,52984,19410.14
4480,0.6692650765180588,1.0105581879615784,7.38,52728,19417.52
4481,0.691537119448185,,7.97,52908,19425.49
4482,0.6716903671622276,,7.93,52318,19433.42
