step,train_mse,latent_rms,train_rel_l2,latent_dependence,heldout_codec_rel_l2
0.0,0.11039019140104453,0.00018260123033542186,1.0897275060415268,0.004418700933456421,0.8614909648895264
1.0,0.08119800650825103,0.0002781467337626964,,,
2.0,0.06910081649406088,0.0003861413279082626,,,
3.0,0.060363890214098825,0.0004702865262515843,,,
4.0,0.05521010737452242,0.0005757752223871648,,,
5.0,0.05221034446524249,0.0006911751115694642,,,
6.0,0.05020858746021986,0.0008326969109475613,,,
7.0,0.04941067455129491,0.000992922461591661,,,
8.0,0.04880495903392633,0.0011815748875960708,,,
9.0,0.048189661593900784,0.0013938489137217402,0.7711447551846504,,
10.0,0.04707449276828104,0.0016263436991721392,,,
11.0,0.0452203236727251,0.0018567908555269241,,,
12.0,0.04312273739526669,0.002032418269664049,,,
13.0,0.04377330005168915,0.002144879661500454,,,
14.0,0.041831234964645574,0.0022496653255075216,,,
15.0,0.039989537958883575,0.0023277366999536753,,,
16.0,0.03814377300234305,0.002433468820527196,,,
17.0,0.03734560265723202,0.002480921568349004,,,
18.0,0.03600878780293796,0.0025587561540305614,,,
19.0,0.03398013588041067,0.0025959108024835587,0.6709733381867409,,
20.0,0.03312351213768125,0.0026311695110052824,,,
21.0,0.03205031606472201,0.0026770615950226784,,,
22.0,0.031071326589832703,0.0026899436488747597,,,
23.0,0.03022288470218579,0.002710555447265506,,,
24.0,0.029380357700089614,0.002746787155047059,,,
25.0,0.028689170324554047,0.002808737801387906,,,
26.0,0.028261342317693762,0.0028447338845580816,,,
27.0,0.027932174665232498,0.002884246874600649,,,
28.0,0.027029452659189702,0.00290328124538064,,,
29.0,0.026204375295589367,0.00292279664427042,0.6033884063363075,,
30.0,0.02569985860130853,0.002935968805104494,,,
31.0,0.025278791930112572,0.00294516421854496,,,
32.0,0.025112145719014937,0.0029805144295096397,,,
33.0,0.025643960937029784,0.0030187855008989573,,,
34.0,0.025761373285204173,0.0030713211745023727,,,
35.0,0.02484109381213784,0.0031397375278174877,,,
36.0,0.0247764930418796,0.003143864218145609,,,
37.0,0.023697806110398636,0.0031700455583631992,,,
38.0,0.02325385467045837,0.003195713507011533,,,
39.0,0.02301449450560742,0.0031838121358305216,0.5450273789465427,,
40.0,0.022658333592116834,0.003210814669728279,,,
41.0,0.022494101739592022,0.0032606434542685747,,,
42.0,0.022580915552874406,0.003278272459283471,,,
43.0,0.02323181662087639,0.003337729023769498,,,
44.0,0.02292608714972933,0.0033734848257154226,,,
45.0,0.021973614217713475,0.003366052405908704,,,
46.0,0.021928034065705208,0.003389066783711314,,,
47.0,0.021757797557446692,0.0033932081423699856,,,
48.0,0.02163690639556282,0.003410255303606391,,,
49.0,0.021717594325956373,0.003431164426729083,0.5291074179112911,,
50.0,0.021999636532531845,0.0034662906546145678,,,
51.0,0.02188628766892685,0.0034875681158155203,,,
52.0,0.021402200519417724,0.003515452379360795,,,
53.0,0.021219326816499233,0.0035148996394127607,,,
54.0,0.021178120420210892,0.0035458928905427456,,,
55.0,0.021162448161178165,0.0035632678773254156,,,
56.0,0.02113732464921971,0.0035885507240891457,,,
57.0,0.02106800094453825,0.0035979230888187885,,,
58.0,0.020982738069982992,0.0036264387890696526,,,
59.0,0.020949768059783512,0.0036353017203509808,0.5220862329006195,,
60.0,0.02099907985060579,0.003660726360976696,,,
61.0,0.021110906396061183,0.003677697852253914,,,
62.0,0.021076877983286977,0.0037025806959718466,,,
63.0,0.020869151309339536,0.0037071031983941793,,,
64.0,0.02073330564941797,0.003737946040928364,,,
65.0,0.02071190837253299,0.0037264623679220676,,,
66.0,0.02076015876709587,0.003772840602323413,,,
67.0,0.02083660217312475,0.003764690598472953,,,
68.0,0.02081500846375194,0.003799604019150138,,,
69.0,0.020724139001427427,0.0038085177075117826,0.5197300706058741,,
70.0,0.020677098399028183,0.003826406318694353,,,
71.0,0.020669950031571918,0.003841955214738846,,,
72.0,0.02065225316935943,0.0038603839930146933,,,
73.0,0.02061604188134273,0.0038686715997755527,,0.49769720435142517,0.8497378826141357
74.0,0.020589102370043594,0.003893987275660038,,,
75.0,0.02058696160920792,0.003895216854289174,,,
76.0,0.020610614829800197,0.003923242911696434,,,
77.0,0.020637339817153082,0.003928393125534058,,,
78.0,0.020634243491416175,0.0039506456814706326,,,
79.0,0.020596696288428373,0.003960893489420414,0.518595676869154,,
80.0,0.02056172092548675,0.003974001854658127,,,
81.0,0.020544487779132193,0.003988084848970175,,,
82.0,0.02052519333341883,0.00399725791066885,,,
83.0,0.020517003827003968,0.004011902958154678,,,
84.0,0.020504225925025012,0.004021403379738331,,,
85.0,0.020497098996614418,0.004036549478769302,,,
86.0,0.020490396813386016,0.004046750720590353,,,
87.0,0.020483687698013252,0.004060724284499884,,,
88.0,0.020480266655277874,0.00407258840277791,,,
89.0,0.02047793447246982,0.004082685802131891,0.5180566478520632,,
90.0,0.020489314646563596,0.004097006283700466,,,
91.0,0.020496131969201897,0.004108876921236515,,,
92.0,0.02048942608034445,0.0041189552284777164,,,
93.0,0.020473860760943756,0.004137097392231226,,,
94.0,0.020449371164043745,0.004138183780014515,,,
95.0,0.02043635381799605,0.00416320376098156,,,
96.0,0.02043399086739454,0.0041572172194719315,,,
97.0,0.020437626584122577,0.004189292900264263,,,
98.0,0.020427837501176528,0.004178489092737436,,,
99.0,0.02042160774788095,0.0042135221883654594,0.5177178457379341,,
100.0,0.020412557606274882,0.00420118635520339,,,
101.0,0.020416486341920163,0.004236872773617506,,,
102.0,0.020426738052111534,0.0042248801328241825,,,
103.0,0.02044062688222362,0.00425760680809617,,,
104.0,0.0204375662551158,0.0042508626356720924,,,
105.0,0.020414987087456718,0.004276863299310207,,,
106.0,0.020390796065330504,0.0042716427706182,,,
107.0,0.02039291031037768,0.004294207785278559,,,
108.0,0.020398492748952574,0.004293318837881088,,,
109.0,0.02040062753380173,0.004310491029173136,0.5171392876654863,,
110.0,0.020386559010172885,0.004316974896937609,,,
111.0,0.020378415593877434,0.004327829927206039,,,
112.0,0.020378134249606068,0.00433897040784359,,,
113.0,0.020386765506118537,0.004347250331193209,,,
114.0,0.020378317015452518,0.004358148667961359,,,
115.0,0.020364666943334872,0.004371232818812132,,,
116.0,0.020348635403853323,0.004373755771666765,,,
117.0,0.02034069093151225,0.0043955412693321705,,,
118.0,0.020338566476065252,0.004388455301523209,,,
119.0,0.02034153521888786,0.004421441350132227,0.5162523370236158,,
120.0,0.020327376344551642,0.0044051967561244965,,,
121.0,0.02032004284258518,0.00444950582459569,,,
122.0,0.02030858047410018,0.00442024739459157,,,
123.0,0.020305706666161615,0.004476929549127817,,,
124.0,0.020293394326128894,0.004437645897269249,,,
125.0,0.02029023380432692,0.004503638483583927,,,
126.0,0.020273338474540246,0.004457808565348387,,,
127.0,0.020268985136515566,0.0045298440381884575,,,
128.0,0.02025184887668325,0.004480499308556318,,,
129.0,0.020246974832067888,0.004555127117782831,0.5142047517001629,,
130.0,0.020235483934068016,0.0045058513060212135,,,
131.0,0.020227189991209243,0.004579729400575161,,,
132.0,0.020207963674846622,0.004534496460109949,,,
133.0,0.020194547064602376,0.004607134964317083,,,
134.0,0.020174417796855172,0.004560705740004778,,,
135.0,0.020157162356707784,0.004642424173653126,,,
136.0,0.020146524572951924,0.004584828857332468,,,
137.0,0.020141092711645697,0.004677388351410627,,,
138.0,0.020135752136508624,0.004621265456080437,,,
139.0,0.020116017932693162,0.0047033061273396015,0.5100916232913733,,
140.0,0.020075934930808014,0.004668200854212046,,,
141.0,0.020035119960084558,0.004732097499072552,,,
142.0,0.019996514410401383,0.0047075566835701466,,0.501554012298584,0.7783967852592468
143.0,0.019974570757605965,0.004771140404045582,,,
144.0,0.01994976640265021,0.004747305065393448,,,
145.0,0.01991742872219119,0.004810867831110954,,,
146.0,0.01987598710279498,0.004790716338902712,,,
147.0,0.01983610287308693,0.004853574093431234,,,
148.0,0.019802223602309824,0.0048336004838347435,,,
149.0,0.019775047776185804,0.004899218212813139,0.5039231292903423,,
150.0,0.019736516441528996,0.00487795053049922,,,
151.0,0.019690122199762197,0.004944236949086189,,,
152.0,0.019642900424078107,0.0049260384403169155,,,
153.0,0.01961024737192525,0.004988616798073053,,,
154.0,0.01957886726802422,0.0049782367423176765,,,
155.0,0.0195367522072047,0.005030347499996424,,,
156.0,0.019475117315434748,0.005031822249293327,,,
157.0,0.01938802486182087,0.005078098736703396,,,
158.0,0.01931278670620587,0.0050828224048018456,,,
159.0,0.01925184933365219,0.005131753161549568,0.4948737770318985,,
160.0,0.019200688156609733,0.005134555045515299,,,
161.0,0.019152765159184734,0.005186229944229126,,,
162.0,0.019085846128356124,0.005185142159461975,,,
163.0,0.019011834535954727,0.005241058301180601,,,
164.0,0.018925418397411704,0.005232623312622309,,,
165.0,0.01884362591223584,0.005292260088026524,,,
166.0,0.018733411191238298,0.005281217861920595,,,
167.0,0.018614671528339385,0.005342098418623209,,,
168.0,0.0184835722638915,0.005334961228072643,,,
169.0,0.018376870528898304,0.005398957524448633,0.48215861432254314,,
170.0,0.018304809551272127,0.00538775185123086,,,
171.0,0.01827550015412271,0.005450984928756952,,,
172.0,0.01829075859549145,0.005444512236863375,,,
173.0,0.018100236693604124,0.00549364322796464,,,
174.0,0.01797772206676503,0.005512840114533901,,,
175.0,0.017795102804278335,0.005528686568140984,,,
176.0,0.01778726870711479,0.005569484084844589,,,
177.0,0.01765182184572849,0.005572076886892319,,,
178.0,0.01748385327661203,0.005620862822979689,,,
179.0,0.017292119762342836,0.005612475331872702,0.4682874567806721,,
180.0,0.0174728317041364,0.005658173002302647,,,
181.0,0.01815188062998156,0.0056460220366716385,,,
182.0,0.017689111839152043,0.0056949215941131115,,,
183.0,0.016868770278783307,0.005721611902117729,,,
184.0,0.017066664159711864,0.005719264503568411,,,
185.0,0.01676331907407277,0.0057556903921067715,,,
186.0,0.016788533756302463,0.005792457144707441,,,
187.0,0.0167711607977334,0.005799665115773678,,,
188.0,0.016680055221335754,0.005845350679010153,,,
189.0,0.01659207868286305,0.005852395668625832,0.45714263431727886,,
190.0,0.0166085278791272,0.0058938260190188885,,,
191.0,0.016569659341540602,0.0058884634636342525,,,
192.0,0.0161404320742521,0.005932669620960951,,,
193.0,0.015721270446148183,0.005941396579146385,,,
194.0,0.01567097180109057,0.005970517639070749,,,
195.0,0.01538369978364143,0.005983821116387844,,,
196.0,0.015334069097621573,0.006016992032527924,,,
197.0,0.015868056517922217,0.006006977986544371,,,
198.0,0.0164244762632168,0.0060570454224944115,,,
199.0,0.01561936305421922,0.006054653320461512,0.44060719199478626,,
200.0,0.014974391229657663,0.0060702296905219555,,,
201.0,0.015293525729535355,0.006100156344473362,,,
202.0,0.014963942289145457,0.006109364330768585,,,
203.0,0.014520269986242056,0.006141848396509886,,,
204.0,0.014456305775998367,0.006162804085761309,,,
205.0,0.014417752447641558,0.006168639753013849,,,
206.0,0.01452329674632185,0.006196637637913227,,,
207.0,0.014492488664885362,0.006223603617399931,,,
208.0,0.014110540494115816,0.0062277293764054775,,,
209.0,0.013762183028997647,0.006256688851863146,0.41817920468747616,,
210.0,0.013651120825153257,0.006267864722758532,,,
211.0,0.013798472153850728,0.00628961157053709,,0.5097976326942444,0.5410656929016113
212.0,0.01420767833168308,0.006290544755756855,,,
213.0,0.014724131542154484,0.006329572293907404,,,
214.0,0.014529405343863698,0.00633700517937541,,,
215.0,0.013942588242805667,0.0063587091863155365,,,
216.0,0.01401044958581527,0.006360738538205624,,,
217.0,0.013506161349101199,0.006380073260515928,,,
218.0,0.013375568473711609,0.006405321415513754,,,
219.0,0.013362592002376914,0.0064364243298769,0.40981054678559303,,
220.0,0.013348268398808108,0.006427838932722807,,,
221.0,0.01348142384344505,0.006463433615863323,,,
222.0,0.013050361649236746,0.006468350067734718,,,
223.0,0.012561774820917183,0.006488718092441559,,,
224.0,0.012508910409588781,0.00650496780872345,,,
225.0,0.01277807092294097,0.006530656013637781,,,
226.0,0.013054525998110572,0.006547144614160061,,,
227.0,0.012840167695863379,0.006570672150701284,,,
228.0,0.012217574491062097,0.006589822005480528,,,
229.0,0.012269720057439473,0.0065996539779007435,0.3951794859021902,,
230.0,0.012411678726784885,0.006608077324926853,,,
231.0,0.012366514934433831,0.006632138974964619,,,
232.0,0.0122491609905329,0.0066345324739813805,,,
233.0,0.012046976481667823,0.006663396954536438,,,
234.0,0.011985575802003344,0.006668576970696449,,,
235.0,0.012125637884665695,0.006687795277684927,,,
236.0,0.012212174597920643,0.006689934525638819,,,
237.0,0.01206670895115369,0.0067269266583025455,,,
238.0,0.01242911901945869,0.006716910749673843,,,
239.0,0.013666951716360119,0.006749996915459633,0.40562282875180244,,
240.0,0.012668554765275782,0.006759013049304485,,,
241.0,0.01164698157666458,0.006773163564503193,,,
242.0,0.012021859089533488,0.006793408188968897,,,
243.0,0.01166448645448933,0.006799827795475721,,,
244.0,0.011518803033460345,0.0068308585323393345,,,
245.0,0.01137263995077875,0.006842561531811953,,,
246.0,0.011124562872573733,0.006864612456411123,,,
247.0,0.011047284976165328,0.006878049578517675,,,
248.0,0.011116777872666716,0.006896686740219593,,,
249.0,0.011346766659472552,0.006914743687957525,0.37544893100857735,,
250.0,0.011515798293468025,0.006921020802110434,,,
251.0,0.011295090852719214,0.006951089482754469,,,
252.0,0.011290838055105673,0.006944308523088694,,,
253.0,0.01177879531453881,0.006976716220378876,,,
254.0,0.011431069368910458,0.006974347867071629,,,
255.0,0.010720584849930472,0.006999060045927763,,,
256.0,0.01068438102129019,0.007005512714385986,,,
257.0,0.010928123294789758,0.007025699596852064,,,
258.0,0.011074264988613625,0.007033612113445997,,,
259.0,0.011137700050344897,0.007061433978378773,0.36643195152282715,,
260.0,0.010742265668490694,0.007062859367579222,,,
261.0,0.01048027192759845,0.007092074025422335,,,
262.0,0.010460277140761415,0.007091093808412552,,,
263.0,0.010630896261686252,0.007119911257177591,,,
264.0,0.011043861325209339,0.007128851022571325,,,
265.0,0.010965055286263426,0.00715096527710557,,,
266.0,0.01060615990155687,0.0071642897091805935,,,
267.0,0.010606338725321823,0.007187202572822571,,,
268.0,0.010859631269963251,0.007192317862063646,,,
269.0,0.01075623864049299,0.007223860826343298,0.3601342625916004,,
270.0,0.010401625628065733,0.007219039835035801,,,
271.0,0.01029932123867588,0.007242335472255945,,,
272.0,0.01025024943260683,0.007244551554322243,,,
273.0,0.010102950849363374,0.007268627639859915,,,
274.0,0.00997667727060616,0.007269661407917738,,,
275.0,0.009918898995448318,0.007305045146495104,,,
276.0,0.009992705882630414,0.007297452539205551,,,
277.0,0.01043353263495697,0.007333431858569384,,,
278.0,0.011276330652957162,0.007325893267989159,,,
279.0,0.011547780274930928,0.007353688590228558,0.3692979346960783,,
280.0,0.01038982418520997,0.007364044897258282,,0.5681815147399902,0.4573562443256378
281.0,0.010084956272815665,0.007359547074884176,,,
282.0,0.010077092266745037,0.007386794779449701,,,
283.0,0.009722350865809453,0.007401229813694954,,,
284.0,0.009548277285260458,0.0074157980270683765,,,
285.0,0.009574173712171613,0.007438612170517445,,,
286.0,0.009905492837747765,0.007440472021698952,,,
287.0,0.01070110259267191,0.007468285970389843,,,
288.0,0.0108668854744691,0.007468761410564184,,,
289.0,0.01009866944514215,0.007491578347980976,0.34910365380346775,,
290.0,0.010040953418550392,0.0075029111467301846,,,
291.0,0.00971839897851977,0.007512484211474657,,,
292.0,0.009482801436550087,0.007516245357692242,,,
293.0,0.00948027019492454,0.007547237444669008,,,
294.0,0.009538061126756172,0.007548790890723467,,,
295.0,0.00961952835580127,0.0075752465054392815,,,
296.0,0.009654782908037306,0.0075816502794623375,,,
297.0,0.009721591104235913,0.007598672062158585,,,
298.0,0.009694911683909594,0.007608622778207064,,,
299.0,0.009565380141139031,0.007626350503414869,0.33931751176714897,,
300.0,0.009492811239841912,0.007623611018061638,,,
301.0,0.009531910478447874,0.007658766582608223,,,
302.0,0.0095143437711522,0.00764498021453619,,,
303.0,0.009525618280491067,0.007680118083953857,,,
304.0,0.009483306891181403,0.007677304092794657,,,
305.0,0.009488736908986337,0.00769484369084239,,,
306.0,0.009501499322036075,0.007707446813583374,,,
307.0,0.009525628959139188,0.007718722335994244,,,
308.0,0.009607071824785736,0.007730105891823769,,,
309.0,0.00957509262435552,0.007747504860162735,0.33700940385460854,,
310.0,0.009227135841631227,0.00774814048781991,,,
311.0,0.009067988094045885,0.00777064124122262,,,
312.0,0.009142515452371703,0.007771293632686138,,,
313.0,0.009319024958854748,0.007797949481755495,,,
314.0,0.009300092757783002,0.007799767889082432,,,
315.0,0.009084919198519654,0.007822913117706776,,,
316.0,0.00894311148311115,0.007826938293874264,,,
317.0,0.008986783354129228,0.007849670015275478,,,
318.0,0.00915998289672037,0.007852218113839626,,,
319.0,0.009148109358114501,0.007878848351538181,0.3307549972087145,,
320.0,0.008966020883785354,0.007876227609813213,,,
321.0,0.00883365884423256,0.007906929589807987,,,
322.0,0.00886575795451386,0.007903506979346275,,,
323.0,0.009027113756164908,0.007928346283733845,,,
324.0,0.009010050047395957,0.007938673719763756,,,
325.0,0.00882359203365114,0.00794231053441763,,,
326.0,0.008699470410226947,0.00797746330499649,,,
327.0,0.008699579263726871,0.007960014045238495,,,
328.0,0.008803744577906197,0.008007061667740345,,,
329.0,0.008859955773481892,0.00799011904746294,0.3255622014403343,,
330.0,0.008918168887289035,0.00802312046289444,,,
331.0,0.008934643943794071,0.008025051094591618,,,
332.0,0.008921686295523411,0.008039139211177826,,,
333.0,0.008884398492777513,0.008050612173974514,,,
334.0,0.008725757233591543,0.008069099858403206,,,
335.0,0.00870201896255215,0.008067997172474861,,,
336.0,0.008738974151718948,0.00809795968234539,,,
337.0,0.008569568876797955,0.008093205280601978,,,
338.0,0.008435859797625907,0.008120851591229439,,,
339.0,0.008418409412002397,0.008130223490297794,0.31942594051361084,,
340.0,0.008575308634382155,0.008144880644977093,,,
341.0,0.008680185015416808,0.008164878934621811,,,
342.0,0.008588537966522078,0.008174581453204155,,,
343.0,0.008511251048702333,0.008186549879610538,,,
344.0,0.008823470528134042,0.008200221695005894,,,
345.0,0.009232204493859576,0.008210713043808937,,,
346.0,0.008993342947732243,0.008219871670007706,,,
347.0,0.008398695574659441,0.008240284398198128,,,
348.0,0.00823384481171767,0.008236203342676163,,,
349.0,0.008268724386062886,0.008268310688436031,0.31654042936861515,,
350.0,0.008303136751573119,0.00826097559183836,,,
351.0,0.00831882756203413,0.008293239399790764,,,
352.0,0.008413595008767313,0.00828551035374403,,0.5599141120910645,0.42426609992980957
353.0,0.008661210081126127,0.00831704493612051,,,
354.0,0.008879816296199957,0.008311837911605835,,,
355.0,0.00883830309431586,0.008335709571838379,,,
356.0,0.008477084293651084,0.008340302854776382,,,
357.0,0.008083553741582566,0.008350824937224388,,,
358.0,0.008085791489316357,0.008369844406843185,,,
359.0,0.008292285095279416,0.008372095413506031,0.31426122039556503,,
360.0,0.008533724733731813,0.008390561677515507,,,
361.0,0.00848699369157354,0.008394814096391201,,,
362.0,0.008095239377580584,0.00841272808611393,,,
363.0,0.007976164643963179,0.008424255065619946,,,
364.0,0.008216750567468505,0.00843062624335289,,,
365.0,0.008565060980100599,0.0084481630474329,,,
366.0,0.008429014161229133,0.008453049696981907,,,
367.0,0.007983131721719272,0.008471604436635971,,,
368.0,0.0078072039927873345,0.00848192349076271,,,
369.0,0.007887189175105757,0.008489984087646008,0.30879426933825016,,
370.0,0.008117855837982562,0.00851623248308897,,,
371.0,0.008394552887313896,0.008510819636285305,,,
372.0,0.008606624948378239,0.008543116971850395,,,
373.0,0.008347592714449598,0.008540014736354351,,,
374.0,0.007911208717980319,0.008554745465517044,,,
375.0,0.00782222725968394,0.008571824990212917,,,
376.0,0.007944202003483143,0.00857540313154459,,,
377.0,0.00808413024008688,0.008591978810727596,,,
378.0,0.008111494902728332,0.008604849688708782,,,
379.0,0.007936906873558958,0.008605126291513443,0.3070176411420107,,
380.0,0.007861774080536432,0.008636344224214554,,,
381.0,0.007864178517419431,0.00862332247197628,,,
382.0,0.007963618766516446,0.008659455925226212,,,
383.0,0.008008304636718498,0.008650909177958965,,,
384.0,0.008016947095489337,0.008672351948916912,,,
385.0,0.008024640937025347,0.008683116175234318,,,
386.0,0.007940310142003,0.008686062879860401,,,
387.0,0.007868825242233772,0.008711888454854488,,,
388.0,0.007815396013255748,0.00871293805539608,,,
389.0,0.007828775425958964,0.00872571300715208,0.3040517922490835,,
390.0,0.0078631293364904,0.008745472878217697,,,
391.0,0.007729669239682456,0.008740510791540146,,,
392.0,0.007617696285661724,0.008772714994847775,,,
393.0,0.0075829516139088405,0.008766410872340202,,,
394.0,0.007648270338670247,0.008791341446340084,,,
395.0,0.00774751345316569,0.00879736989736557,,,
396.0,0.007689982164754636,0.008805133402347565,,,
397.0,0.007610409968636102,0.008830969221889973,,,
398.0,0.0075682694863321055,0.008821412920951843,,,
399.0,0.007650366141460836,0.008857852779328823,0.3005745690315962,,
400.0,0.007724082394916978,0.008847706019878387,,,
401.0,0.00778955165658974,0.008874023333191872,,,
402.0,0.007934777851526936,0.008876181207597256,,,
403.0,0.008055922919884323,0.008887464180588722,,,
404.0,0.00794346890412271,0.008896943181753159,,,
405.0,0.007569108724904557,0.008911903016269207,,,
406.0,0.007474219031218025,0.008913028985261917,,,
407.0,0.007599112608263062,0.00893607921898365,,,
408.0,0.007549637802359131,0.008933666162192822,,,
409.0,0.007457703277468681,0.00895716156810522,0.29856537096202374,,
410.0,0.007444470504091845,0.008960176259279251,,,
411.0,0.007652185523054666,0.008975117467343807,,,
412.0,0.007928349915374484,0.008980877697467804,,,
413.0,0.007934655465392603,0.008998588658869267,,,
414.0,0.00776661996367491,0.008996286429464817,,,
415.0,0.007691263949705495,0.00902225449681282,,,
416.0,0.00754417742550787,0.009017623960971832,,,
417.0,0.007334927764410774,0.009040207602083683,,,
418.0,0.007187782973051071,0.009045328013598919,,,
419.0,0.007214298208968507,0.00905824825167656,0.2945679109543562,,
420.0,0.007408489630971518,0.009070242755115032,,,
421.0,0.0076460058552523455,0.009079435840249062,,,
422.0,0.007602345530047185,0.009090389125049114,,,
423.0,0.007352361000246472,0.009106130339205265,,,
424.0,0.007295487850594024,0.00910367164760828,,,
425.0,0.00750609064888623,0.009129990823566914,,0.5615925788879395,0.4313964545726776
426.0,0.007527195719174213,0.00912634376436472,,,
427.0,0.007313920104255279,0.009150424972176552,,,
428.0,0.0070821332512423394,0.009152259677648544,,,
429.0,0.007024316799102558,0.009170329198241234,0.29134765453636646,,
430.0,0.007159639705593387,0.009177252650260925,,,
431.0,0.007455038046981726,0.009191795252263546,,,
432.0,0.007668975043214029,0.009198860265314579,,,
433.0,0.007392959867914517,0.009217602200806141,,,
434.0,0.007119997082174652,0.00921577773988247,,,
435.0,0.007127951641256611,0.009243275970220566,,,
436.0,0.007172056751118766,0.009234342724084854,,,
437.0,0.007219613407117625,0.009263858199119568,,,
438.0,0.007161820569179124,0.009266339242458344,,,
439.0,0.00721940373432719,0.009273075498640537,0.2905116602778435,,
440.0,0.007386297805027829,0.009299330413341522,,,
441.0,0.0073673991755478915,0.009286320768296719,,,
442.0,0.0071851336210966114,0.00931971613317728,,,
443.0,0.00702277972518156,0.009315128438174725,,,
444.0,0.007132336298624675,0.009328072890639305,,,
445.0,0.007305811860391663,0.009342845529317856,,,
446.0,0.007255609878856275,0.009344750083982944,,,
447.0,0.00709910167950309,0.00936201587319374,,,
448.0,0.007006235453300178,0.009368923492729664,,,
449.0,0.007036532218981948,0.009379404596984386,0.28757026232779026,,
450.0,0.007095813165522284,0.00939177442342043,,,
451.0,0.007125460408214066,0.009402117691934109,,,
452.0,0.007105517526571121,0.009409446269273758,,,
453.0,0.0072196417084584635,0.009426208212971687,,,
454.0,0.007344903248983125,0.00942364614456892,,,
455.0,0.007292362441722718,0.009447949007153511,,,
456.0,0.007060022477784918,0.009441112168133259,,,
457.0,0.006940381913963291,0.009466993622481823,,,
458.0,0.0070914749501066075,0.009460755623877048,,,
459.0,0.007402341069860591,0.009484710171818733,0.29217255115509033,,
460.0,0.007456294282649954,0.009483161382377148,,,
461.0,0.007123842397187319,0.009501087479293346,,,
462.0,0.006900070070599516,0.009506025351583958,,,
463.0,0.0069398869175670876,0.009515340439975262,,,
464.0,0.007022006389581495,0.00952883344143629,,,
465.0,0.006987282431994876,0.009535089135169983,,,
466.0,0.006909958353887002,0.009548695757985115,,,
467.0,0.006855153453846773,0.009557175450026989,,,
468.0,0.006837004755830599,0.009564791806042194,,,
469.0,0.00678958969656378,0.009584339335560799,0.2836416903883219,,
470.0,0.006737714716129833,0.009581505320966244,,,
471.0,0.006730076940212813,0.009613334201276302,,,
472.0,0.0068119606277388,0.009600728750228882,,,
473.0,0.006942039717299243,0.009637332521378994,,,
474.0,0.006982996581225759,0.009627534076571465,,,
475.0,0.00688052378491395,0.00965099222958088,,,
476.0,0.006791291132879754,0.009656265377998352,,,
477.0,0.006817109857478903,0.009663998149335384,,,
478.0,0.006911975353335341,0.009675247594714165,,,
479.0,0.006931508916637136,0.009689836762845516,0.2840464562177658,,
480.0,0.006877567128588756,0.00968791265040636,,,
481.0,0.00694803349673748,0.00971195474267006,,,
482.0,0.00698698275256902,0.009705492295324802,,,
483.0,0.006924698280894922,0.00972901750355959,,,
484.0,0.00664246606743998,0.00973132997751236,,,
485.0,0.0065445221924326485,0.00973959919065237,,,
486.0,0.006681637246575621,0.009756969287991524,,,
487.0,0.0069847350898716186,0.009753766469657421,,,
488.0,0.0072102225825397505,0.009774258360266685,,,
489.0,0.006972985911286539,0.009776320308446884,0.2835572548210621,,
490.0,0.006735621924098168,0.009783308953046799,,,
491.0,0.0068282607565116555,0.009799333289265633,,,
492.0,0.006879579613192214,0.00980172585695982,,,
493.0,0.006786720949328608,0.00981446634978056,,,
494.0,0.006632460146211088,0.009831685572862625,,,
495.0,0.006613260708335373,0.00982305034995079,,,
496.0,0.006725681351187328,0.00985669530928135,,,
497.0,0.006708524231798947,0.009840219281613827,,,
498.0,0.006657555357346104,0.009873542934656143,,,
499.0,0.006575934831053018,0.009867186658084393,0.2781553231179714,0.5725512504577637,0.39745068550109863
500.0,0.006555302630489071,0.00988673698157072,,,
501.0,0.006551588951713509,0.009896076284348965,,,
502.0,0.0065172036804465785,0.009901972487568855,,,
503.0,0.0064515013832391966,0.009918931871652603,,,
504.0,0.006430738383076257,0.009923999197781086,,,
505.0,0.006467204933158226,0.009934665635228157,,,
506.0,0.006613060552109447,0.00994869228452444,,,
507.0,0.0067411779048335225,0.009950561448931694,,,
508.0,0.006872571320272982,0.009967554360628128,,,
509.0,0.00693540343342142,0.009971302933990955,0.28082840889692307,,
510.0,0.006823287468093137,0.009979004971683025,,,
511.0,0.006655163011099729,0.009991737082600594,,,
512.0,0.006495734875918263,0.00999492034316063,,,
513.0,0.006502376206012236,0.010006295517086983,,,
514.0,0.006568708357194232,0.01001531258225441,,,
515.0,0.006576742156822649,0.01002290565520525,,,
516.0,0.0065185958214311135,0.010032947175204754,,,
517.0,0.006410937088334726,0.010045798495411873,,,
518.0,0.006402195432844262,0.010046176612377167,,,
519.0,0.006542236754256818,0.010070405900478363,0.2755758035928011,,
520.0,0.006678417584755354,0.010061443783342838,,,
521.0,0.006795755902098285,0.010088854469358921,,,
522.0,0.006829571779817343,0.010082545690238476,,,
523.0,0.006866732186430858,0.010096288286149502,,,
524.0,0.006818480534065101,0.010106931440532207,,,
525.0,0.006451716368190116,0.010106531903147697,,,
526.0,0.006262339818705287,0.010130544193089008,,,
527.0,0.00631233477137155,0.010123069398105145,,,
528.0,0.006523601901717484,0.010145093314349651,,,
529.0,0.006706264544174903,0.01014718972146511,0.27748401649296284,,
530.0,0.006560308692666391,0.010158649645745754,,,
531.0,0.0062936081075006065,0.01017109863460064,,,
532.0,0.006179495513335698,0.010174529626965523,,,
533.0,0.006280564431928926,0.010192717425525188,,,
534.0,0.006490562165466448,0.010193395428359509,,,
535.0,0.006613574929328428,0.010213609784841537,,,
536.0,0.006417694494852589,0.010213510133326054,,,
537.0,0.0062115506610522665,0.01022922433912754,,,
538.0,0.006198042339852287,0.01023103203624487,,,
539.0,0.00635091118928459,0.01024668663740158,0.27187656983733177,,
540.0,0.006562565546482801,0.01024918258190155,,,
541.0,0.006514931566392382,0.0102656539529562,,,
542.0,0.006272603168876635,0.01026847679167986,,,
543.0,0.006169145157974627,0.01028424222022295,,,
544.0,0.006236189205406441,0.010284519754350185,,,
545.0,0.0063774129225768975,0.01030279416590929,,,
546.0,0.006353577580302954,0.01030330266803503,,,
547.0,0.006268831429382165,0.010319340974092484,,,
548.0,0.0062389144622203374,0.010324055328965187,,,
549.0,0.0063509221431902714,0.010332099162042141,0.27229462563991547,,
550.0,0.006524514929494924,0.010345160029828548,,,
551.0,0.006445980289847487,0.010344811715185642,,,
552.0,0.006240144039814671,0.010367249138653278,,,
553.0,0.006100388503012558,0.010357712395489216,,,
554.0,0.006148088404701816,0.010385523550212383,,,
555.0,0.006310683993829621,0.010375931859016418,,,
556.0,0.006421341905887756,0.010400575585663319,,,
557.0,0.006357480722686483,0.010398131795227528,,,
558.0,0.006211976960249659,0.01041209977120161,,,
559.0,0.006140862004831433,0.010421618819236755,0.2687784284353256,,
560.0,0.006105428818716771,0.010423730127513409,,,
561.0,0.006099155572139555,0.010447080247104168,,,
562.0,0.00611352772762378,0.010438547469675541,,,
563.0,0.0061380637856200335,0.010470792651176453,,,
564.0,0.0061653755801833335,0.010457436554133892,,,
565.0,0.006162566982416643,0.010488017462193966,,,
566.0,0.00621884290749828,0.01048109121620655,,,
567.0,0.006393033965076837,0.010496638715267181,,,
568.0,0.006589884799905121,0.01050343457609415,,,
569.0,0.006461665265055166,0.01050939504057169,0.2717032302170992,,
570.0,0.006209827245006131,0.01051905658096075,,,
571.0,0.0059828353668045665,0.01052646804600954,,0.5676880478858948,0.37079110741615295
572.0,0.005966326680758761,0.01053471677005291,,,
573.0,0.006089427560671336,0.010545249097049236,,,
574.0,0.006216227159214516,0.010551327839493752,,,
575.0,0.006271521916819943,0.01056674961000681,,,
576.0,0.006099308465814425,0.010566388256847858,,,
577.0,0.006068549193441868,0.010585331358015537,,,
578.0,0.006170630614376731,0.010581252165138721,,,
579.0,0.006269562034867704,0.010600103065371513,0.2689776364713907,,
580.0,0.006165279155700571,0.010603214614093304,,,
581.0,0.005977281645561258,0.010610145516693592,,,
582.0,0.005944259535624749,0.01062805950641632,,,
583.0,0.00612027497548196,0.010620190761983395,,,
584.0,0.006490607309258646,0.01064494252204895,,,
585.0,0.00657287603813327,0.010638550855219364,,,
586.0,0.006238792478624317,0.010656253434717655,,,
587.0,0.005887609250947006,0.010661388747394085,,,
588.0,0.005834112736499972,0.010666677728295326,,,
589.0,0.005950226896028552,0.01068064197897911,0.2645219136029482,,
590.0,0.00610264004725549,0.010686245746910572,,,
591.0,0.00623394466496797,0.010692107491195202,,,
592.0,0.006247543478384614,0.010709342546761036,,,
593.0,0.006178044019163483,0.010703817941248417,,,
594.0,0.006101558423704571,0.01072804257273674,,,
595.0,0.006011436238574485,0.010719925165176392,,,
596.0,0.006037642836260299,0.010739711113274097,,,
597.0,0.0061112500064902835,0.010739503428339958,,,
598.0,0.006093010679404769,0.01075173169374466,,,
599.0,0.0059606465635200345,0.010761662386357784,0.26457411237061024,,
600.0,0.005808411488930384,0.010763030499219894,,,
601.0,0.00577840918312884,0.010786089114844799,,,
602.0,0.005872905299377938,0.010776037350296974,,,
603.0,0.006061500752758649,0.01080536749213934,,,
604.0,0.006072440139121479,0.010795745998620987,,,
605.0,0.005978926357088818,0.010819760151207447,,,
606.0,0.00591981773575147,0.010818143375217915,,,
607.0,0.00600446989449362,0.010828313417732716,,,
608.0,0.006138427352739705,0.010840564966201782,,,
609.0,0.006061569935021301,0.010841751471161842,0.26393971778452396,,
610.0,0.00590330118753223,0.010859060101211071,,,
611.0,0.005773284036614415,0.010859997011721134,,,
612.0,0.005764097432968103,0.010873967781662941,,,
613.0,0.005793973558530625,0.010878820903599262,,,
614.0,0.0058330548011387385,0.010891546495258808,,,
615.0,0.005833990942272875,0.010895676910877228,,,
616.0,0.005821130786918932,0.010911024175584316,,,
617.0,0.0058303027688008215,0.010910248383879662,,,
618.0,0.0059684957600095205,0.01092661451548338,,,
619.0,0.0061697345832362775,0.010927406139671803,0.26479744352400303,,
620.0,0.006231208574544224,0.01093924418091774,,,
621.0,0.006058727515757912,0.010946935042738914,,,
622.0,0.005828829151578247,0.010950100608170033,,,
623.0,0.0058357860163475075,0.01096421480178833,,,
624.0,0.005932740939574109,0.010962641797959805,,,
625.0,0.005989151198106508,0.010979900136590004,,,
626.0,0.005850581259259747,0.010980158112943172,,,
627.0,0.005694846725350039,0.01099373959004879,,,
628.0,0.0056799694611173535,0.010999483987689018,,,
629.0,0.005784655544751634,0.011008444242179394,0.26024906896054745,,
630.0,0.00600290779541764,0.011015815660357475,,,
631.0,0.006044617193854517,0.011028061620891094,,,
632.0,0.006038497078439428,0.011028146371245384,,,
633.0,0.00600713467070212,0.011048449203372002,,,
634.0,0.00586962555276437,0.011039326898753643,,,
635.0,0.005765479896734986,0.011067441664636135,,,
636.0,0.0056729796759059856,0.011053657159209251,,,
637.0,0.005690738416225132,0.011083361692726612,,,
638.0,0.005752897316382991,0.011073531582951546,,,
639.0,0.005797787837994595,0.011097447015345097,0.2595476880669594,,
640.0,0.005771310107989444,0.011096195317804813,,,
641.0,0.005753049258039229,0.011109298095107079,,,
642.0,0.005777165660531157,0.011116732843220234,,,
643.0,0.0058336791794540155,0.011122680269181728,,0.5693956017494202,0.3661022186279297
644.0,0.005775237788653208,0.011132915504276752,,,
645.0,0.005691737997759547,0.011139786802232265,,,
646.0,0.00570356264244765,0.011143065989017487,,,
647.0,0.005801610123469598,0.011157816275954247,,,
648.0,0.005875928700487647,0.011157281696796417,,,
649.0,0.00580556979144199,0.01117385271936655,0.25961577892303467,,
650.0,0.005687194182020095,0.011174061335623264,,,
651.0,0.005714070692451464,0.011185460723936558,,,
652.0,0.005867477143700752,0.011190354824066162,,,
653.0,0.005990794474879901,0.011197540909051895,,,
654.0,0.005872801023587171,0.011209593154489994,,,
655.0,0.0057007379597052935,0.01120797824114561,,,
656.0,0.005695581644670003,0.01122994814068079,,,
657.0,0.005745763575347762,0.011218923144042492,,,
658.0,0.005804209004984134,0.011246695183217525,,,
659.0,0.005737332180659804,0.011236540041863918,0.2575379405170679,,
660.0,0.005693442080583837,0.011256949976086617,,,
661.0,0.005758964921244317,0.011258105747401714,,,
662.0,0.0057848286137191784,0.011265651322901249,,,
663.0,0.005762112028379407,0.011278712190687656,,,
664.0,0.005600232961070206,0.011279534548521042,,,
665.0,0.005564992101345625,0.011291952803730965,,,
666.0,0.005684283514662335,0.01129783596843481,,,
667.0,0.005888138392733203,0.011300966143608093,,,
668.0,0.0059378312088342175,0.011315853334963322,,,
669.0,0.005674521592963073,0.011315099895000458,0.257961668074131,,
670.0,0.005462495357108613,0.011331651359796524,,,
671.0,0.005441645950906807,0.011333496309816837,,,
672.0,0.005555432822244862,0.011344216763973236,,,
673.0,0.005730871519642985,0.011355312541127205,,,
674.0,0.005778891274498568,0.011357108131051064,,,
675.0,0.005691876723948453,0.011373459361493587,,,
676.0,0.005571242020879354,0.011372789740562439,,,
677.0,0.005508934331850873,0.011386249214410782,,,
678.0,0.005474489178612,0.011392829939723015,,,
679.0,0.005487490114238527,0.01139875315129757,0.25408847630023956,,
680.0,0.005570298015243477,0.011410965584218502,,,
681.0,0.0057128568795613115,0.011412261053919792,,,
682.0,0.005746714904024783,0.01142589095979929,,,
683.0,0.0056625699386414555,0.011427734047174454,,,
684.0,0.005582838469805817,0.011440202593803406,,,
685.0,0.005579136822941816,0.011441890150308609,,,
686.0,0.005650161766550607,0.011455841362476349,,,
687.0,0.005622202798517214,0.011454754509031773,,,
688.0,0.00557439476898354,0.011472412385046482,,,
689.0,0.005557055266884466,0.011468826793134212,0.25382925383746624,,
690.0,0.005595335193857964,0.011485771276056767,,,
691.0,0.005608051278007527,0.011487468145787716,,,
692.0,0.005508354817413621,0.011496834456920624,,,
693.0,0.005412341933438761,0.011507897637784481,,,
694.0,0.005373596574128088,0.011509296484291553,,,
695.0,0.005444920604996797,0.011524561792612076,,,
696.0,0.005564019321722703,0.011526990681886673,,,
697.0,0.005639073442564243,0.011537638492882252,,,
698.0,0.00558128411286614,0.011546151712536812,,,
699.0,0.005476829396664268,0.011549236252903938,0.2533497791737318,,
700.0,0.005469897413212392,0.011560148559510708,,,
701.0,0.005492489675784276,0.011565862223505974,,,
702.0,0.0055351090764937305,0.011570630595088005,,,
703.0,0.0055520959477871655,0.011586220934987068,,,
704.0,0.005563868870441285,0.011580060236155987,,,
705.0,0.005577431213007205,0.011603198945522308,,,
706.0,0.005469999364059832,0.011595150455832481,,,
707.0,0.005358885665579388,0.011615720577538013,,,
708.0,0.005305392481645362,0.011616125702857971,,,
709.0,0.005387187297973368,0.011622502468526363,0.25173062086105347,,
710.0,0.005620340734927191,0.011639545671641827,,,
711.0,0.005887651897759901,0.011630366556346416,,,
712.0,0.005907267711849676,0.011657344177365303,,,
713.0,0.0055128793853024645,0.011646546423435211,,,
714.0,0.005311077808599091,0.0116641316562891,,,
715.0,0.005358495296289524,0.011665753088891506,,,
716.0,0.005534804554707888,0.011672752909362316,,0.5679854154586792,0.3499912917613983
717.0,0.005630949849728495,0.011682133190333843,,,
718.0,0.005547638311982155,0.011686041951179504,,,
719.0,0.005432844264950189,0.011695006862282753,0.25154104456305504,,
720.0,0.005366159698460251,0.011701483279466629,,,
721.0,0.005397283462807536,0.011707824654877186,,,
722.0,0.005416192496195436,0.01171660702675581,,,
723.0,0.005421783030291812,0.011722213588654995,,,
724.0,0.005385845830250117,0.011731082573533058,,,
725.0,0.0053665438809225125,0.011737729422748089,,,
726.0,0.005380338959188925,0.011744252406060696,,,
727.0,0.005381994222083853,0.011754181236028671,,,
728.0,0.005369330104957852,0.011758638545870781,,,
729.0,0.005338040988426655,0.011769736185669899,0.2497389130294323,,
730.0,0.005419729489367455,0.011773055419325829,,,
731.0,0.005618405456447767,0.011784077621996403,,,
732.0,0.005775285812819169,0.01178635936230421,,,
733.0,0.0056306572524934175,0.011800768785178661,,,
734.0,0.005332879090371231,0.011796954087913036,,,
735.0,0.005225794376908905,0.011817636899650097,,,
736.0,0.005262106453948137,0.011807814240455627,,,
737.0,0.005338741245213896,0.011835174635052681,,,
738.0,0.005390804136534118,0.011822654865682125,,,
739.0,0.005350457974192169,0.011850046925246716,0.24890869110822678,,
740.0,0.005326562964926577,0.011841579340398312,,,
741.0,0.00536649511118109,0.011857578530907631,,,
742.0,0.0053857290863783824,0.011861330829560757,,,
743.0,0.005381601361247401,0.011867083609104156,,,
744.0,0.005369909991406732,0.011876203119754791,,,
745.0,0.005371657849237737,0.011879857629537582,,,
746.0,0.005371268894523382,0.011889021843671799,,,
747.0,0.005312306222040206,0.011895225383341312,,,
748.0,0.005218974286949055,0.011901511810719967,,,
749.0,0.005184548265921573,0.011913076974451542,0.24772713519632816,,
750.0,0.005234058152677285,0.011913327500224113,,,
751.0,0.005351460761287146,0.011930632404983044,,,
752.0,0.005423906810271243,0.011926300823688507,,,
753.0,0.0053773720187342,0.011946271173655987,,,
754.0,0.005266504627135065,0.011940311640501022,,,
755.0,0.005240276859193626,0.011959344148635864,,,
756.0,0.005349608884555184,0.011955887079238892,,,
757.0,0.005488222326772908,0.011970163322985172,,,
758.0,0.005555194359169238,0.011972653679549694,,,
759.0,0.005393295048529075,0.011980930343270302,0.24914594925940037,,
760.0,0.005232772569741226,0.011987308040261269,,,
761.0,0.005199443713192724,0.011996397748589516,,,
762.0,0.005233068719713224,0.011997103691101074,,,
763.0,0.005279656568179942,0.012014991603791714,,,
764.0,0.005264640839563475,0.012007396668195724,,,
765.0,0.005265376667957753,0.012031479738652706,,,
766.0,0.005265723594930023,0.012019491754472256,,,
767.0,0.005296065977826301,0.012045441195368767,,,
768.0,0.0052669622094577385,0.012034917250275612,,,
769.0,0.005216357948310259,0.012056864798069,0.24727927520871162,,
770.0,0.00521543526633953,0.012053591199219227,,,
771.0,0.005262477297025422,0.012066035531461239,,,
772.0,0.005363803584025138,0.012072096578776836,,,
773.0,0.005352374665542609,0.012077475897967815,,,
774.0,0.005262719163308955,0.012085492722690105,,,
775.0,0.005163721262425598,0.012092568911612034,,,
776.0,0.005134724142392063,0.012096174992620945,,,
777.0,0.00518936902232882,0.012110508047044277,,,
778.0,0.005216274144541886,0.012108254246413708,,,
779.0,0.005232334596415361,0.01212843507528305,0.2458882462233305,,
780.0,0.005183554035870151,0.012120423838496208,,,
781.0,0.005119434853291346,0.012142687104642391,,,
782.0,0.005078246571744481,0.012135321274399757,,,
783.0,0.005040676113114589,0.012154122814536095,,,
784.0,0.005059933964318286,0.01215288694947958,,,
785.0,0.005150544927714186,0.012165687046945095,,,
786.0,0.005372715416467852,0.01216820441186428,,,
787.0,0.005579544986701674,0.012178926728665829,,,
788.0,0.0055898168126845525,0.012180637568235397,,0.5751833319664001,0.3950035274028778
789.0,0.005281142696945204,0.012193052098155022,0.2468125894665718,,
790.0,0.005013536412993239,0.012190654873847961,,,
791.0,0.0049813551644587685,0.012207203544676304,,,
792.0,0.005058120125128577,0.012203914113342762,,,
793.0,0.005180665688692696,0.012220881879329681,,,
794.0,0.005197994954521871,0.012221093289554119,,,
795.0,0.005196067623587118,0.012231611646711826,,,
796.0,0.005227634121353427,0.012239075265824795,,,
797.0,0.00525032721227035,0.01223886851221323,,,
798.0,0.005212700948533084,0.012256241403520107,,,
799.0,0.005099608794682556,0.012247891165316105,0.2437139544636011,,
800.0,0.0051164762975855005,0.01226896047592163,,,
801.0,0.00520201767846528,0.012262076139450073,,,
802.0,0.005277506598633611,0.012279302813112736,,,
803.0,0.005194829851906333,0.012279633432626724,,,
804.0,0.0050951351540991004,0.012287632562220097,,,
805.0,0.005151951170474705,0.012295687571167946,,,
806.0,0.005288817259069118,0.012297076173126698,,,
807.0,0.005338440031692799,0.012311236932873726,,,
808.0,0.00513754621691381,0.012311109341681004,,,
809.0,0.004976225506462571,0.012323710136115551,0.24241733737289906,,
810.0,0.004998344005240748,0.012326063588261604,,,
811.0,0.005175535371009675,0.012332739308476448,,,
812.0,0.0053619645316050285,0.012342977337539196,,,
813.0,0.005253002917031861,0.012342354282736778,,,
814.0,0.005017098673205409,0.012359497137367725,,,
815.0,0.0049034797138948405,0.012351050041615963,,,
816.0,0.004968426684435043,0.012375676073133945,,,
817.0,0.005120324963807232,0.012363952584564686,,,
818.0,0.005204991076089856,0.012389364652335644,,,
819.0,0.005171699796596335,0.012380971573293209,0.24438740499317646,,
820.0,0.005141211535471181,0.012398184277117252,,,
821.0,0.005168774928380217,0.012395637109875679,,,
822.0,0.005253296287523376,0.012408637441694736,,,
823.0,0.0052913080479225355,0.012408066540956497,,,
824.0,0.005217753491985301,0.012422042898833752,,,
825.0,0.00506500362056411,0.01242136862128973,,,
826.0,0.004919934771799792,0.012435526587069035,,,
827.0,0.004887105324822995,0.012435531243681908,,,
828.0,0.00497047265086116,0.012447844259440899,,,
829.0,0.005135106323545592,0.012449058704078197,0.2422292698174715,,
830.0,0.005236175714267625,0.012460624799132347,,,
831.0,0.005130900953534163,0.012461372651159763,,,
832.0,0.004981965072090841,0.012475655414164066,,,
833.0,0.00490690241748881,0.012471651658415794,,,
834.0,0.004972599553358224,0.012491440400481224,,,
835.0,0.005083477442514979,0.01248500682413578,,,
836.0,0.005157522360742506,0.01250385120511055,,,
837.0,0.005102108165673498,0.012503286823630333,,,
838.0,0.005003440286964178,0.012510595843195915,,,
839.0,0.005000328821544018,0.012519936077296734,0.2407816108316183,,
840.0,0.004997367448328684,0.012520276010036469,,,
841.0,0.005039816407176356,0.012532368302345276,,,
842.0,0.005053163919753085,0.01253563817590475,,,
843.0,0.005087577118020919,0.012540741823613644,,,
844.0,0.005100971881507171,0.012552346102893353,,,
845.0,0.005055074024842017,0.012550062499940395,,,
846.0,0.005009833054306606,0.012567329220473766,,,
847.0,0.004967170138843358,0.012561371549963951,,,
848.0,0.004970173206076854,0.012579361908137798,,,
849.0,0.005007581784803834,0.012575454078614712,0.24059060402214527,,
850.0,0.005038111111821814,0.012590114958584309,,,
851.0,0.005058066657640868,0.01259004045277834,,,
852.0,0.005090535803594523,0.012601309455931187,,,
853.0,0.0051389519893564285,0.012602397240698338,,,
854.0,0.00507494882783956,0.012612706050276756,,,
855.0,0.004929625231048299,0.012615014798939228,,,
856.0,0.004824525772386955,0.012624076567590237,,,
857.0,0.004819332691582127,0.012628274969756603,,,
858.0,0.004925552105479357,0.012635407969355583,,,
859.0,0.005067427680155056,0.012642081826925278,0.24069165997207165,0.5756464600563049,0.33452436327934265
860.0,0.005122049678013557,0.012646716088056564,,,
861.0,0.005052844053651724,0.012655390426516533,,,
862.0,0.00498320832512238,0.012658240273594856,,,
863.0,0.004927407237442417,0.012666990049183369,,,
864.0,0.004890290406377365,0.012671401724219322,,,
865.0,0.004876809052398635,0.012678336352109909,,,
866.0,0.004908100568120265,0.012684647925198078,,,
867.0,0.004951362932204373,0.01269127894192934,,,
868.0,0.005002087879046384,0.012696010991930962,,,
869.0,0.004994309679346366,0.01270612608641386,0.2395915649831295,,
870.0,0.004961727978144255,0.012703984044492245,,,
871.0,0.004968003295620697,0.012723326683044434,,,
872.0,0.004965026287051539,0.01271138433367014,,,
873.0,0.004988185113502873,0.01274155080318451,,,
874.0,0.004942516184981084,0.012721700593829155,,,
875.0,0.004934957204903993,0.01275524403899908,,,
876.0,0.004925844881476627,0.012735852040350437,,,
877.0,0.004957138359701882,0.0127616161480546,,,
878.0,0.005008697424135689,0.012753840535879135,,,
879.0,0.00504206497196315,0.012766051106154919,0.24022030271589756,,
880.0,0.005107496742469569,0.01277090236544609,,,
881.0,0.005145764887177696,0.012775499373674393,,,
882.0,0.0050895415471556285,0.012781870551407337,,,
883.0,0.004971871661901888,0.01279032789170742,,,
884.0,0.0048670594316596785,0.01278926245868206,,,
885.0,0.0048297717430007955,0.012803823687136173,,,
886.0,0.004845209662905998,0.012802297249436378,,,
887.0,0.0048833854729309675,0.012813487090170383,,,
888.0,0.004908605712828123,0.012820173986256123,,,
889.0,0.00490538306792991,0.012819191440939903,0.23741371743381023,,
890.0,0.004931570629123598,0.012837355956435204,,,
891.0,0.004950547753574534,0.012828066013753414,,,
892.0,0.004946151364646438,0.012849453836679459,,,
893.0,0.004885448600527727,0.012843179516494274,,,
894.0,0.004824255365981824,0.012857357040047646,,,
895.0,0.0048333711539291675,0.012860155664384365,,,
896.0,0.004864649623373731,0.012865627184510231,,,
897.0,0.00490372533366705,0.01287724357098341,,,
898.0,0.004862913713376555,0.012877016328275204,,,
899.0,0.0048018646351475685,0.012892099097371101,0.2373149562627077,,
900.0,0.00477296230616048,0.012889960780739784,,,
901.0,0.004819440758631875,0.012903779745101929,,,
902.0,0.004891098521960278,0.012905506417155266,,,
903.0,0.0048962521387471095,0.012912340462207794,,,
904.0,0.004864213642043372,0.012922410853207111,,,
905.0,0.004860946195355306,0.012919683009386063,,,
906.0,0.004924943814209352,0.012935279868543148,,,
907.0,0.004947447145047287,0.012931049801409245,,,
908.0,0.004889422956491924,0.01294568832963705,,,
909.0,0.004782016727193776,0.012944072484970093,0.2364688739180565,,
910.0,0.004756215577169011,0.012956604361534119,,,
911.0,0.004833324149302725,0.012956216931343079,,,
912.0,0.0049614412003817655,0.012968168593943119,,,
913.0,0.004989087838783032,0.012969502247869968,,,
914.0,0.004894091960353156,0.01297904085367918,,,
915.0,0.004813178395593746,0.012981408275663853,,,
916.0,0.004787681921540449,0.012989959679543972,,,
917.0,0.004801886620310445,0.01299261674284935,,,
918.0,0.004803934402039482,0.013003266416490078,,,
919.0,0.004790575777490934,0.013002206571400166,0.23593743331730366,,
920.0,0.004823222572190894,0.013017965480685234,,,
921.0,0.004853483326215711,0.013010765425860882,,,
922.0,0.004856775484513492,0.013032840564846992,,,
923.0,0.0047845928756416675,0.01302215177565813,,,
924.0,0.004712898240476433,0.013044413179159164,,,
925.0,0.004723997747836013,0.01303812675178051,,,
926.0,0.004841728296596557,0.013050487264990807,,,
927.0,0.004968674881642477,0.013055393472313881,,,
928.0,0.0049527573331983555,0.013057993724942207,,,
929.0,0.004823788404723422,0.013068394735455513,0.23696060292422771,,
930.0,0.004664952881479015,0.013069156557321548,,,
931.0,0.0046306239707498914,0.013078676536679268,,0.5733733177185059,0.3254944086074829
932.0,0.004695279984993653,0.01308486983180046,,,
933.0,0.004818696745723072,0.013086383230984211,,,
934.0,0.004889793190587726,0.013104383833706379,,,
935.0,0.004857295266766515,0.013092990033328533,,,
936.0,0.0048534948578000895,0.013118531554937363,,,
937.0,0.004885691023276498,0.013104602694511414,,,
938.0,0.004891675593227976,0.0131251635029912,,,
939.0,0.004831194379366934,0.013120917603373528,0.2353881262242794,,
940.0,0.004779154439715462,0.013129174709320068,,,
941.0,0.004796805638147311,0.013138268142938614,,,
942.0,0.004800006557359464,0.013138351030647755,,,
943.0,0.004760304273675299,0.013151431456208229,,,
944.0,0.004704875950701535,0.013152691535651684,,,
945.0,0.004740939950570464,0.013158653862774372,,,
946.0,0.004856578073878255,0.013168721459805965,,,
947.0,0.004923609752052774,0.013165902346372604,,,
948.0,0.004865356387777461,0.013182714581489563,,,
949.0,0.0047247690865252585,0.013175621628761292,0.2344545591622591,,
950.0,0.004667670884324859,0.013193413615226746,,,
951.0,0.004668429730356568,0.013187953270971775,,,
952.0,0.004709505769424141,0.013204800896346569,,,
953.0,0.004717420388996187,0.013202917762100697,,,
954.0,0.004688374419541409,0.013214289210736752,,,
955.0,0.004679131472948938,0.013219676911830902,,,
956.0,0.004688799175330334,0.013220743276178837,,,
957.0,0.004728725402771185,0.01323589589446783,,,
958.0,0.004728138700075862,0.01322966255247593,,,
959.0,0.004692127702809456,0.013248758390545845,0.23366688378155231,,
960.0,0.004654208735511121,0.013242146000266075,,,
961.0,0.004651983695932561,0.013258514925837517,,,
962.0,0.004677437643210093,0.013257967308163643,,,
963.0,0.004701284536470969,0.01326476689428091,,,
964.0,0.004750332810605566,0.013276997953653336,,,
965.0,0.004814998303902232,0.013269312679767609,,,
966.0,0.0049245173859203024,0.013291933573782444,,,
967.0,0.004868756650895294,0.013278915546834469,,,
968.0,0.00470771091317551,0.013300183229148388,,,
969.0,0.004568980319891125,0.013293574564158916,0.23247645050287247,,
970.0,0.0045453693368472155,0.013306939974427223,,,
971.0,0.004652440306316647,0.013309949077665806,,,
972.0,0.0047896830988530485,0.013315748423337936,,,
973.0,0.004829881090877785,0.013325155712664127,,,
974.0,0.0047188548407413895,0.013327072374522686,,,
975.0,0.004636256841735707,0.013334433548152447,,,
976.0,0.004665106411816345,0.013340657576918602,,,
977.0,0.004740337752478404,0.013341693207621574,,,
978.0,0.004835464673168544,0.013353178277611732,,,
979.0,0.004871143659628514,0.013352222740650177,0.2352435551583767,,
980.0,0.004814084741390414,0.013362596742808819,,,
981.0,0.004722434104834166,0.01336545217782259,,,
982.0,0.004616090118264159,0.013372190296649933,,,
983.0,0.004591477850400326,0.013376344926655293,,,
984.0,0.004621414931801458,0.013384939171373844,,,
985.0,0.004692413888147308,0.013384873047471046,,,
986.0,0.004745404015346948,0.013399526476860046,,,
987.0,0.004748983334542977,0.013392992317676544,,,
988.0,0.00473178525429426,0.01341293379664421,,,
989.0,0.0046924769283375805,0.013404041528701782,0.23248855955898762,,
990.0,0.004679426412718991,0.013422073796391487,,,
991.0,0.0046320372318021125,0.01341894268989563,,,
992.0,0.004588274230870108,0.013428773730993271,,,
993.0,0.0045801119977194405,0.01343394536525011,,,
994.0,0.004584636914336847,0.01343773864209652,,,
995.0,0.0046163536310713325,0.013447221368551254,,,
996.0,0.004614308016478188,0.013449855148792267,,,
997.0,0.0046203874928566315,0.013458073139190674,,,
998.0,0.004617246729839179,0.013463378883898258,,,
999.0,0.004650472242436889,0.01346670277416706,0.2312716543674469,,
1000.0,0.0047080321920414765,0.013476104475557804,,,
1001.0,0.0047397697274573145,0.01347506232559681,,,
1002.0,0.004744310353158249,0.013488060794770718,,,
1003.0,0.0046392689296044405,0.013484726659953594,,,
1004.0,0.00454438500934177,0.013500998727977276,,0.5771906971931458,0.3158571720123291
1005.0,0.0045014150220797295,0.01349401194602251,,,
1006.0,0.004524611705500219,0.013514211401343346,,,
1007.0,0.004586941841731055,0.01350602600723505,,,
1008.0,0.00461465001753014,0.013525087386369705,,,
1009.0,0.004567576825825704,0.013520567677915096,0.23074132576584816,,
1010.0,0.004540279725204326,0.013535203412175179,,,
1011.0,0.0045900792804443175,0.01353452354669571,,,
1012.0,0.00468507028469402,0.01354468148201704,,,
1013.0,0.004647727916793277,0.013550303876399994,,,
1014.0,0.004548771261858444,0.013551906682550907,,,
1015.0,0.00447286477441796,0.013565788976848125,,,
1016.0,0.004490696330710003,0.0135594317689538,,,
1017.0,0.004567324119206104,0.013580193743109703,,,
1018.0,0.004598611904980822,0.013571275398135185,,,
1019.0,0.0045722205639402895,0.013592010363936424,0.23014959879219532,,
1020.0,0.004531878887468742,0.013583301566541195,,,
1021.0,0.004552239277141375,0.013599934056401253,,,
1022.0,0.0046418143826950755,0.013595457188785076,,,
1023.0,0.004719695057719946,0.013608398847281933,,,
1024.0,0.0046986316255707705,0.01360775250941515,,,
1025.0,0.004654306813608855,0.01361773256212473,,,
1026.0,0.004627698107312123,0.013619394972920418,,,
1027.0,0.004605485835992214,0.013627077452838421,,,
1028.0,0.0046001453705442445,0.013630828820168972,,,
1029.0,0.004567839649454173,0.013637162744998932,0.22998397424817085,,
1030.0,0.0045692842039797045,0.013641618192195892,,,
1031.0,0.00457367398051752,0.013648366555571556,,,
1032.0,0.004624709487996167,0.013651374727487564,,,
1033.0,0.004706839170151701,0.0136592797935009,,,
1034.0,0.004750756696383986,0.013660498894751072,,,
1035.0,0.0047518589373471,0.013668591156601906,,,
1036.0,0.004632252535472314,0.01367236115038395,,,
1037.0,0.004571833107620478,0.013674951158463955,,,
1038.0,0.004581107391147978,0.013686430640518665,,,
1039.0,0.004645146834146645,0.013681971468031406,0.23029612749814987,,
1040.0,0.004682935749232355,0.013699395582079887,,,
1041.0,0.004566723997187283,0.013692650943994522,,,
1042.0,0.004441397768290093,0.01371102686971426,,,
1043.0,0.004374558019658758,0.013703271746635437,,,
1044.0,0.004420591044601881,0.013723291456699371,,,
1045.0,0.0045221318040664,0.013715227134525776,,,
1046.0,0.004604521719997542,0.013732749968767166,,,
1047.0,0.004571884308372521,0.013729718513786793,,,
1048.0,0.004506951749531759,0.013740438036620617,,,
1049.0,0.0045005863700579435,0.013740410096943378,0.22826163470745087,,
1050.0,0.004518077412051045,0.013751381076872349,,,
1051.0,0.0045621493396659695,0.01375009585171938,,,
1052.0,0.004563952482874609,0.013761952519416809,,,
1053.0,0.004565309640278833,0.013761065900325775,,,
1054.0,0.0045813078495363395,0.013771671801805496,,,
1055.0,0.004543223123635269,0.013772082515060902,,,
1056.0,0.004540256153947363,0.01378193311393261,,,
1057.0,0.004583258937733869,0.013781680725514889,,,
1058.0,0.004657755483252307,0.013791809789836407,,,
1059.0,0.004652627295193573,0.0137929143384099,0.23032547906041145,,
1060.0,0.004546439458305637,0.01379895769059658,,,
1061.0,0.004483513070736081,0.013807261362671852,,,
1062.0,0.004539644858903355,0.013805396854877472,,,
1063.0,0.0046769569420980085,0.013820457272231579,,,
1064.0,0.0046704859490920275,0.013816329650580883,,,
1065.0,0.004519047938132037,0.013830357231199741,,,
1066.0,0.004391449092525161,0.013828515075147152,,,
1067.0,0.0043632586499572626,0.013838721439242363,,,
1068.0,0.004430305651751243,0.013842341490089893,,,
1069.0,0.004488450238067243,0.013847120106220245,0.22787619940936565,,
1070.0,0.004511547593348142,0.013857753947377205,,,
1071.0,0.004403878109426134,0.013856441713869572,,,
1072.0,0.0043413937016804184,0.013871883973479271,,,
1073.0,0.0043519811404662,0.013866575434803963,,,
1074.0,0.004473975662193779,0.013881509192287922,,,
1075.0,0.004614165229981558,0.013880982995033264,,,
1076.0,0.004666603735078954,0.013887437991797924,,,
1077.0,0.004559040230491923,0.013896549120545387,,,
1078.0,0.004415602494393372,0.013893361203372478,,0.575199544429779,0.3176625072956085
1079.0,0.004371876972468777,0.013908681459724903,0.2263274285942316,,
1080.0,0.004387080819449491,0.013902192004024982,,,
1081.0,0.004421342092876633,0.013920443132519722,,,
1082.0,0.004444189305262019,0.013913259841501713,,,
1083.0,0.0044714007211021254,0.013930355198681355,,,
1084.0,0.004497163256682041,0.01392641942948103,,,
1085.0,0.004492313864951332,0.013938281685113907,,,
1086.0,0.004454361419969549,0.013938982971012592,,,
1087.0,0.004429663411186387,0.013946142047643661,,,
1088.0,0.004495644828356389,0.013949389569461346,,,
1089.0,0.004579554721971767,0.01395584549754858,0.22829330153763294,,
1090.0,0.004605843827335371,0.013959995470941067,,,
1091.0,0.004456243907204933,0.013967219740152359,,,
1092.0,0.0043137461733486916,0.013968710787594318,,,
1093.0,0.004273891481053498,0.01397887896746397,,,
1094.0,0.004345454572079082,0.013977979309856892,,,
1095.0,0.004491723463870585,0.013988460414111614,,,
1096.0,0.0045836571081438,0.013991757296025753,,,
1097.0,0.004543526908641474,0.0139959417283535,,,
1098.0,0.004436646847623504,0.0140050258487463,,,
1099.0,0.004391471233684569,0.014002688229084015,0.22634419053792953,,
1100.0,0.004399179414742523,0.014016312547028065,,,
1101.0,0.004457812888237337,0.014012191444635391,,,
1102.0,0.004510959303782632,0.014026680961251259,,,
1103.0,0.004502410858921293,0.014023386873304844,,,
1104.0,0.0044643198212401735,0.014035873115062714,,,
1105.0,0.004382328664263089,0.014034638181328773,,,
1106.0,0.004358087411253817,0.014045408926904202,,,
1107.0,0.004373197008131279,0.0140448696911335,,,
1108.0,0.004412543032473574,0.014056668616831303,,,
1109.0,0.004401392576077746,0.014055391773581505,0.22528444230556488,,
1110.0,0.0043657375450452994,0.01406802423298359,,,
1111.0,0.004332765115476731,0.0140658775344491,,,
1112.0,0.004355191058582729,0.014077532105147839,,,
1113.0,0.00441287524273826,0.014077391475439072,,,
1114.0,0.0044466235367063844,0.014085331931710243,,,
1115.0,0.0044472008333024055,0.014089260250329971,,,
1116.0,0.004423545760413011,0.01409335806965828,,,
1117.0,0.0044358291852080985,0.0140991797670722,,,
1118.0,0.004414686528293209,0.014104589819908142,,,
1119.0,0.00440285488911387,0.01410610694438219,0.22573439218103886,,
1120.0,0.004430304134471549,0.014118768274784088,,,
1121.0,0.004513644485527443,0.014111907221376896,,,
1122.0,0.004638493532159676,0.014131158590316772,,,
1123.0,0.004567270490030448,0.014122990891337395,,,
1124.0,0.004380214976198557,0.014140098355710506,,,
1125.0,0.0042218776611197325,0.014134886674582958,,,
1126.0,0.004214566625499477,0.014147057197988033,,,
1127.0,0.004323531532815347,0.014146893285214901,,,
1128.0,0.004502724218699667,0.014154010452330112,,,
1129.0,0.004599772840479596,0.01416008360683918,0.22738559916615486,,
1130.0,0.0045197500865389074,0.014162358827888966,,,
1131.0,0.004377607554197312,0.014170457608997822,,,
1132.0,0.00428666772838268,0.014171996153891087,,,
1133.0,0.004297134859694375,0.014180200174450874,,,
1134.0,0.0043731598638825945,0.014183112420141697,,,
1135.0,0.004446347316261381,0.014189622364938259,,,
1136.0,0.004436666887874405,0.014196068048477173,,,
1137.0,0.004363283943643587,0.014196785166859627,,,
1138.0,0.004296592347996516,0.014209013432264328,,,
1139.0,0.004315245633996609,0.014202523045241833,0.22367694042623043,,
1140.0,0.0043886940057079,0.014220789074897766,,,
1141.0,0.0044441474436057934,0.014212040230631828,,,
1142.0,0.004453770285989676,0.01423004548996687,,,
1143.0,0.004384678803229083,0.014222810044884682,,,
1144.0,0.004361029098120828,0.014237859286367893,,,
1145.0,0.004342468336172816,0.014234012924134731,,,
1146.0,0.0043577413783512185,0.01424523163586855,,,
1147.0,0.0044007421178846725,0.014247055165469646,,,
1148.0,0.0044297731385773255,0.014251874759793282,,,
1149.0,0.004442864475099163,0.014261411502957344,0.2257747258991003,,
1150.0,0.004343588981104807,0.014258364215493202,,,
1151.0,0.004259868691313184,0.01427602581679821,,0.5791578888893127,0.31333106756210327
1152.0,0.004225163705543511,0.014265014789998531,,,
1153.0,0.004270798199447907,0.014287558384239674,,,
1154.0,0.004334294440535208,0.014277288690209389,,,
1155.0,0.004325783672846026,0.014294302091002464,,,
1156.0,0.004268518947582278,0.014293319545686245,,,
1157.0,0.004216751074935827,0.014299435541033745,,,
1158.0,0.004263149657959326,0.014307394623756409,,,
1159.0,0.004353396035472138,0.014306973665952682,0.2236397285014391,,
1160.0,0.004476360757317808,0.01431798655539751,,,
1161.0,0.004454239354365402,0.014318614266812801,,,
1162.0,0.004372032590003477,0.014324190095067024,,,
1163.0,0.0043036911119189525,0.014332537539303303,,,
1164.0,0.004284849520772695,0.014326795935630798,,,
1165.0,0.004346850550888727,0.01434786431491375,,,
1166.0,0.004384256950062182,0.014332982711493969,,,
1167.0,0.004431977793315632,0.014358995482325554,,,
1168.0,0.00437756362836808,0.014344018884003162,,,
1169.0,0.004321394753124979,0.01436495129019022,0.22363179735839367,,
1170.0,0.004304069628576852,0.014358269050717354,,,
1171.0,0.004317245307481951,0.014369376003742218,,,
1172.0,0.004377711137187564,0.014373218640685081,,,
1173.0,0.004370968337946882,0.014375638216733932,,,
1174.0,0.004347511779051274,0.014385413378477097,,,
1175.0,0.004332820748030725,0.014384866692125797,,,
1176.0,0.004382520513350351,0.014392239041626453,,,
1177.0,0.004516573661369168,0.014396553859114647,,,
1178.0,0.004573918020921863,0.014398381114006042,,,
1179.0,0.004498529304595043,0.014406840316951275,0.22627068869769573,,
1180.0,0.004280761248276879,0.014407679438591003,,,
1181.0,0.004157650970543424,0.014413542114198208,,,
1182.0,0.004177254123561498,0.014420192688703537,,,
1183.0,0.004273592660255316,0.014420202001929283,,,
1184.0,0.004378950942773372,0.014433289878070354,,,
1185.0,0.004337242126671804,0.014429517090320587,,,
1186.0,0.004237186268955055,0.01444311998784542,,,
1187.0,0.004178804067066974,0.014440572820603848,,,
1188.0,0.004201800088501639,0.014450760558247566,,,
1189.0,0.004252938301199012,0.014453846961259842,0.2221749797463417,,
1190.0,0.0042680061194631785,0.01445863489061594,,,
1191.0,0.004259767625222189,0.014466417953372002,,,
1192.0,0.004257308448302663,0.014467290602624416,,,
1193.0,0.004308338850581398,0.014475374482572079,,,
1194.0,0.004355437773435066,0.014479950070381165,,,
1195.0,0.004304708831736611,0.014482392929494381,,,
1196.0,0.0042240649798057145,0.014493905939161777,,,
1197.0,0.004168630595991595,0.014487996697425842,,,
1198.0,0.0042041632186414464,0.014505275525152683,,,
1199.0,0.00433319018351742,0.014497412368655205,0.22228433564305305,,
1200.0,0.004469941211864352,0.014512263238430023,,,
1201.0,0.004548216804913762,0.014511074870824814,,,
1202.0,0.0044220038976830744,0.014517862349748611,,,
1203.0,0.00424035483195136,0.014522009529173374,,,
1204.0,0.004125594372809347,0.01452716439962387,,,
1205.0,0.0040946588657485945,0.014529930427670479,,,
1206.0,0.0041464352460267645,0.014539950527250767,,,
1207.0,0.004226015572073973,0.014537936076521873,,,
1208.0,0.004306607693433761,0.014552433975040913,,,
1209.0,0.004328768581876324,0.014547695405781269,0.22274226695299149,,
1210.0,0.004373283952526334,0.01455944124609232,,,
1211.0,0.004380943318828941,0.014560503885149956,,,
1212.0,0.00433148120995611,0.014563137665390968,,,
1213.0,0.0042477214041476445,0.014576287940144539,,,
1214.0,0.0042049082521245715,0.014566660858690739,,,
1215.0,0.0042397694543211,0.014589032158255577,,,
1216.0,0.004277474366697586,0.014574868604540825,,,
1217.0,0.0042966354545205835,0.014598029665648937,,,
1218.0,0.004244633141335928,0.014587217941880226,,,
1219.0,0.004191864642262873,0.01460464857518673,0.22178289107978344,,
1220.0,0.004153493816136486,0.014599944464862347,,,
1221.0,0.0042141934626528784,0.014611423015594482,,,
1222.0,0.0043486708829489846,0.014611154794692993,,,
1223.0,0.004445218588225544,0.014620250090956688,,,
1224.0,0.004413456392681433,0.014621407724916935,,0.5815341472625732,0.3385326564311981
1225.0,0.004225552931634916,0.014629416167736053,,,
1226.0,0.004097516383303123,0.014630710706114769,,,
1227.0,0.0040839524484343,0.014637315645813942,,,
1228.0,0.004173856483668917,0.01464160904288292,,,
1229.0,0.004283410662319511,0.014645343646407127,0.220695860683918,,
1230.0,0.004305162307185431,0.014655014500021935,,,
1231.0,0.004200906328494764,0.014652971178293228,,,
1232.0,0.004135405341059798,0.014665329828858376,,,
1233.0,0.004189074334895446,0.014662201516330242,,,
1234.0,0.004333932374655787,0.014671927317976952,,,
1235.0,0.004422452486534086,0.01467570848762989,,,
1236.0,0.004306218052127709,0.014677351340651512,,,
1237.0,0.004145723987732911,0.01468766201287508,,,
1238.0,0.004067258939871358,0.014684159308671951,,,
1239.0,0.004089946641793681,0.01469652820378542,0.2195934671908617,,
1240.0,0.0041653255549156006,0.014695778489112854,,,
1241.0,0.004238881694877314,0.014703088440001011,,,
1242.0,0.004281200904192196,0.01470944657921791,,,
1243.0,0.004325934824688981,0.014709074050188065,,,
1244.0,0.004362145201561765,0.014718343503773212,,,
1245.0,0.004305711237506734,0.014719816856086254,,,
1246.0,0.004206437292870962,0.014723658561706543,,,
1247.0,0.004114303193831196,0.014733058400452137,,,
1248.0,0.004116077063501709,0.014729381538927555,,,
1249.0,0.004189532401247157,0.014745723456144333,0.21970905736088753,,
1250.0,0.004255148363040967,0.014738804660737514,,,
1251.0,0.004263265613311281,0.01475611887872219,,,
1252.0,0.00424170560720894,0.014749603345990181,,,
1253.0,0.004230603086244729,0.014762486331164837,,,
1254.0,0.0042422357157597115,0.014761007390916348,,,
1255.0,0.004234349514202525,0.014768945053219795,,,
1256.0,0.004195503707354268,0.014771630056202412,,,
1257.0,0.004182769930404093,0.01477778423577547,,,
1258.0,0.004234450468017409,0.01477994117885828,,,
1259.0,0.004273275000353655,0.014788096770644188,0.22102762758731842,,
1260.0,0.004278126335702836,0.014787598513066769,,,
1261.0,0.004249870772214813,0.014798062853515148,,,
1262.0,0.004205248476937413,0.014794677495956421,,,
1263.0,0.004201001681439165,0.014807751402258873,,,
1264.0,0.004177517377150555,0.014802662655711174,,,
1265.0,0.0041777675441052355,0.014817295596003532,,,
1266.0,0.00416383440218245,0.014812534675002098,,,
1267.0,0.0041703803063784205,0.014826027676463127,,,
1268.0,0.004150363805755559,0.014824017882347107,,,
1269.0,0.004125977378183355,0.014833392575383186,0.21916498243808746,,
1270.0,0.004113324324910839,0.014836281538009644,,,
1271.0,0.004129770388309326,0.01483926922082901,,,
1272.0,0.004194520702068176,0.014848927967250347,,,
1273.0,0.004225274950731546,0.014845236204564571,,,
1274.0,0.004204063047396226,0.014860887080430984,,,
1275.0,0.004124334623468005,0.014853320084512234,,,
1276.0,0.004073695962110328,0.014871357008814812,,,
1277.0,0.00409149201742063,0.01486274879425764,,,
1278.0,0.004182903897534642,0.014879853464663029,,,
1279.0,0.004260314762230134,0.014874128624796867,0.2192982044070959,,
1280.0,0.0042602013835373025,0.01488676480948925,,,
1281.0,0.004199968206747952,0.014885189943015575,,,
1282.0,0.004154378388646162,0.01489311084151268,,,
1283.0,0.0041613831981602645,0.014895051717758179,,,
1284.0,0.0041588496929034595,0.014900482259690762,,,
1285.0,0.004137692163543155,0.014905859716236591,,,
1286.0,0.004089136630193227,0.014908888377249241,,,
1287.0,0.004087121137417853,0.014914852567017078,,,
1288.0,0.004144190407823771,0.01491870079189539,,,
1289.0,0.004294188094014923,0.014921681955456734,0.22012345306575298,,
1290.0,0.004386735859637459,0.014929049648344517,,,
1291.0,0.004338137248737945,0.014928324148058891,,,
1292.0,0.004156019469309184,0.014939767308533192,,,
1293.0,0.004036507052628116,0.01493499893695116,,,
1294.0,0.004036229247382532,0.01494879461824894,,,
1295.0,0.004099518314728307,0.014945004135370255,,,
1296.0,0.004162410241034296,0.014956952072679996,,,
1297.0,0.0041253776599963505,0.014957518316805363,,,
1298.0,0.0040546416641316484,0.014963277615606785,,0.581805944442749,0.32064253091812134
1299.0,0.004045596521399501,0.01497030258178711,0.21702728979289532,,
1300.0,0.004098355067997343,0.014968397095799446,,,
1301.0,0.004184449693550253,0.014983067288994789,,,
1302.0,0.004141107207008948,0.01497557945549488,,,
1303.0,0.004087738019103805,0.0149946054443717,,,
1304.0,0.004063468161297755,0.014982777647674084,,,
1305.0,0.004158445035573095,0.015002946369349957,,,
1306.0,0.004231070532566971,0.014993730932474136,,,
1307.0,0.0042304728883836,0.015009967610239983,,,
1308.0,0.004126037829555571,0.015004992485046387,,,
1309.0,0.004059513884906968,0.015015912242233753,0.2171586211770773,,
1310.0,0.00409894434398868,0.015015630051493645,,,
1311.0,0.0041388782475971515,0.015022453851997852,,,
1312.0,0.0041712443238227735,0.015027690678834915,,,
1313.0,0.004133458125094572,0.01502935029566288,,,
1314.0,0.004109491601896783,0.01503849495202303,,,
1315.0,0.00407472775110768,0.015039009042084217,,,
1316.0,0.0040492331234013865,0.015045711770653725,,,
1317.0,0.004062865452013082,0.015050401911139488,,,
1318.0,0.004123564594321781,0.015050958842039108,,,
1319.0,0.004232166211327745,0.015060690231621265,0.2188320066779852,,
1320.0,0.0042549557003399565,0.015058035030961037,,,
1321.0,0.004171018468009101,0.015068109147250652,,,
1322.0,0.004033984408403436,0.01506892777979374,,,
1323.0,0.003970224005946268,0.015072649344801903,,,
1324.0,0.004010887458765259,0.015082190744578838,,,
1325.0,0.004133396550443851,0.015078314580023289,,,
1326.0,0.004258024129861345,0.015094348229467869,,,
1327.0,0.00422862163796607,0.015086767263710499,,,
1328.0,0.004122969733758105,0.015102947130799294,,,
1329.0,0.004066303288564086,0.015096484683454037,0.21691878139972687,,
1330.0,0.00406495785780458,0.015107422135770321,,,
1331.0,0.004117308180882699,0.015108494088053703,,,
1332.0,0.004137458246615198,0.015112246386706829,,,
1333.0,0.004178157806293004,0.015119777992367744,,,
1334.0,0.004192382549970514,0.01511926669627428,,,
1335.0,0.004189297693988515,0.01512899063527584,,,
1336.0,0.004150211568921805,0.015127746388316154,,,
1337.0,0.004110333331757122,0.015138376504182816,,,
1338.0,0.00411874216903622,0.01513572409749031,,,
1339.0,0.0041617497258509195,0.015146241523325443,0.2175392583012581,,
1340.0,0.004172178218399899,0.01514520961791277,,,
1341.0,0.0040939263541561865,0.015153900720179081,,,
1342.0,0.003993144911817378,0.015154749155044556,,,
1343.0,0.00394170443708491,0.015161958523094654,,,
1344.0,0.003970161926311751,0.015164362266659737,,,
1345.0,0.004027536553848121,0.015170738101005554,,,
1346.0,0.004065712617917193,0.015174533240497112,,,
1347.0,0.004012417323214727,0.015179801732301712,,,
1348.0,0.003964952963093917,0.015184254385530949,,,
1349.0,0.003974953774983684,0.015187917277216911,0.21500512026250362,,
1350.0,0.0040418802817455595,0.0151944225654006,,,
1351.0,0.0041140965292126765,0.015196002088487148,,,
1352.0,0.004141657604680707,0.015204225666821003,,,
1353.0,0.00415153680395128,0.015204197727143764,,,
1354.0,0.004110068507596022,0.015212388709187508,,,
1355.0,0.004046595706345721,0.015212524682283401,,,
1356.0,0.003994051044962059,0.015221571549773216,,,
1357.0,0.003992692494454483,0.01521955244243145,,,
1358.0,0.004084619952676197,0.015233623795211315,,,
1359.0,0.004162859484656818,0.015225767157971859,0.2177322544157505,,
1360.0,0.004203996709547937,0.015246043913066387,,,
1361.0,0.00408374623576593,0.015233212150633335,,,
1362.0,0.003976426498653988,0.01525415200740099,,,
1363.0,0.003951357914548781,0.015243236906826496,,,
1364.0,0.003998998310675637,0.015259003266692162,,,
1365.0,0.0041164986644354135,0.015257340855896473,,,
1366.0,0.004208760303703861,0.015261232852935791,,,
1367.0,0.004255103019531816,0.015272613614797592,,,
1368.0,0.004102709901053459,0.01526509877294302,,,
1369.0,0.003948829601156629,0.015284492634236813,0.21520999260246754,,
1370.0,0.003880012766716795,0.015271923504769802,,,
1371.0,0.003941053256082038,0.015292552299797535,,0.5866591930389404,0.33600324392318726
1372.0,0.004109029084081865,0.015283930115401745,,,
1373.0,0.004259957245344089,0.015295600518584251,,,
1374.0,0.004254254935723212,0.01529843918979168,,,
1375.0,0.004041633418657714,0.015299194492399693,,,
1376.0,0.003901564772758219,0.015308328904211521,,,
1377.0,0.0038832638554999396,0.015307181514799595,,,
1378.0,0.0039517378786371815,0.015314803458750248,,,
1379.0,0.004066828765337252,0.01531992293894291,0.2157389223575592,,
1380.0,0.004121149943675846,0.015320501290261745,,,
1381.0,0.004100558767095208,0.01533137634396553,,,
1382.0,0.0040230205067847335,0.01532940473407507,,,
1383.0,0.003994899894007378,0.015334260649979115,,,
1384.0,0.003994916085309039,0.015344672836363316,,,
1385.0,0.0040383814818536245,0.015335616655647755,,,
1386.0,0.004108675613016304,0.015357734635472298,,,
1387.0,0.004099001089731852,0.01534348726272583,,,
1388.0,0.00405028638145369,0.015365362167358398,,,
1389.0,0.003970265872259107,0.015354945324361324,0.21496095322072506,,
1390.0,0.0039714119003878695,0.015369911678135395,,,
1391.0,0.004033893310050997,0.015367752872407436,,,
1392.0,0.0041110460377401774,0.015374738723039627,,,
1393.0,0.004127096742546806,0.015379932709038258,,,
1394.0,0.004074246457829657,0.01538105495274067,,,
1395.0,0.004054842940790372,0.0153887327760458,,,
1396.0,0.004053141302946541,0.015388921834528446,,,
1397.0,0.0040516773681156335,0.015397194772958755,,,
1398.0,0.004009792789713376,0.01539798267185688,,,
1399.0,0.003960561301145289,0.01540630403906107,0.21465486660599709,,
1400.0,0.003983071108038227,0.015406317077577114,,,
1401.0,0.004064061258816057,0.01541462354362011,,,
1402.0,0.004162246693029172,0.015415593981742859,,,
1403.0,0.00410335350367758,0.015422230586409569,,,
1404.0,0.003986131636581073,0.015426396392285824,,,
1405.0,0.003901546391296304,0.015426895581185818,,,
1406.0,0.003916536369102283,0.015438941307365894,,,
1407.0,0.004008189234882593,0.015432856976985931,,,
1408.0,0.00408021382909889,0.015448824502527714,,,
1409.0,0.004051840221768038,0.015443909913301468,0.21505851112306118,,
1410.0,0.003967874410510477,0.015453767962753773,,,
1411.0,0.0039516830027827785,0.0154561223462224,,,
1412.0,0.003994041052129534,0.015457003377377987,,,
1413.0,0.004067358485578249,0.015467831864953041,,,
1414.0,0.004062633182232578,0.01546425186097622,,,
1415.0,0.004000483048665854,0.015476884320378304,,,
1416.0,0.00391927510784525,0.01547432690858841,,,
1417.0,0.0038767973204246824,0.015482636168599129,,,
1418.0,0.0038979059910505182,0.015486436896026134,,,
1419.0,0.003945871950385885,0.015486725606024265,0.21333992760628462,,
1420.0,0.004029034310693128,0.015499540604650974,,,
1421.0,0.004054700343145264,0.015492705628275871,,,
1422.0,0.0040639250130496095,0.01550847664475441,,,
1423.0,0.003985517716759609,0.015502874739468098,,,
1424.0,0.003901837129249341,0.01551404781639576,,,
1425.0,0.0038621973898261787,0.015513362362980843,,,
1426.0,0.0039040559861395095,0.01551935076713562,,,
1427.0,0.004033870377784802,0.015523678623139858,,,
1428.0,0.004105002351312174,0.01552600134164095,,,
1429.0,0.0040578573210061425,0.015533706173300743,0.2145378077402711,,
1430.0,0.00391914910197051,0.015533789992332458,,,
1431.0,0.0038498666509985922,0.015541000291705132,,,
1432.0,0.0038949648942798376,0.015543115325272083,,,
1433.0,0.003980587484418518,0.01554726529866457,,,
1434.0,0.00405178165063262,0.01555459201335907,,,
1435.0,0.003979899327322426,0.01555439829826355,,,
1436.0,0.003924576745678981,0.015562177635729313,,,
1437.0,0.003946895466393067,0.015564387664198875,,,
1438.0,0.004046241437447154,0.01556549221277237,,,
1439.0,0.004149316623806953,0.015578038059175014,0.21597586758434772,,
1440.0,0.004124978609227886,0.015569325536489487,,,
1441.0,0.004055292214163475,0.01558876782655716,,,
1442.0,0.003967895843864729,0.015575965866446495,,,
1443.0,0.003953919429073317,0.015594718046486378,,,
1444.0,0.0039675171145548424,0.01558710541576147,,,
1445.0,0.0040168018574412495,0.01559766847640276,,0.5823198556900024,0.30662092566490173
1446.0,0.004036236343543149,0.015600197948515415,,,
1447.0,0.00402275938514827,0.015600892715156078,,,
1448.0,0.0039884945853716795,0.015611751936376095,,,
1449.0,0.003960595008296272,0.015606806613504887,0.213133386336267,,
1450.0,0.00395689092291933,0.015620180405676365,,,
1451.0,0.003930938260681513,0.015615377575159073,,,
1452.0,0.003910575568572515,0.015627462416887283,,,
1453.0,0.003908056894886411,0.0156246367841959,,,
1454.0,0.003946558280796227,0.015633095055818558,,,
1455.0,0.004004316406272765,0.015635453164577484,,,
1456.0,0.004004486387129873,0.015638457611203194,,,
1457.0,0.003945230655889544,0.01564727909862995,,,
1458.0,0.003875656481573565,0.015643954277038574,,,
1459.0,0.0038449610609354243,0.015657849609851837,0.21206668112426996,,
1460.0,0.003863690530674325,0.015651032328605652,,,
1461.0,0.0039033905429662103,0.01566636562347412,,,
1462.0,0.003936810830038869,0.015661543235182762,,,
1463.0,0.003926938995977657,0.015672221779823303,,,
1464.0,0.003924020570702851,0.015673821792006493,,,
1465.0,0.003938946754982074,0.015676550567150116,,,
1466.0,0.003933548540290859,0.0156851876527071,,,
1467.0,0.0038868804022462833,0.01568259298801422,,,
1468.0,0.0038121246062736546,0.015694474801421165,,,
1469.0,0.003780655952480932,0.015689240768551826,0.2112442348152399,,
1470.0,0.0038145419005821976,0.015703361481428146,,,
1471.0,0.0038962783025474185,0.015697933733463287,,,
1472.0,0.003967121268312136,0.015710672363638878,,,
1473.0,0.003956417101176663,0.01571025140583515,,,
1474.0,0.003911918269004673,0.01571483723819256,,,
1475.0,0.003911269107678284,0.015723152086138725,,,
1476.0,0.003993458406378826,0.015718087553977966,,,
1477.0,0.004068302704642216,0.01573421247303486,,,
1478.0,0.004067468936555087,0.015724657103419304,,,
1479.0,0.004001582993660122,0.01574189029633999,0.21391560416668653,,
1480.0,0.003926297097932547,0.015732528641819954,,,
1481.0,0.003895714311963982,0.0157488826662302,,,
1482.0,0.003897369680667503,0.01574181206524372,,,
1483.0,0.003929189964352797,0.01575441099703312,,,
1484.0,0.0039697457060942215,0.01575387641787529,,,
1485.0,0.004011584278196097,0.015757273882627487,,,
1486.0,0.004030491096329772,0.015765877440571785,,,
1487.0,0.004003246924063812,0.015762263908982277,,,
1488.0,0.003963663899598437,0.015773773193359375,,,
1489.0,0.003953009646696349,0.01577167399227619,0.21207896620035172,,
1490.0,0.003953887761260072,0.01577887497842312,,,
1491.0,0.003955903737547083,0.015781065449118614,,,
1492.0,0.003935199946992927,0.015785925090312958,,,
1493.0,0.0039057267009694543,0.015787478536367416,,,
1494.0,0.0039266238418511215,0.015795405954122543,,,
1495.0,0.003970497702507095,0.01579272747039795,,,
1496.0,0.00401663493235699,0.015804504975676537,,,
1497.0,0.003970688317333245,0.015801463276147842,,,
1498.0,0.0039046010695811774,0.01581011340022087,,,
1499.0,0.003864515577442944,0.01581403985619545,0.21178674418479204,,
1500.0,0.0038913027468758326,0.01581178605556488,,,
1501.0,0.003960598259129458,0.01582811027765274,,,
1502.0,0.003958202296505785,0.01581485942006111,,,
1503.0,0.0039142498177372744,0.015839630737900734,,,
1504.0,0.00383469465887174,0.01582155004143715,,,
1505.0,0.0038041932945553627,0.01584688574075699,,,
1506.0,0.0038266043934143254,0.015833253040909767,,,
1507.0,0.0038566047139465807,0.015849148854613304,,,
1508.0,0.003865538787924581,0.015849266201257706,,,
1509.0,0.0038319071853119466,0.015849271789193153,0.21071763895452023,,
1510.0,0.0038214943883940577,0.015863941982388496,,,
1511.0,0.0038242378272116185,0.015853501856327057,,,
1512.0,0.003857343162720402,0.015872463583946228,,,
1513.0,0.0038740163485312625,0.015864133834838867,,,
1514.0,0.003933519060568263,0.0158754363656044,,,
1515.0,0.004012238680022872,0.015877334401011467,,,
1516.0,0.004047409045613474,0.01587800681591034,,,
1517.0,0.0039848837820399136,0.015888340771198273,,,
1518.0,0.0038652809054797723,0.01588367111980915,,,
1519.0,0.0038474474684335293,0.015894411131739616,0.21049998700618744,0.5791821479797363,0.3021038770675659
1520.0,0.003940336375186841,0.01589353196322918,,,
1521.0,0.00403894163073144,0.015899017453193665,,,
1522.0,0.003987859131302685,0.015904739499092102,,,
1523.0,0.0038309197352888683,0.01590542495250702,,,
1524.0,0.0037311328670734333,0.015913385897874832,,,
1525.0,0.0037416718343997167,0.01591365598142147,,,
1526.0,0.0038244774867780508,0.015920773148536682,,,
1527.0,0.003929617840848449,0.015925027430057526,,,
1528.0,0.00394751019594777,0.015928160399198532,,,
1529.0,0.0039782167901285,0.015935109928250313,0.21264388598501682,,
1530.0,0.004004910228670471,0.015936249867081642,,,
1531.0,0.004050248386079653,0.01594110019505024,,,
1532.0,0.0038927509014805156,0.015947140753269196,,,
1533.0,0.003752067140562253,0.015943776816129684,,,
1534.0,0.0037360592178689936,0.015959396958351135,,,
1535.0,0.0038210912320452432,0.015947578474879265,,,
1536.0,0.003949296743764231,0.015970056876540184,,,
1537.0,0.003941116399235196,0.01595691405236721,,,
1538.0,0.0038770764282283683,0.015976324677467346,,,
1539.0,0.0038018055301573543,0.015967601910233498,0.2100943075492978,,
1540.0,0.0038083982977291774,0.01597960665822029,,,
1541.0,0.0038186381770194404,0.015978828072547913,,,
1542.0,0.003832775628866835,0.015983477234840393,,,
1543.0,0.0038677721962125764,0.01598851941525936,,,
1544.0,0.003923984495146821,0.0159908477216959,,,
1545.0,0.0039608028381028105,0.015994900837540627,,,
1546.0,0.0038902760674763056,0.01600090228021145,,,
1547.0,0.003766216714349058,0.01600106619298458,,,
1548.0,0.00370759022111694,0.016009345650672913,,,
1549.0,0.0037768836873066096,0.01600809581577778,0.2087676888331771,,
1550.0,0.003951692515984178,0.01601528190076351,,,
1551.0,0.004101196284819808,0.016018064692616463,,,
1552.0,0.0040344546962943345,0.016021156683564186,,,
1553.0,0.003854480963976433,0.016025705263018608,,,
1554.0,0.0037339057201623087,0.01602751947939396,,,
1555.0,0.003720884638476289,0.016030684113502502,,,
1556.0,0.0038149432830202083,0.016036812216043472,,,
1557.0,0.003942289607237197,0.01603788509964943,,,
1558.0,0.004007251768942095,0.016046108677983284,,,
1559.0,0.003919307048329049,0.016047829762101173,0.21158333122730255,,
1560.0,0.003821834647614095,0.016050826758146286,,,
1561.0,0.003776167781971809,0.01605844683945179,,,
1562.0,0.003790234362758282,0.016053901985287666,,,
1563.0,0.003791870304590298,0.01607026346027851,,,
1564.0,0.0038018657342116864,0.0160596314817667,,,
1565.0,0.0038201588563000163,0.01607891172170639,,,
1566.0,0.0038541544624604283,0.016070222482085228,,,
1567.0,0.003896537989947117,0.016083188354969025,,,
1568.0,0.003888878537238472,0.01608242094516754,,,
1569.0,0.0038618099705005687,0.016087055206298828,0.21009164955466986,,
1570.0,0.003834378023683611,0.016093285754323006,,,
1571.0,0.0038159527075994344,0.0160923320800066,,,
1572.0,0.0038115151583527525,0.016102006658911705,,,
1573.0,0.003806068295768152,0.0161002017557621,,,
1574.0,0.003803606977324105,0.01610928401350975,,,
1575.0,0.0037918520157432392,0.016109030693769455,,,
1576.0,0.0037695374513148435,0.016116924583911896,,,
1577.0,0.0037425519932164915,0.01611742377281189,,,
1578.0,0.0037125613351559473,0.016126057133078575,,,
1579.0,0.0037160696285880273,0.016124363988637924,0.20811074413359165,,
1580.0,0.003758354209777382,0.016135364770889282,,,
1581.0,0.003846520609739754,0.016132093966007233,,,
1582.0,0.00391095866345697,0.016142915934324265,,,
1583.0,0.0039158875399476125,0.016141371801495552,,,
1584.0,0.0038202830497175455,0.016148671507835388,,,
1585.0,0.0037458107315210833,0.016150765120983124,,,
1586.0,0.0037161100733404356,0.016153408214449883,,,
1587.0,0.003739892383778675,0.016161134466528893,,,
1588.0,0.0037899063975136314,0.01615976169705391,,,
1589.0,0.0038199502902312413,0.016170114278793335,0.20902798231691122,,
1590.0,0.003824641254937483,0.016169719398021698,,,
1591.0,0.003819720513290829,0.01617478020489216,,,
1592.0,0.0038524356292974618,0.01618148386478424,,,
1593.0,0.003920391155665533,0.016178295016288757,,,
1594.0,0.003952147797422691,0.016190456226468086,,0.5866580605506897,0.2993854582309723
1595.0,0.003939604323564304,0.01618557795882225,,,
1596.0,0.0038424784108065067,0.01619563437998295,,,
1597.0,0.0037857525630129707,0.016194729134440422,,,
1598.0,0.0038017599222560723,0.016201049089431763,,,
1599.0,0.00389608002293648,0.016202541068196297,0.209907834418118,,
1600.0,0.003985564169836127,0.01620921678841114,,,
1601.0,0.003943122098894997,0.016209060326218605,,,
1602.0,0.003792169900973224,0.016217531636357307,,,
1603.0,0.003691543536260724,0.016215434297919273,,,
1604.0,0.0037032837932929395,0.01622418873012066,,,
1605.0,0.00380032687396225,0.016223998740315437,,,
1606.0,0.003919764848477725,0.016231359913945198,,,
1607.0,0.0039049912127666177,0.016232870519161224,,,
1608.0,0.0037994185416027905,0.016238704323768616,,,
1609.0,0.003701979137646655,0.016239697113633156,0.2075472017750144,,
1610.0,0.0036961824477960664,0.01624673791229725,,,
1611.0,0.003742520505717645,0.01624547317624092,,,
1612.0,0.00380815722177633,0.01625674031674862,,,
1613.0,0.003827620499715623,0.016251470893621445,,,
1614.0,0.0038111321860924362,0.016266321763396263,,,
1615.0,0.0037841889479508003,0.01625874638557434,,,
1616.0,0.0037377731590014364,0.01627245731651783,,,
1617.0,0.003697460530998392,0.016268229112029076,,,
1618.0,0.003682837261714869,0.016276616603136063,,,
1619.0,0.0037047733751953476,0.016279146075248718,0.2073303535580635,,
1620.0,0.0037590753054246306,0.01628168113529682,,,
1621.0,0.0038109794065045812,0.01628909818828106,,,
1622.0,0.003837347513375183,0.01628982461988926,,,
1623.0,0.003828235753915376,0.016295529901981354,,,
1624.0,0.003796467028506514,0.01629893109202385,,,
1625.0,0.003760708277631137,0.016300827264785767,,,
1626.0,0.0037238951723298267,0.01630723848938942,,,
1627.0,0.0037337796172748007,0.016307853162288666,,,
1628.0,0.003772505012133883,0.016314752399921417,,,
1629.0,0.0038531732158217993,0.01631581410765648,0.20917945448309183,,
1630.0,0.0038803034094679685,0.016322629526257515,,,
1631.0,0.0038872444800411663,0.016321606934070587,,,
1632.0,0.0038704999453491634,0.01633155532181263,,,
1633.0,0.0038303781975992024,0.01632426492869854,,,
1634.0,0.003829529113136232,0.016341278329491615,,,
1635.0,0.0037925951138863133,0.016329769045114517,,,
1636.0,0.0037881746888160706,0.01634795591235161,,,
1637.0,0.003773329842628704,0.01634073629975319,,,
1638.0,0.003792981098199056,0.016349872574210167,,,
1639.0,0.0038203768861583536,0.016354791820049286,0.20830268505960703,,
1640.0,0.0038222690829489794,0.016350645571947098,,,
1641.0,0.0038181700842041108,0.01636620983481407,,,
1642.0,0.003796754793729633,0.0163556057959795,,,
1643.0,0.003810343528425114,0.016372425481677055,,,
1644.0,0.0037904094570937255,0.016365384683012962,,,
1645.0,0.00376664198986772,0.0163771640509367,,,
1646.0,0.0037210818302507204,0.016376061365008354,,,
1647.0,0.0036999532324261965,0.01638171635568142,,,
1648.0,0.0037284450439943207,0.01638643629848957,,,
1649.0,0.0037972881629442174,0.01638713851571083,0.20781330578029156,,
1650.0,0.0038347375131626096,0.016395781189203262,,,
1651.0,0.003810816364000655,0.016394346952438354,,,
1652.0,0.0037469212607377103,0.0164031945168972,,,
1653.0,0.0037202569174890716,0.0164013784378767,,,
1654.0,0.003754406204033229,0.016410652548074722,,,
1655.0,0.003795918240211904,0.016407649964094162,,,
1656.0,0.003834556341947367,0.016419794410467148,,,
1657.0,0.0038004396193557317,0.01641351357102394,,,
1658.0,0.003754738913072894,0.01642766036093235,,,
1659.0,0.0037098019148430065,0.01642029918730259,0.2074821786954999,,
1660.0,0.0037215971470706995,0.01643380895256996,,,
1661.0,0.0037782070527060166,0.016429616138339043,,,
1662.0,0.0038569769612513483,0.01643754169344902,,,
1663.0,0.003927275719276319,0.01644088141620159,,,
1664.0,0.0038892911734162935,0.016440948471426964,,,
1665.0,0.003828891213828077,0.016449734568595886,,,
1666.0,0.003741016415103028,0.01644822396337986,,,
1667.0,0.0037116248856505587,0.016454776749014854,,0.5755501985549927,0.3075309991836548
1668.0,0.003707375730284386,0.016458429396152496,,,
1669.0,0.0037409797815295557,0.01645834557712078,0.20679943542927504,,
1670.0,0.003783539074421343,0.016467956826090813,,,
1671.0,0.003789224663697597,0.016464266926050186,,,
1672.0,0.0037778592730561894,0.016475291922688484,,,
1673.0,0.0037353106989111338,0.01647297479212284,,,
1674.0,0.0037065287268099687,0.016480926424264908,,,
1675.0,0.0036957473046560253,0.016482505947351456,,,
1676.0,0.0037187841749336155,0.01648639142513275,,,
1677.0,0.003758694423724794,0.016490932554006577,,,
1678.0,0.0037836612235858207,0.016493359580636024,,,
1679.0,0.003816910720585535,0.016497323289513588,0.20805236604064703,,
1680.0,0.003794145006686449,0.016502462327480316,,,
1681.0,0.0037750832203568684,0.016501400619745255,,,
1682.0,0.003717022815512286,0.016511915251612663,,,
1683.0,0.0036900589757391977,0.016505591571331024,,,
1684.0,0.003696523484411753,0.016521001234650612,,,
1685.0,0.0037350776576850976,0.016512569040060043,,,
1686.0,0.0037933442063836586,0.016528228297829628,,,
1687.0,0.0037976464732653566,0.016522100195288658,,,
1688.0,0.0037909227413021854,0.01653408259153366,,,
1689.0,0.003744656722733958,0.01653146557509899,0.2079162709414959,,
1690.0,0.0037361242911881872,0.016539396718144417,,,
1691.0,0.003723251771233562,0.01654004491865635,,,
1692.0,0.0037219674272152285,0.0165454912930727,,,
1693.0,0.003694383186650359,0.016548193991184235,,,
1694.0,0.003678914554572354,0.016552818939089775,,,
1695.0,0.0036783628936650024,0.0165557824075222,,,
1696.0,0.0037144414876173768,0.016559509560465813,,,
1697.0,0.0037825298549917837,0.016564853489398956,,,
1698.0,0.0038233836207331885,0.016564108431339264,,,
1699.0,0.003826592979538772,0.016575025394558907,0.2081856792792678,,
1700.0,0.0037206550100300877,0.01656833291053772,,,
1701.0,0.0036359465308487414,0.01658541150391102,,,
1702.0,0.0035921798317900136,0.016573145985603333,,,
1703.0,0.003613554420104871,0.016593288630247116,,,
1704.0,0.0036728761725438137,0.01658218540251255,,,
1705.0,0.0037281042753925754,0.01659737154841423,,,
1706.0,0.003747635460976097,0.01659543812274933,,,
1707.0,0.0037170043147893416,0.01659989356994629,,,
1708.0,0.003675464921527439,0.0166068896651268,,,
1709.0,0.0036408489665740893,0.016605069860816002,0.20525030605494976,,
1710.0,0.003640902353088475,0.01661428064107895,,,
1711.0,0.003673904418376171,0.016613740473985672,,,
1712.0,0.0037374297459609805,0.01661856472492218,,,
1713.0,0.003791770161802156,0.016624413430690765,,,
1714.0,0.0038070144382719366,0.016623008996248245,,,
1715.0,0.0037493175881293914,0.01663312315940857,,,
1716.0,0.003695249082779305,0.016630008816719055,,,
1717.0,0.0036844127270806997,0.016637926921248436,,,
1718.0,0.0037390525551098917,0.016638612374663353,,,
1719.0,0.003807735203558372,0.016642944887280464,0.20678124390542507,,
1720.0,0.003825536613714778,0.016646582633256912,,,
1721.0,0.0037398824729542764,0.016649343073368073,,,
1722.0,0.0036402903949945336,0.01665201410651207,,,
1723.0,0.0035967297875322403,0.01665722206234932,,,
1724.0,0.0036074136683924333,0.016656596213579178,,,
1725.0,0.003647979960207724,0.016666490584611893,,,
1726.0,0.003661114100832492,0.016663076356053352,,,
1727.0,0.003636885902378708,0.0166744664311409,,,
1728.0,0.0035938620906219715,0.0166716780513525,,,
1729.0,0.0035986903291713034,0.0166795514523983,0.204563413746655,,
1730.0,0.0036387909672016073,0.016683053225278854,,,
1731.0,0.0037284702541203136,0.01668231002986431,,,
1732.0,0.003806778976124608,0.016694746911525726,,,
1733.0,0.003859148657001141,0.01668662205338478,,,
1734.0,0.0038314818567596375,0.01670197583734989,,,
1735.0,0.003720378069879694,0.0166937205940485,,,
1736.0,0.0036284701130352916,0.01670721359550953,,,
1737.0,0.0035900497095038494,0.01670134626328945,,,
1738.0,0.0036411313453896177,0.01671317219734192,,,
1739.0,0.0037466629353972774,0.016711106523871422,0.20667858235538006,,
1740.0,0.0038233771454542877,0.016717985272407532,,,
1741.0,0.0038107853152582216,0.01672254502773285,,,
1742.0,0.003714862396267967,0.01672082208096981,,0.5791395306587219,0.3032217025756836
1743.0,0.0036718851739230255,0.01673169434070587,,,
1744.0,0.003676580369679464,0.01672571711242199,,,
1745.0,0.003735366234711061,0.01673903316259384,,,
1746.0,0.003743249637126509,0.01673390343785286,,,
1747.0,0.0037378223687927754,0.016744548454880714,,,
1748.0,0.0037014418625686734,0.01674225553870201,,,
1749.0,0.003676226561785572,0.01674901507794857,0.2053486779332161,,
1750.0,0.003679713062528107,0.016751421615481377,,,
1751.0,0.0036927530565299092,0.01675303466618061,,,
1752.0,0.003730533421298282,0.01676134392619133,,,
1753.0,0.003758315159421828,0.01675797626376152,,,
1754.0,0.003775427099834714,0.016770124435424805,,,
1755.0,0.0036982232942763303,0.016763634979724884,,,
1756.0,0.0036163559100694125,0.01677858456969261,,,
1757.0,0.0035704565901930134,0.01676834560930729,,,
1758.0,0.003577870796693282,0.016786325722932816,,,
1759.0,0.003624790472547627,0.01677614450454712,0.20359947718679905,,
1760.0,0.0036538500770822995,0.01679222099483013,,,
1761.0,0.0036719756281106838,0.0167864877730608,,,
1762.0,0.0036657275339692,0.016795674338936806,,,
1763.0,0.0036755792077423797,0.016796469688415527,,,
1764.0,0.003705911733624008,0.0168004147708416,,,
1765.0,0.003767951481923875,0.01680353283882141,,,
1766.0,0.0038065339487770365,0.016808468848466873,,,
1767.0,0.0037874306324455474,0.01680811680853367,,,
1768.0,0.0037232369624285236,0.01681714504957199,,,
1769.0,0.003666794294905331,0.016812309622764587,0.20580312237143517,,
1770.0,0.0036602668133046893,0.016823623329401016,,,
1771.0,0.0037093072306985655,0.016820434480905533,,,
1772.0,0.0037339742955130833,0.016827477142214775,,,
1773.0,0.0037176159031999606,0.016831448301672935,,,
1774.0,0.0036679178786774478,0.016829838976264,,,
1775.0,0.003654888729668326,0.01684221811592579,,,
1776.0,0.003675519213494327,0.016833776608109474,,,
1777.0,0.003705446227557129,0.016850022599101067,,,
1778.0,0.0036741421563136908,0.01684180647134781,,,
1779.0,0.003629706097094135,0.016855517402291298,0.2043566508218646,,
1780.0,0.0036001645194159615,0.01685084030032158,,,
1781.0,0.0036339622081464364,0.016860414296388626,,,
1782.0,0.003690080945380032,0.016859982162714005,,,
1783.0,0.0037509256042540075,0.016866236925125122,,,
1784.0,0.0037058409290491707,0.016868535429239273,,,
1785.0,0.003662226581687315,0.01687186025083065,,,
1786.0,0.0036453935643658043,0.016876162961125374,,,
1787.0,0.0036857211380265653,0.016876962035894394,,,
1788.0,0.003738038855760048,0.016884401440620422,,,
1789.0,0.0036975717200483714,0.016882140189409256,0.20470746513456106,,
1790.0,0.0036508603593231074,0.01689271815121174,,,
1791.0,0.0036222347006615663,0.016887973994016647,,,
1792.0,0.003665212884079665,0.01689819060266018,,,
1793.0,0.003723899945616722,0.016897697001695633,,,
1794.0,0.0037515124952834512,0.016900578513741493,,,
1795.0,0.0037478561867545874,0.016909219324588776,,,
1796.0,0.0036892896763876908,0.01690305583178997,,,
1797.0,0.003646447218488902,0.016919046640396118,,,
1798.0,0.0035907452548336652,0.01690824143588543,,,
1799.0,0.0035741908848285677,0.01692671701312065,0.20336483791470528,,
1800.0,0.0035847868563400375,0.016916923224925995,,,
1801.0,0.0036182689361481204,0.01693078875541687,,,
1802.0,0.0036569172710490725,0.016928695142269135,,,
1803.0,0.003651683801629891,0.016933023929595947,,,
1804.0,0.0036353250657622186,0.01693912222981453,,,
1805.0,0.003602872550642739,0.016937602311372757,,,
1806.0,0.0036162620480172337,0.016945594921708107,,,
1807.0,0.0036507217917177413,0.016946563497185707,,,
1808.0,0.0037274355619835355,0.0169496089220047,,,
1809.0,0.0037263004805168343,0.016957128420472145,0.2049704436212778,,
1810.0,0.003693385283307483,0.01695556379854679,,,
1811.0,0.003588928181108915,0.01696404628455639,,,
1812.0,0.003526791281118575,0.016964180395007133,,,
1813.0,0.003528248506287734,0.016968460753560066,,,
1814.0,0.003578740335845699,0.01697392761707306,,,
1815.0,0.0036455557914450766,0.01697462983429432,,,
1816.0,0.0036820140442190073,0.016981052234768867,,,
1817.0,0.0037035408393583363,0.016983455047011375,,0.5801889896392822,0.3072260618209839
1818.0,0.003699944051137815,0.016985001042485237,,,
1819.0,0.0036805714910022086,0.016992641612887383,0.20452640019357204,,
1820.0,0.0036098527996283438,0.01699068583548069,,,
1821.0,0.0035663204055486454,0.016997916623950005,,,
1822.0,0.0035981566740924285,0.01700076274573803,,,
1823.0,0.0036627450805260904,0.016999514773488045,,,
1824.0,0.0037244553005115854,0.01701347716152668,,,
1825.0,0.003660954755679187,0.017002573236823082,,,
1826.0,0.003602785632893857,0.01702185347676277,,,
1827.0,0.0035684686650832493,0.017010409384965897,,,
1828.0,0.003595889493978272,0.017024150118231773,,,
1829.0,0.003637132166315698,0.017022637650370598,0.20302847120910883,,
1830.0,0.0036396999165622724,0.017025191336870193,,,
1831.0,0.003651732997710092,0.017033956944942474,,,
1832.0,0.003627697142979337,0.017029082402586937,,,
1833.0,0.00363680977270835,0.017039842903614044,,,
1834.0,0.00362920593832516,0.01703728921711445,,,
1835.0,0.0036249299538839196,0.017043335363268852,,,
1836.0,0.003619851553553922,0.017047006636857986,,,
1837.0,0.0035990333280319143,0.017048479989171028,,,
1838.0,0.0035930990538973777,0.01705445535480976,,,
1839.0,0.00358513310060112,0.017057307064533234,0.20314348582178354,,
1840.0,0.0036142799165099857,0.017058372497558594,,,
1841.0,0.003651723576347447,0.017067668959498405,,,
1842.0,0.0036790406238287688,0.017062313854694366,,,
1843.0,0.0036861768980614015,0.01707475259900093,,,
1844.0,0.0036704802432925335,0.01706952415406704,,,
1845.0,0.003654249148288121,0.017078563570976257,,,
1846.0,0.0036659166374657715,0.017078977078199387,,,
1847.0,0.003659325708479931,0.01708325929939747,,,
1848.0,0.003617893625826885,0.017087098211050034,,,
1849.0,0.003556919201121976,0.017090322449803352,0.20274528581649065,,
1850.0,0.0035190521048692365,0.017092708498239517,,,
1851.0,0.003533546715302186,0.017098383978009224,,,
1852.0,0.0035939477518614794,0.01709810271859169,,,
1853.0,0.003661209298039062,0.017105545848608017,,,
1854.0,0.003679441132893165,0.01710541732609272,,,
1855.0,0.0036748041639414926,0.017110208049416542,,,
1856.0,0.0036326663338372275,0.017114633694291115,,,
1857.0,0.0036265940100161567,0.017113151028752327,,,
1858.0,0.0036429856549431055,0.01712457276880741,,,
1859.0,0.003666603978102406,0.01711740903556347,0.2040607137605548,,
1860.0,0.0037030236658433247,0.017132490873336792,,,
1861.0,0.0036732191597628923,0.017124513164162636,,,
1862.0,0.0036365770895241036,0.017137601971626282,,,
1863.0,0.0035775599263918895,0.0171327106654644,,,
1864.0,0.0035489191295993,0.01714170351624489,,,
1865.0,0.003544093087160339,0.017141804099082947,,,
1866.0,0.0035661581877825988,0.01714596152305603,,,
1867.0,0.0035995957881419195,0.017152059823274612,,,
1868.0,0.003624489348795679,0.017150213941931725,,,
1869.0,0.003670140688514544,0.017161471769213676,0.20327852480113506,,
1870.0,0.0036427469652456543,0.01715598814189434,,,
1871.0,0.003623988771190246,0.01716848462820053,,,
1872.0,0.003587673372951233,0.01716289110481739,,,
1873.0,0.0036114364919356172,0.017173409461975098,,,
1874.0,0.0036524918126977154,0.017170973122119904,,,
1875.0,0.003679670320513348,0.017178205773234367,,,
1876.0,0.003639863955322653,0.01717880554497242,,,
1877.0,0.003554308782590346,0.017183613032102585,,,
1878.0,0.0035155036008088954,0.017186075448989868,,,
1879.0,0.0035194194448801377,0.017189139500260353,0.2015303885564208,,
1880.0,0.0035782880677531163,0.01719399355351925,,,
1881.0,0.0036393113224767147,0.017195776104927063,,,
1882.0,0.0036624950589612126,0.017200317233800888,,,
1883.0,0.00363975661366971,0.017204344272613525,,,
1884.0,0.0036167600771619215,0.01720365695655346,,,
1885.0,0.0036202554678958325,0.01721280999481678,,,
1886.0,0.0036582406455030044,0.017207717522978783,,,
1887.0,0.0036824901065685683,0.01721959188580513,,,
1888.0,0.0036764046389402617,0.01721527799963951,,,
1889.0,0.003629413719754666,0.017225075513124466,0.20322991255670786,,
1890.0,0.003560224054639952,0.017223726958036423,,,
1891.0,0.0035052944313631288,0.01723155751824379,,0.5885838866233826,0.29308414459228516
1892.0,0.0035187505294258397,0.0172309260815382,,,
1893.0,0.003571145154742731,0.017239175736904144,,,
1894.0,0.0036544394759564763,0.017237629741430283,,,
1895.0,0.003679173656532334,0.017246412113308907,,,
1896.0,0.0036386301733242967,0.01724344678223133,,,
1897.0,0.0035785066080279647,0.017252597957849503,,,
1898.0,0.003528318572272029,0.01724962703883648,,,
1899.0,0.0035334743520555397,0.017258604988455772,0.201478716917336,,
1900.0,0.0035374296761842236,0.017257068306207657,,,
1901.0,0.0035520864743739367,0.01726476475596428,,,
1902.0,0.003529432343526019,0.01726539246737957,,,
1903.0,0.0035281629001514777,0.017270462587475777,,,
1904.0,0.0035417105803369647,0.01727272756397724,,,
1905.0,0.003558686123384784,0.017276989296078682,,,
1906.0,0.0035539601207710803,0.017278708517551422,,,
1907.0,0.003525817173584882,0.017284607514739037,,,
1908.0,0.0035202667973418204,0.017283642664551735,,,
1909.0,0.00354523623155223,0.01729258894920349,0.20192822255194187,,
1910.0,0.0036019473804885316,0.01728920266032219,,,
1911.0,0.003635171714704484,0.017299778759479523,,,
1912.0,0.0036308389770177505,0.017296038568019867,,,
1913.0,0.0035711218869417076,0.017305459827184677,,,
1914.0,0.0035312495639340745,0.017303578555583954,,,
1915.0,0.00350436179433018,0.01731119118630886,,,
1916.0,0.0035031514938196374,0.017311958596110344,,,
1917.0,0.0035030493028979336,0.017316335812211037,,,
1918.0,0.0035177387915448183,0.01732190139591694,,,
1919.0,0.0035427118354063067,0.017319971695542336,0.20130737032741308,,
1920.0,0.0035711015520306926,0.017331412062048912,,,
1921.0,0.003579773233893017,0.01732442155480385,,,
1922.0,0.003556067184286399,0.017338579520583153,,,
1923.0,0.0035319349480172,0.017331156879663467,,,
1924.0,0.003557711404023899,0.017343467101454735,,,
1925.0,0.003593580636144098,0.01733982004225254,,,
1926.0,0.003620109847332868,0.017347753047943115,,,
1927.0,0.003601132131750799,0.01734764315187931,,,
1928.0,0.0035570233488558894,0.01735299453139305,,,
1929.0,0.003568417594198965,0.017353743314743042,0.20160019863396883,,
1930.0,0.003606468691594071,0.017358187586069107,,,
1931.0,0.0036670729132472642,0.017362000420689583,,,
1932.0,0.003624537453158862,0.017362497746944427,,,
1933.0,0.003558757326617423,0.01737167127430439,,,
1934.0,0.0035192187409847976,0.01736588217318058,,,
1935.0,0.0035951741670982706,0.017378857359290123,,,
1936.0,0.00368996602224393,0.017372936010360718,,,
1937.0,0.003673769514231632,0.017382901161909103,,,
1938.0,0.0035559311115907297,0.017382299527525902,,,
1939.0,0.0034632380635270642,0.017384551465511322,0.20063146855682135,,
1940.0,0.0034738069697697127,0.017393041402101517,,,
1941.0,0.0035447975993156433,0.017387663945555687,,,
1942.0,0.003574333518433074,0.017402878031134605,,,
1943.0,0.00351608779358988,0.017394250258803368,,,
1944.0,0.003427742125156025,0.017410660162568092,,,
1945.0,0.0034179025942770143,0.017400776967406273,,,
1946.0,0.003509558940358046,0.017415642738342285,,,
1947.0,0.003636734636966139,0.017410380765795708,,,
1948.0,0.0036758650060639613,0.017420699819922447,,,
1949.0,0.0036308771534822883,0.017418744042515755,0.20288540795445442,,
1950.0,0.003613652576847623,0.017425747588276863,,,
1951.0,0.0035980393525419964,0.01742357201874256,,,
1952.0,0.003564133108076122,0.01743124984204769,,,
1953.0,0.003480248387592534,0.017430180683732033,,,
1954.0,0.0034355690255243746,0.017435312271118164,,,
1955.0,0.003443156493206819,0.01743999309837818,,,
1956.0,0.0035106365400780406,0.01743835024535656,,,
1957.0,0.0035779551142412756,0.017449507489800453,,,
1958.0,0.003587995666700105,0.01744411513209343,,,
1959.0,0.0035614350582990383,0.01745525375008583,0.20073085092008114,,
1960.0,0.0035284574531639617,0.017451824620366096,,,
1961.0,0.0035273560327995154,0.01745806261897087,,,
1962.0,0.003539894533654054,0.01746055670082569,,,
1963.0,0.0035566213271684115,0.01746237650513649,,,
1964.0,0.0035902921726099317,0.017467351630330086,,,
1965.0,0.0036077333903974957,0.01746957004070282,,,
1966.0,0.0036443258001882996,0.01747176982462406,,0.5916675329208374,0.325851172208786
1967.0,0.003628344050763796,0.017477042973041534,,,
1968.0,0.0036013135373488894,0.017477236688137054,,,
1969.0,0.003560739745023764,0.017482496798038483,0.20128062181174755,,
1970.0,0.0035397453003356027,0.017484698444604874,,,
1971.0,0.003557704584155646,0.017486583441495895,,,
1972.0,0.0035651875258837307,0.017493024468421936,,,
1973.0,0.003563830575440079,0.017492074519395828,,,
1974.0,0.003496529797816442,0.01749960146844387,,,
1975.0,0.0034605434805982643,0.017500223591923714,,,
1976.0,0.00343350245229279,0.01750418357551098,,,
1977.0,0.003457398107275367,0.017510348930954933,,,
1978.0,0.0034784195406569376,0.0175093375146389,,,
1979.0,0.003495285588109659,0.017518291249871254,0.19980397913604975,,
1980.0,0.003469563833075679,0.017516808584332466,,,
1981.0,0.0034656718171512087,0.017522605136036873,,,
1982.0,0.0034985138155106043,0.017525671049952507,,,
1983.0,0.0035293513301035595,0.017525507137179375,,,
1984.0,0.0035597791318367753,0.01753578521311283,,,
1985.0,0.003544160091680371,0.017528856173157692,,,
1986.0,0.0035294817864067025,0.017543476074934006,,,
1987.0,0.0034878557110722694,0.017535289749503136,,,
1988.0,0.0034612695254488952,0.01754775084555149,,,
1989.0,0.003442703611217439,0.017544392496347427,0.19921998120844364,,
1990.0,0.0034630536125041544,0.01755104959011078,,,
1991.0,0.003532349097335504,0.017553230747580528,,,
1992.0,0.0035849377846655745,0.01755654439330101,,,
1993.0,0.0036019443526553612,0.017558876425027847,,,
1994.0,0.0035632095969696013,0.017565706744790077,,,
1995.0,0.0035262465223463045,0.017560694366693497,,,
1996.0,0.003548062277906057,0.017574984580278397,,,
1997.0,0.0035870259464718403,0.017565740272402763,,,
1998.0,0.003627799413839562,0.017580393701791763,,,
1999.0,0.003560981463330487,0.017575740814208984,0.20130250789225101,,
2000.0,0.0035031760026079913,0.017582781612873077,,,
2001.0,0.003469183429196063,0.01758546382188797,,,
2002.0,0.0034869272991394002,0.017585689201951027,,,
2003.0,0.003513925457631962,0.01759413257241249,,,
2004.0,0.0035379361030128268,0.017590388655662537,,,
2005.0,0.003542057797054036,0.017601441591978073,,,
2006.0,0.003537156071720852,0.01759624294936657,,,
2007.0,0.0035464495627416503,0.01760771870613098,,,
2008.0,0.003518758666080733,0.017603013664484024,,,
2009.0,0.0034841009410512117,0.01761436089873314,0.19991767965257168,,
2010.0,0.0034391351659885713,0.017608754336833954,,,
2011.0,0.0034309329762537448,0.01762150041759014,,,
2012.0,0.003466038898461395,0.017615169286727905,,,
2013.0,0.0035447125263615613,0.017626497894525528,,,
2014.0,0.0036104485302025247,0.017625480890274048,,,
2015.0,0.003638571546050823,0.017628418281674385,,,
2016.0,0.0036107140083590315,0.017636816948652267,,,
2017.0,0.0035191429427100553,0.017629994079470634,,,
2018.0,0.0034701556003549033,0.017645789310336113,,,
2019.0,0.003456199377671712,0.017633622512221336,0.1998606761917472,,
2020.0,0.0034932435914460155,0.017652224749326706,,,
2021.0,0.003533100413882898,0.01764192245900631,,,
2022.0,0.003558666049244089,0.017655881121754646,,,
2023.0,0.0035219989851531055,0.017653273418545723,,,
2024.0,0.003512158708439933,0.017657911404967308,,,
2025.0,0.0035580286176668274,0.017662690952420235,,,
2026.0,0.0036017944728438224,0.01766193099319935,,,
2027.0,0.0035953125388671955,0.017669642344117165,,,
2028.0,0.0035108274498230055,0.01766796037554741,,,
2029.0,0.003451955352858123,0.01767425797879696,0.19942688383162022,,
2030.0,0.003446788039938029,0.017675096169114113,,,
2031.0,0.0034648222794445853,0.01767946407198906,,,
2032.0,0.0034587125919966232,0.01768307015299797,,,
2033.0,0.003432483016771989,0.017684418708086014,,,
2034.0,0.0034225578732892045,0.017691228538751602,,,
2035.0,0.0034511870965878997,0.017689485102891922,,,
2036.0,0.0035189345427271393,0.017698165029287338,,,
2037.0,0.003561938349674973,0.01769638992846012,,,
2038.0,0.003555909183859411,0.017703736200928688,,,
2039.0,0.003500960545303921,0.017703453078866005,0.1996410544961691,,
2040.0,0.003454991976937486,0.017708761617541313,,,
2041.0,0.003451402585487813,0.017710477113723755,,0.5881452560424805,0.3015041947364807
2042.0,0.003452227371486111,0.017713449895381927,,,
2043.0,0.0034594178375684554,0.017718786373734474,,,
2044.0,0.003455646542263114,0.01771758683025837,,,
2045.0,0.0034605668208354877,0.01772652566432953,,,
2046.0,0.0034555611226500735,0.01772315986454487,,,
2047.0,0.003455175993343194,0.017732322216033936,,,
2048.0,0.0034455459213091266,0.017730992287397385,,,
2049.0,0.0034564879164099695,0.01773572526872158,0.1983811417594552,,
2050.0,0.003497816414261858,0.017740363255143166,,,
2051.0,0.0035181663920068077,0.01773833855986595,,,
2052.0,0.003526918643878566,0.017748497426509857,,,
2053.0,0.0034804484747453695,0.01774320937693119,,,
2054.0,0.0034667424684286944,0.0177543293684721,,,
2055.0,0.0034597575770587558,0.01775052212178707,,,
2056.0,0.0034869445994910268,0.017758995294570923,,,
2057.0,0.0034874460597833,0.01775803603231907,,,
2058.0,0.0034479529004440537,0.01776328682899475,,,
2059.0,0.0034152081507879,0.0177654717117548,0.19795683957636356,,
2060.0,0.0034205803451024825,0.017767706885933876,,,
2061.0,0.003485777178882725,0.017772667109966278,,,
2062.0,0.00356729167384199,0.017773780971765518,,,
2063.0,0.00362473090334485,0.0177787933498621,,,
2064.0,0.0035730820239728523,0.017780868336558342,,,
2065.0,0.0035042152445142467,0.017782939597964287,,,
2066.0,0.0034546385754624176,0.017788322642445564,,,
2067.0,0.003475418084352795,0.017785990610718727,,,
2068.0,0.0035372464291544424,0.017797039821743965,,,
2069.0,0.0035629466401102643,0.017790544778108597,0.20025284308940172,,
2070.0,0.0035464249207224283,0.01780431903898716,,,
2071.0,0.003467302530900472,0.017797313630580902,,,
2072.0,0.0034094810384946565,0.017809269949793816,,,
2073.0,0.0033794893104479545,0.017804600298404694,,,
2074.0,0.0033867949839784866,0.01781425066292286,,,
2075.0,0.0034209096506755384,0.017812054604291916,,,
2076.0,0.003481958677681784,0.017820123583078384,,,
2077.0,0.003544247581675235,0.017819317057728767,,,
2078.0,0.0035863437169852356,0.017826784402132034,,,
2079.0,0.0035498476861458685,0.017825113609433174,0.19997749011963606,,
2080.0,0.0034703398757200275,0.017832184210419655,,,
2081.0,0.003429775182157755,0.017829932272434235,,,
2082.0,0.003419282992836088,0.01783723570406437,,,
2083.0,0.0034659424015424318,0.017836986109614372,,,
2084.0,0.003490151205721001,0.017842819914221764,,,
2085.0,0.003507658485840592,0.01784363202750683,,,
2086.0,0.0034990994637418126,0.017849747091531754,,,
2087.0,0.0035113806280100512,0.017847657203674316,,,
2088.0,0.0035270701087493864,0.017857424914836884,,,
2089.0,0.003509042667121523,0.017851101234555244,0.20035694539546967,,
2090.0,0.0034886974199778505,0.017865372821688652,,,
2091.0,0.0034290856829223533,0.01785491779446602,,,
2092.0,0.0034159952784991927,0.01787266694009304,,,
2093.0,0.0034238039634914862,0.017860833555459976,,,
2094.0,0.003492997990300258,0.017876602709293365,,,
2095.0,0.0035557586575547854,0.017871269956231117,,,
2096.0,0.003566666089463979,0.01787697710096836,,,
2097.0,0.0035296747199673618,0.017882613465189934,,,
2098.0,0.0034542942140251397,0.01787838153541088,,,
2099.0,0.003429571676533669,0.017891084775328636,0.19824601244181395,,
2100.0,0.0034165939072974853,0.017883222550153732,,,
2101.0,0.0034606032515875993,0.017896365374326706,,,
2102.0,0.003504075545351952,0.017892232164740562,,,
2103.0,0.0035302082826900814,0.017898349091410637,,,
2104.0,0.003501338233343429,0.017902974039316177,,,
2105.0,0.0034360236865985726,0.017899902537465096,,,
2106.0,0.003439568428374413,0.017912497743964195,,,
2107.0,0.003477458802776204,0.017904270440340042,,,
2108.0,0.0035533270757231446,0.017919762060046196,,,
2109.0,0.0034955029655247927,0.017912277951836586,0.19911691080778837,,
2110.0,0.0034173747322832544,0.017925113439559937,,,
2111.0,0.00335525015498408,0.0179189033806324,,,
2112.0,0.0033949217808225914,0.017929695546627045,,,
2113.0,0.003516510479773084,0.017925824970006943,,,
2114.0,0.0035741772805340587,0.01793457195162773,,,
2115.0,0.0035772310259441537,0.01793285645544529,,,
2116.0,0.0034602406732220617,0.01793973706662655,,0.5880775451660156,0.3220687210559845
2117.0,0.0034053472941741347,0.01793927140533924,,,
2118.0,0.0033977392411583826,0.017944173887372017,,,
2119.0,0.0034285205719061197,0.017946787178516388,0.19747586734592915,,
2120.0,0.0034479754503505926,0.01794963702559471,,,
2121.0,0.00342152067925781,0.017952486872673035,,,
2122.0,0.0034067653373090756,0.01795761100947857,,,
2123.0,0.0034212817039547695,0.017955001443624496,,,
2124.0,0.003490387339714087,0.017966987565159798,,,
2125.0,0.003541795761945347,0.017959265038371086,,,
2126.0,0.0035320479578028123,0.017973409965634346,,,
2127.0,0.0034385456142222715,0.017966827377676964,,,
2128.0,0.0033680946038415036,0.017976272851228714,,,
2129.0,0.003371727869121565,0.017976462841033936,0.1967710079625249,,
2130.0,0.003409584096322457,0.017977803945541382,,,
2131.0,0.003468921991686026,0.017986521124839783,,,
2132.0,0.003467650266053776,0.017980288714170456,,,
2133.0,0.0034651781171042887,0.0179944708943367,,,
2134.0,0.003443843613430444,0.01798524335026741,,,
2135.0,0.00341311663777257,0.017999369651079178,,,
2136.0,0.0033844756591133772,0.01799309253692627,,,
2137.0,0.003367913455133223,0.018002824857831,,,
2138.0,0.003386481689910094,0.018002349883317947,,,
2139.0,0.003414575255010277,0.018006466329097748,0.1970018520951271,,
2140.0,0.0034423245406813093,0.018011275678873062,,,
2141.0,0.003421932212077081,0.018011637032032013,,,
2142.0,0.0033855874753660627,0.0180174820125103,,,
2143.0,0.0033843869358922045,0.018018297851085663,,,
2144.0,0.0034136864855988987,0.018020903691649437,,,
2145.0,0.0034778240491222176,0.018026845529675484,,,
2146.0,0.003492388450540602,0.018025152385234833,,,
2147.0,0.0034751593026642997,0.018033184111118317,,,
2148.0,0.003425060006686383,0.018032385036349297,,,
2149.0,0.003408834790138321,0.018036283552646637,0.19740941189229488,,
2150.0,0.003390462423623022,0.01804138720035553,,,
2151.0,0.003372977587601377,0.01803881861269474,,,
2152.0,0.0033605636891701983,0.01805093139410019,,,
2153.0,0.0033683271618146033,0.018041983246803284,,,
2154.0,0.0034249439098251364,0.01805870793759823,,,
2155.0,0.003477270611975756,0.018048441037535667,,,
2156.0,0.0034942872299709255,0.018063321709632874,,,
2157.0,0.003449948452050901,0.018056945875287056,,,
2158.0,0.0033758294861763716,0.018066678196191788,,,
2159.0,0.003364639121314718,0.018064791336655617,0.1966413464397192,,
2160.0,0.003420546578967737,0.018071262165904045,,,
2161.0,0.003520881648485859,0.01807195506989956,,,
2162.0,0.0035978446843930416,0.018077818676829338,,,
2163.0,0.003602084025947584,0.018077265471220016,,,
2164.0,0.0035019156944731044,0.018083706498146057,,,
2165.0,0.003430744083339555,0.018082650378346443,,,
2166.0,0.0034131237706686887,0.018087763339281082,,,
2167.0,0.0034237955497681267,0.01809043437242508,,,
2168.0,0.0034499589020075896,0.018091510981321335,,,
2169.0,0.0034610919090401794,0.018098916858434677,0.1979485461488366,,
2170.0,0.0034367474820464847,0.01809512823820114,,,
2171.0,0.003421850954441147,0.018105801194906235,,,
2172.0,0.0033960631748454436,0.018100453540682793,,,
2173.0,0.003381816987724354,0.01811058446764946,,,
2174.0,0.003375049086494578,0.01810923032462597,,,
2175.0,0.003395997963121368,0.01811249740421772,,,
2176.0,0.0034405355890178018,0.018120869994163513,,,
2177.0,0.0034635295051460464,0.018113773316144943,,,
2178.0,0.0034593965801306896,0.018132250756025314,,,
2179.0,0.003407047319277707,0.018117962405085564,0.19726159051060677,,
2180.0,0.003381995364713172,0.01813739910721779,,,
2181.0,0.0033695292990240785,0.018126355484128,,,
2182.0,0.0034070671246283586,0.018137600272893906,,,
2183.0,0.00343486467609182,0.01813746988773346,,,
2184.0,0.0034479308198206125,0.018137846142053604,,,
2185.0,0.0034445064833077293,0.018147148191928864,,,
2186.0,0.0034218833135027027,0.018141034990549088,,,
2187.0,0.0034283054653658634,0.018153313547372818,,,
2188.0,0.0034144984801403352,0.018147405236959457,,,
2189.0,0.003402388161306994,0.018157854676246643,0.1964766811579466,0.5888110399246216,0.2980745732784271
