epoch,train_loss,val_loss,epoch_time_s,peak_gpu_mem_mb,cumul_train_time_s
1,1.9525229781866074,1.9773521423339844,89.06,53153,89.06
2,1.9883882999420166,,8.49,52782,97.55
3,1.942933276295662,,8.47,52484,106.02
4,1.9874780774116516,,8.46,52694,114.48
5,1.982095628976822,1.9603607257207234,8.42,52487,122.90
6,1.9907191842794418,,7.63,52910,130.53
7,2.0340310633182526,,8.39,52597,138.93
8,1.9275784641504288,,7.88,52716,146.81
9,1.9776228964328766,,8.49,52686,155.30
10,1.9330279380083084,1.9369220336278279,7.75,52698,163.05
11,1.9726583510637283,,8.03,52540,171.07
12,1.9866701066493988,,7.98,52501,179.05
13,1.9332401007413864,,8.57,52707,187.62
14,1.9222381711006165,,8.25,52039,195.88
15,1.9774885028600693,1.8828277587890625,7.59,52784,203.47
16,1.882702112197876,,7.95,52677,211.42
17,1.8997912406921387,,7.71,52532,219.13
18,1.89450603723526,,7.23,52420,226.35
19,1.8853222876787186,,7.65,52550,234.00
20,1.7884391844272614,1.7123355468114216,7.72,52498,241.72
21,1.7835479825735092,,7.38,52475,249.10
22,1.7803174704313278,,7.47,52872,256.58
23,1.825114592909813,,8.25,52475,264.83
24,1.8048032224178314,,8.31,52580,273.14
25,1.8304546028375626,1.707142988840739,7.91,52910,281.05
26,1.790181040763855,,7.52,52542,288.57
27,1.724119320511818,,7.62,52632,296.19
28,1.8270460665225983,,7.46,52696,303.65
29,1.6916441768407822,,8.02,52573,311.67
30,1.766958862543106,1.6139923334121704,8.22,52326,319.88
31,1.727630466222763,,7.56,52847,327.45
32,1.7709229737520218,,8.27,52542,335.72
33,1.7563599199056625,,7.77,52930,343.49
34,1.7726710736751556,,7.13,52478,350.62
35,1.7488839328289032,1.6152976751327515,7.40,52434,358.02
36,1.704348400235176,,7.98,52891,366.00
37,1.662451758980751,,7.68,52482,373.68
38,1.6067949384450912,,7.89,52567,381.57
39,1.6856267899274826,,7.61,52404,389.18
40,1.5801008492708206,1.6377052466074626,7.65,52696,396.83
41,1.6094598323106766,,7.41,52551,404.24
42,1.5867252349853516,,8.13,52741,412.37
43,1.6057509928941727,,7.78,52576,420.14
44,1.5817403048276901,,7.57,52691,427.71
45,1.4803273677825928,1.4759526252746582,7.95,52621,435.67
46,1.5440918058156967,,7.35,52343,443.02
47,1.4822309464216232,,7.42,52495,450.44
48,1.4342248737812042,,7.72,52680,458.15
49,1.3724822402000427,,8.31,52841,466.46
50,1.393446832895279,1.2515027324358623,8.13,52370,474.59
51,1.3886920660734177,,8.36,52656,482.94
52,1.3536774218082428,,7.67,53135,490.62
53,1.292708933353424,,7.90,52584,498.52
54,1.3180844485759735,,7.78,52587,506.30
55,1.3533534556627274,1.3845743735631306,8.30,52861,514.60
56,1.4002719521522522,,8.28,52446,522.88
57,1.2610868513584137,,8.35,52356,531.23
58,1.3129923790693283,,7.64,52746,538.86
59,1.2477282136678696,,8.01,52780,546.87
60,1.3132802248001099,1.2508014639218648,7.54,52554,554.41
61,1.2705569565296173,,7.36,52535,561.77
62,1.2970861494541168,,7.51,52213,569.28
63,1.2761003375053406,,7.87,52796,577.15
64,1.2565764784812927,,8.45,52619,585.60
65,1.2801103740930557,1.1602808634440105,7.88,52573,593.48
66,1.3035282641649246,,8.18,52775,601.66
67,1.2995780259370804,,8.41,52653,610.08
68,1.2609409242868423,,7.93,52828,618.00
69,1.2779053747653961,,7.83,52980,625.83
70,1.303962305188179,1.1527716716130574,8.02,52496,633.85
71,1.316048502922058,,7.83,52387,641.68
72,1.2752457708120346,,8.19,52847,649.87
73,1.2347401678562164,,7.98,52926,657.85
74,1.2680829018354416,,8.21,52679,666.06
75,1.2431134730577469,1.1227044463157654,8.14,52498,674.20
76,1.2557073682546616,,7.80,52518,682.00
77,1.2180360853672028,,8.35,52525,690.36
78,1.237989604473114,,7.38,53116,697.73
79,1.1920883357524872,,7.87,52636,705.60
80,1.2592667937278748,1.1600263317426045,7.94,52397,713.54
81,1.3417458683252335,,8.35,52974,721.89
82,1.2350275367498398,,8.14,52449,730.03
83,1.253870740532875,,7.79,52461,737.83
84,1.274558201432228,,7.64,52665,745.46
85,1.2466634511947632,1.1782396634419758,7.78,52614,753.24
86,1.2683843523263931,,7.71,52298,760.95
87,1.2720868587493896,,7.56,52877,768.51
88,1.2110513001680374,,7.95,52520,776.46
89,1.1841569691896439,,8.55,52900,785.02
90,1.247600495815277,1.1412266492843628,8.17,52616,793.19
91,1.2148771286010742,,8.25,52773,801.44
92,1.281380906701088,,7.73,52527,809.17
93,1.24947090446949,,8.39,52567,817.56
94,1.1881084591150284,,7.76,52521,825.33
95,1.2496696710586548,1.1088886658350627,7.70,52293,833.02
96,1.2091372907161713,,7.81,52558,840.84
97,1.2438107579946518,,8.34,52849,849.18
98,1.1940367221832275,,8.67,52815,857.85
99,1.2597355842590332,,8.01,52422,865.86
100,1.2072660624980927,1.0799957513809204,7.86,52425,873.72
101,1.2501175552606583,,8.13,52436,881.85
102,1.218917116522789,,8.20,52722,890.05
103,1.2187058180570602,,8.30,52326,898.35
104,1.2753352224826813,,8.16,52740,906.51
105,1.210230864584446,1.075335164864858,8.05,52723,914.56
106,1.2891475409269333,,8.52,52799,923.08
107,1.2312500327825546,,8.20,52323,931.28
108,1.237821638584137,,8.09,52655,939.37
109,1.2195466607809067,,7.99,52636,947.36
110,1.2478116154670715,1.071095625559489,7.35,52773,954.70
111,1.2180131375789642,,8.10,52669,962.81
112,1.2492369413375854,,8.30,52633,971.11
113,1.243557646870613,,8.04,52785,979.15
114,1.299788311123848,,7.91,52555,987.06
115,1.174548715353012,1.0536802212397258,7.99,52620,995.05
116,1.2128395736217499,,8.23,52596,1003.29
117,1.1674831956624985,,7.68,53367,1010.97
118,1.1908507645130157,,7.55,52622,1018.52
119,1.1654805541038513,,7.59,52342,1026.11
120,1.1890066117048264,1.1206274032592773,8.02,52719,1034.13
121,1.1961409151554108,,7.33,52615,1041.46
122,1.2282729744911194,,8.21,52883,1049.67
123,1.2389967739582062,,8.07,52635,1057.73
124,1.2133572101593018,,7.88,52977,1065.62
125,1.1958965808153152,1.0489418903986614,7.83,52835,1073.45
126,1.1990004777908325,,8.10,52290,1081.54
127,1.167751431465149,,8.40,52691,1089.94
128,1.1777404695749283,,8.18,52869,1098.13
129,1.154016636312008,,8.49,52623,1106.61
130,1.1587122976779938,1.0784607927004497,7.48,53004,1114.09
131,1.2223899811506271,,8.01,52451,1122.10
132,1.1601793318986893,,7.69,52418,1129.79
133,1.2506746798753738,,7.97,52405,1137.76
134,1.2759698629379272,,7.87,52882,1145.63
135,1.1980611383914948,1.109208385149638,8.03,52722,1153.65
136,1.1538470834493637,,7.90,52616,1161.55
137,1.2133460342884064,,7.70,52652,1169.26
138,1.1659208834171295,,8.16,52725,1177.42
139,1.2235264480113983,,8.07,52861,1185.49
140,1.2178487926721573,1.0741844177246094,7.52,52673,1193.01
141,1.2578600645065308,,7.58,53057,1200.59
142,1.2426661998033524,,7.55,52899,1208.14
143,1.198445126414299,,7.55,52342,1215.69
144,1.22453673183918,,7.84,52317,1223.53
145,1.2033683508634567,1.1330715417861938,7.62,52858,1231.15
146,1.1055358573794365,,7.98,52613,1239.14
147,1.1717199236154556,,8.30,52918,1247.44
148,1.1853816211223602,,8.01,52357,1255.45
149,1.2120918035507202,,7.73,52867,1263.18
150,1.207095742225647,1.1041855414708455,8.19,52765,1271.38
151,1.215979978442192,,7.90,52582,1279.28
152,1.2483842819929123,,8.18,52546,1287.45
153,1.200035035610199,,7.69,52724,1295.15
154,1.2203126549720764,,8.40,52735,1303.55
155,1.1932899951934814,1.11142232020696,7.84,52720,1311.39
156,1.222925379872322,,7.56,52405,1318.95
157,1.1339315325021744,,7.44,52712,1326.39
158,1.2173324972391129,,7.67,52642,1334.06
159,1.1327761858701706,,8.10,52663,1342.16
160,1.2112289071083069,1.0468164483706157,7.95,52578,1350.10
161,1.1855784803628922,,8.04,52753,1358.15
162,1.1997024565935135,,7.48,52599,1365.63
163,1.2198774218559265,,8.00,52972,1373.63
164,1.1784876435995102,,7.62,52641,1381.25
165,1.2111669927835464,1.0860078732172649,7.60,52833,1388.85
166,1.197785496711731,,7.83,52503,1396.68
167,1.1991390138864517,,7.52,52546,1404.20
168,1.149433895945549,,7.51,52429,1411.70
169,1.2177736312150955,,7.47,52600,1419.17
170,1.2620678097009659,1.003679891427358,7.69,52560,1426.87
171,1.1676728129386902,,7.80,53040,1434.66
172,1.2085809111595154,,7.82,52731,1442.49
173,1.1758504956960678,,7.97,52706,1450.45
174,1.14445860683918,,8.16,52530,1458.61
175,1.2281088382005692,1.0301085313161213,8.24,52657,1466.85
176,1.2709578722715378,,8.17,52385,1475.02
177,1.151247650384903,,8.23,52729,1483.25
178,1.213955968618393,,7.73,52873,1490.98
179,1.2070027440786362,,7.84,52569,1498.82
180,1.1503765732049942,1.0268106659253438,7.68,52622,1506.50
181,1.195363461971283,,7.78,52488,1514.28
182,1.2609808892011642,,8.32,52609,1522.60
183,1.232145681977272,,7.42,52702,1530.02
184,1.1553793251514435,,7.60,52816,1537.62
185,1.182338371872902,1.0444907347361247,7.46,52938,1545.08
186,1.2283743917942047,,7.52,52627,1552.60
187,1.1593660414218903,,8.02,52237,1560.62
188,1.2328230291604996,,7.32,52548,1567.94
189,1.1568328738212585,,7.68,52720,1575.63
190,1.192221537232399,1.0378338098526,7.85,52793,1583.47
191,1.1813911646604538,,7.51,52890,1590.98
192,1.179587185382843,,7.81,52278,1598.79
193,1.1705214381217957,,7.93,52751,1606.72
194,1.1863473057746887,,7.95,53485,1614.67
195,1.1931674778461456,1.1142882506052654,8.16,52309,1622.83
196,1.1882666498422623,,7.66,52775,1630.50
197,1.1635929346084595,,7.40,52677,1637.89
198,1.1832498461008072,,7.40,52462,1645.29
199,1.181636556982994,,7.61,52620,1652.91
200,1.1423164755105972,1.0552462339401245,8.06,52641,1660.97
201,1.1837173402309418,,7.63,52803,1668.60
202,1.2046684622764587,,7.69,52743,1676.30
203,1.2125295102596283,,8.29,52627,1684.58
204,1.1530188769102097,,7.89,52866,1692.48
205,1.2240018248558044,1.0514590740203857,8.48,53009,1700.95
206,1.1866509094834328,,8.18,52843,1709.13
207,1.1327727437019348,,8.54,52665,1717.66
208,1.1867167502641678,,8.04,52713,1725.71
209,1.182847984135151,,8.35,52777,1734.05
210,1.20933236181736,1.138101577758789,8.23,52813,1742.28
211,1.201943650841713,,8.12,52469,1750.40
212,1.2515290826559067,,7.65,52508,1758.05
213,1.2298294603824615,,7.56,52655,1765.61
214,1.1773300170898438,,8.28,52867,1773.89
215,1.1904838532209396,1.0305079817771912,7.85,52608,1781.74
216,1.1615439653396606,,8.13,52861,1789.88
217,1.2154863476753235,,7.90,52692,1797.77
218,1.2122066468000412,,8.14,52383,1805.91
219,1.211908295750618,,8.31,52588,1814.21
220,1.1652296036481857,1.0270074208577473,8.11,52564,1822.33
221,1.1559179425239563,,7.88,52522,1830.21
222,1.176598235964775,,7.71,53020,1837.92
223,1.1430077478289604,,8.00,52616,1845.92
224,1.1686575412750244,,8.52,52722,1854.44
225,1.1814689636230469,1.0653124054272969,8.20,52439,1862.64
226,1.1667243987321854,,7.33,52823,1869.97
227,1.2160300761461258,,7.69,53512,1877.66
228,1.1175688207149506,,7.69,52685,1885.35
229,1.160364992916584,,8.08,52713,1893.43
230,1.114321455359459,1.1027926802635193,7.34,52648,1900.77
231,1.2071139812469482,,7.56,52463,1908.33
232,1.1673877984285355,,7.72,52828,1916.05
233,1.1177547052502632,,8.14,52538,1924.19
234,1.2071003019809723,,7.91,52384,1932.10
235,1.171672910451889,1.0886649290720622,8.20,52528,1940.30
236,1.169423595070839,,8.04,52993,1948.34
237,1.145946890115738,,7.83,52690,1956.16
238,1.1677072644233704,,8.32,52605,1964.48
239,1.140457808971405,,8.02,52629,1972.50
240,1.1887353733181953,1.0426520705223083,8.25,52976,1980.75
241,1.135185346007347,,8.46,52969,1989.21
242,1.1388972103595734,,8.03,52774,1997.24
243,1.222371906042099,,8.00,52554,2005.25
244,1.0949623137712479,,7.84,52789,2013.09
245,1.1153501197695732,1.0364345113436382,8.45,52615,2021.53
246,1.1600712835788727,,8.01,52542,2029.54
247,1.1533978432416916,,7.73,52523,2037.27
248,1.1516017764806747,,8.49,52689,2045.77
249,1.110124096274376,,7.91,52705,2053.68
250,1.1680638641119003,1.0776014129320781,7.83,52532,2061.51
251,1.151350736618042,,7.94,52992,2069.44
252,1.120604932308197,,8.44,52646,2077.89
253,1.1752186715602875,,8.51,52774,2086.40
254,1.0782812163233757,,8.06,52752,2094.46
255,1.1391359865665436,1.0648001829783122,7.78,52712,2102.24
256,1.0709429383277893,,8.64,52509,2110.88
257,1.1085640415549278,,8.24,52516,2119.11
258,1.1879302114248276,,7.97,52956,2127.08
259,1.1748898178339005,,8.35,52716,2135.43
260,1.1035928130149841,0.9955832362174988,7.62,52496,2143.05
261,1.125392273068428,,7.77,53124,2150.82
262,1.1107573807239532,,7.79,52713,2158.61
263,1.1342183724045753,,7.68,52443,2166.30
264,1.1442931964993477,,7.54,52495,2173.84
265,1.213716760277748,1.091200848420461,8.23,52759,2182.07
266,1.1433494091033936,,8.25,52652,2190.32
267,1.1185294538736343,,7.72,53056,2198.03
268,1.1053946167230606,,8.15,52769,2206.18
269,1.0651156157255173,,8.29,52645,2214.48
270,1.1454239040613174,1.0114874839782715,7.78,52716,2222.26
271,1.1719061136245728,,8.67,52496,2230.93
272,1.2121306955814362,,7.55,53010,2238.49
273,1.1415345519781113,,7.99,52940,2246.48
274,1.1251330524682999,,8.36,52622,2254.83
275,1.1099594607949257,1.0573257605234783,8.02,52917,2262.86
276,1.1023951768875122,,8.31,52673,2271.16
277,1.1517506837844849,,7.94,52603,2279.10
278,1.185666784644127,,8.04,52761,2287.14
279,1.1172584742307663,,8.51,52536,2295.64
280,1.1494468450546265,0.9895680745442709,7.80,52901,2303.44
281,1.1485517919063568,,7.73,52599,2311.18
282,1.1063906848430634,,8.16,52876,2319.34
283,1.1605491191148758,,7.98,52642,2327.32
284,1.0611567869782448,,7.76,52909,2335.08
285,1.1085961908102036,1.062627871831258,8.17,52812,2343.24
286,1.0890855118632317,,8.16,52667,2351.40
287,1.1118903085589409,,8.01,52768,2359.41
288,1.139596775174141,,7.87,52505,2367.28
289,1.1130183190107346,,8.05,52392,2375.34
290,1.1699431091547012,1.0638182759284973,7.98,52681,2383.32
291,1.1107047200202942,,7.63,52632,2390.95
292,1.129628486931324,,7.51,52821,2398.46
293,1.1198087334632874,,8.20,52314,2406.66
294,1.1424613073468208,,8.24,53049,2414.90
295,1.1020770967006683,1.0182093381881714,7.67,52779,2422.57
296,1.1269406080245972,,8.58,52628,2431.15
297,1.0931901410222054,,7.98,52782,2439.13
298,1.1287654340267181,,7.86,52516,2446.98
299,1.1910304054617882,,7.94,52631,2454.92
300,1.1371847838163376,1.037240445613861,7.88,52868,2462.81
301,1.0875516757369041,,7.80,52756,2470.60
302,1.1241177469491959,,8.55,52698,2479.15
303,1.196092963218689,,8.07,52721,2487.23
304,1.1286304891109467,,8.00,52698,2495.23
305,1.116704411804676,1.0507944822311401,8.23,52653,2503.45
306,1.1028141677379608,,7.16,52522,2510.61
307,1.0512456595897675,,7.53,52684,2518.14
308,1.1771100610494614,,7.63,52675,2525.77
309,1.119686707854271,,7.33,52666,2533.11
310,1.070238895714283,1.024152398109436,7.46,52771,2540.57
311,1.1144407913088799,,7.79,52675,2548.36
312,1.0743984878063202,,7.50,52761,2555.86
313,1.0438306853175163,,7.27,52746,2563.13
314,1.192231297492981,,7.32,52417,2570.46
315,1.1749571710824966,1.0296585162480671,7.81,52542,2578.27
316,1.0800674334168434,,7.53,52708,2585.80
317,1.124076135456562,,7.52,52644,2593.32
318,1.116258092224598,,7.83,52566,2601.15
319,1.0919123068451881,,7.74,53232,2608.89
320,1.0757801607251167,0.9833970864613851,7.70,52820,2616.60
321,1.0861908793449402,,8.16,52275,2624.75
322,1.0845634043216705,,7.67,52770,2632.42
323,1.0603399276733398,,8.04,52902,2640.46
324,1.0839666351675987,,7.82,52582,2648.28
325,1.15521901845932,1.0073306560516357,7.28,52254,2655.56
326,1.0706351846456528,,7.49,52666,2663.05
327,1.0963094010949135,,7.92,52620,2670.97
328,1.0555468425154686,,8.08,52639,2679.05
329,1.0832867100834846,,7.39,52592,2686.45
330,1.0826210007071495,0.9990740418434143,7.90,52763,2694.35
331,1.0829438045620918,,7.71,52709,2702.06
332,1.1042224913835526,,7.52,52578,2709.58
333,1.0774355232715607,,7.88,52594,2717.46
334,1.0931039154529572,,8.29,52607,2725.75
335,1.08995471149683,0.923382580280304,8.53,52452,2734.28
336,1.1009372025728226,,7.53,52735,2741.81
337,1.0652657896280289,,8.46,53353,2750.27
338,1.1680134534835815,,8.16,52799,2758.43
339,1.0671960338950157,,7.99,52656,2766.42
340,1.0568446069955826,0.9602062702178955,7.93,52550,2774.35
341,1.0665190145373344,,7.78,52543,2782.14
342,1.120734542608261,,7.76,52830,2789.90
343,1.083518110215664,,7.48,52709,2797.38
344,1.0287054255604744,,7.78,52584,2805.16
345,1.0336652770638466,1.0240227182706196,8.28,52656,2813.44
346,1.0497122704982758,,8.06,52612,2821.50
347,1.043938435614109,,7.85,52425,2829.35
348,1.0244092419743538,,8.43,52695,2837.77
349,0.9964433684945107,,7.72,52569,2845.50
350,1.062850497663021,1.033033827940623,8.46,53051,2853.95
351,1.0820836275815964,,7.48,52775,2861.43
352,1.106292612850666,,8.16,52844,2869.60
353,1.0285452157258987,,7.74,52781,2877.33
354,1.063751608133316,,7.54,52590,2884.87
355,1.0670010447502136,0.9970645904541016,7.66,53023,2892.53
356,1.110833652317524,,8.36,52507,2900.89
357,0.9837532043457031,,7.69,52493,2908.58
358,1.083170309662819,,7.86,52794,2916.45
359,1.0535806715488434,,8.22,52645,2924.67
360,1.0789161249995232,0.913684070110321,8.38,52612,2933.05
361,1.0486202910542488,,8.35,53049,2941.40
362,1.0594032630324364,,7.54,52567,2948.95
363,1.0526959002017975,,7.64,52859,2956.58
364,1.1170980781316757,,8.33,52558,2964.92
365,1.1019678711891174,0.9759380420049032,8.29,52711,2973.20
366,1.0666430965065956,,7.34,52500,2980.54
367,0.9908219128847122,,7.98,52817,2988.52
368,1.0488118827342987,,8.29,52521,2996.81
369,1.0488739609718323,,8.60,52586,3005.41
370,1.0619138032197952,0.9636740684509277,8.04,52746,3013.45
371,1.0366325974464417,,7.76,52755,3021.20
372,1.0411725416779518,,7.84,52548,3029.04
373,1.0902933552861214,,7.49,52609,3036.53
374,1.0346345901489258,,7.33,52746,3043.86
375,1.0464123114943504,0.9819333553314209,8.04,52599,3051.90
376,0.9882227331399918,,8.23,52404,3060.13
377,0.9750040471553802,,8.29,52804,3068.42
378,0.982463613152504,,8.10,53194,3076.52
379,1.0465853065252304,,8.27,52506,3084.79
380,1.0251112803816795,1.030882716178894,8.00,52550,3092.79
381,1.0150232911109924,,7.72,52874,3100.51
382,1.008779101073742,,7.55,52891,3108.06
383,1.0411700159311295,,7.99,52786,3116.05
384,1.090314343571663,,7.49,52763,3123.54
385,1.0521770939230919,0.9313293894131979,8.40,52748,3131.94
386,1.0321954563260078,,7.60,52709,3139.54
387,1.0445484220981598,,8.22,52572,3147.76
388,1.002243034541607,,7.87,52860,3155.63
389,1.0795725882053375,,7.86,52875,3163.49
390,1.0919060409069061,0.9781667987505595,7.56,52584,3171.05
391,0.957692563533783,,7.56,52704,3178.61
392,1.0914271250367165,,8.20,52812,3186.80
393,1.0748389512300491,,8.12,52436,3194.93
394,1.0487088486552238,,8.35,52835,3203.28
395,1.0563009083271027,1.013945996761322,7.73,52355,3211.01
396,1.05251245200634,,8.28,52882,3219.29
397,1.0488348677754402,,7.91,52338,3227.20
398,1.0359979346394539,,8.24,52795,3235.44
399,0.9934249073266983,,8.26,52475,3243.70
400,1.0452731177210808,0.9740732113520304,7.84,52867,3251.54
401,1.0559474527835846,,7.96,52458,3259.51
402,1.0216934382915497,,7.67,52902,3267.17
403,1.0464940443634987,,7.50,52941,3274.67
404,1.0992494374513626,,7.72,52405,3282.39
405,1.0287181958556175,0.9507207075754801,7.40,52598,3289.79
406,1.0533404275774956,,7.28,52895,3297.06
407,1.0262551754713058,,7.52,52515,3304.58
408,0.9629845842719078,,7.89,52559,3312.47
409,0.996109664440155,,7.85,52589,3320.32
410,1.03758954256773,0.915668765703837,8.39,53095,3328.71
411,1.0769198089838028,,7.83,53102,3336.54
412,1.0110856518149376,,8.31,52500,3344.84
413,0.9992694780230522,,8.05,52732,3352.89
414,1.0706457048654556,,7.89,52309,3360.78
415,1.0132590010762215,1.0676605900128682,7.98,52378,3368.76
416,1.0825671404600143,,8.00,52724,3376.76
417,1.0808416232466698,,7.80,52531,3384.56
418,1.0587032288312912,,7.75,52610,3392.31
419,1.047472856938839,,8.09,52688,3400.40
420,1.0156018510460854,0.9988994399706522,7.59,52912,3407.99
421,1.020486243069172,,7.57,52546,3415.56
422,0.9943405836820602,,7.61,52654,3423.17
423,0.9924039095640182,,7.96,52430,3431.13
424,1.0137101858854294,,7.93,52654,3439.07
425,1.0617796182632446,1.026816487312317,8.13,52704,3447.20
426,1.046056106686592,,8.06,52706,3455.26
427,1.013553962111473,,8.10,52898,3463.36
428,0.9854367673397064,,7.83,52400,3471.19
429,1.0205469205975533,,7.79,52780,3478.98
430,0.9939912185072899,0.9776616891225179,7.75,52883,3486.73
431,0.9703699573874474,,7.64,52640,3494.38
432,1.064830720424652,,7.71,52530,3502.08
433,1.0078037306666374,,7.75,52791,3509.83
434,1.0426481515169144,,8.14,52598,3517.97
435,1.0396733283996582,1.025419016679128,7.76,52414,3525.73
436,1.0404100865125656,,7.39,52556,3533.12
437,1.0626792684197426,,8.04,52973,3541.17
438,1.0909093096852303,,8.13,52652,3549.30
439,1.0667864307761192,,8.05,52730,3557.35
440,0.9905738830566406,0.9614108602205912,7.86,52761,3565.21
441,0.9649359434843063,,7.95,53090,3573.17
442,1.0829565823078156,,8.34,52498,3581.51
443,1.0017253756523132,,8.08,52781,3589.59
444,0.9854819476604462,,7.89,52646,3597.47
445,0.9844440296292305,0.961603025595347,8.07,52673,3605.54
446,1.023902803659439,,7.60,52454,3613.14
447,1.0379177704453468,,8.05,52821,3621.19
448,1.023720532655716,,8.10,52651,3629.29
449,1.0497905537486076,,8.25,52912,3637.54
450,1.0124581828713417,0.9773614406585693,7.97,52508,3645.52
451,1.0200095102190971,,7.48,52559,3652.99
452,1.0390411838889122,,7.63,52451,3660.62
453,1.0284645929932594,,7.92,52623,3668.55
454,1.0310858860611916,,8.08,52793,3676.62
455,1.007509596645832,0.9571318427721659,8.07,52820,3684.69
456,0.9926839247345924,,8.12,52834,3692.81
457,1.0463530495762825,,7.64,52652,3700.45
458,1.012928158044815,,7.59,52794,3708.04
459,0.9925468415021896,,7.75,52646,3715.80
460,0.9772148504853249,0.9180569251378378,8.04,52674,3723.83
461,1.04057265073061,,7.89,52410,3731.72
462,1.0139853358268738,,8.15,52452,3739.87
463,1.0217680856585503,,8.29,52650,3748.16
464,1.0178933143615723,,8.26,52416,3756.42
465,1.0600100681185722,0.9844197432200114,7.50,52802,3763.92
466,0.9693619459867477,,7.65,52614,3771.57
467,0.9830545336008072,,7.99,52734,3779.56
468,1.0024091228842735,,7.74,52560,3787.30
469,1.0513225197792053,,7.57,52480,3794.87
470,1.0103632435202599,0.9947593212127686,7.64,52566,3802.51
471,0.9969336688518524,,7.80,52571,3810.31
472,1.0151146426796913,,8.06,52681,3818.36
473,1.0684356093406677,,8.05,52501,3826.41
474,0.9799188151955605,,8.05,52964,3834.46
475,1.0601592883467674,0.9173893729845682,7.80,52788,3842.26
476,0.9888628199696541,,7.76,52528,3850.02
477,1.0522678568959236,,8.40,52625,3858.42
478,1.000770054757595,,8.13,52574,3866.54
479,1.0300270840525627,,8.62,52552,3875.16
480,1.0703700631856918,0.9727131525675455,7.68,52713,3882.84
481,1.0292906612157822,,7.96,52920,3890.81
482,1.0013040825724602,,7.94,52456,3898.75
483,1.0128781273961067,,8.25,52864,3906.99
484,0.9920506179332733,,8.11,52692,3915.10
485,1.0343150421977043,0.9234813451766968,8.49,52696,3923.59
486,0.9979409798979759,,8.61,52509,3932.20
487,1.0551119074225426,,8.70,52782,3940.90
488,1.0378111600875854,,8.33,52873,3949.23
489,0.9940808936953545,,7.61,52395,3956.84
490,0.9927470088005066,0.9547589222590128,8.33,52692,3965.17
491,1.036789819598198,,8.83,53295,3974.00
492,1.032002568244934,,8.43,52571,3982.43
493,1.0030843168497086,,8.60,52536,3991.03
494,1.0292451232671738,,8.31,52748,3999.33
495,1.0238129198551178,0.8641734917958578,7.84,52910,4007.18
496,0.9889569953083992,,7.62,52427,4014.80
497,0.9819956719875336,,8.42,52775,4023.23
498,1.0239500179886818,,7.86,52456,4031.08
499,0.9804033637046814,,7.58,52281,4038.66
500,0.9930119439959526,0.9710438450177511,7.70,53016,4046.36
501,0.9896039441227913,,8.25,52859,4054.61
502,0.9413979202508926,,8.31,52901,4062.92
503,1.0217152014374733,,8.03,52903,4070.95
504,1.0289558991789818,,8.11,52580,4079.06
505,1.050277404487133,0.9411685268084208,7.74,52760,4086.80
506,1.025562658905983,,7.98,52604,4094.77
507,1.0203894227743149,,8.31,52779,4103.08
508,1.0131905749440193,,8.24,52653,4111.32
509,0.9858068525791168,,8.07,52507,4119.40
510,0.9981562718749046,0.9429839054743449,7.80,52766,4127.20
511,1.0049799904227257,,8.60,52510,4135.80
512,1.0130416825413704,,7.69,52602,4143.49
513,1.0128435268998146,,8.23,52689,4151.71
514,0.9920547604560852,,7.41,52744,4159.12
515,1.0465428978204727,0.850043773651123,8.00,52410,4167.13
516,1.0101403072476387,,8.41,52618,4175.54
517,1.0812197253108025,,7.88,52620,4183.42
518,0.9983791559934616,,8.45,52806,4191.87
519,0.9674765840172768,,8.23,52457,4200.10
520,1.0130563378334045,0.873642106850942,7.88,52494,4207.98
521,1.0027327314019203,,8.45,52994,4216.43
522,1.0109936743974686,,8.19,52450,4224.62
523,1.0344163700938225,,7.94,52426,4232.56
524,1.0313823893666267,,7.97,52526,4240.53
525,0.9659169241786003,0.9612566630045573,8.26,52741,4248.79
526,0.9591788873076439,,7.89,52897,4256.68
527,0.9376718699932098,,7.79,52573,4264.47
528,1.010941818356514,,8.63,52555,4273.10
529,0.9765663892030716,,8.39,52612,4281.49
530,1.026202380657196,0.9564754565556844,7.78,52776,4289.27
531,0.9640243053436279,,7.89,52994,4297.16
532,1.041956178843975,,7.89,52872,4305.05
533,0.9736180901527405,,8.25,52680,4313.30
534,0.9891933798789978,,7.84,52835,4321.14
535,0.983310267329216,0.9610682129859924,20.61,52621,4341.75
536,1.0048746913671494,,7.67,52876,4349.42
537,0.9934572204947472,,7.61,52709,4357.03
538,1.0263444930315018,,7.97,52606,4364.99
539,0.9735944867134094,,7.75,52946,4372.75
540,0.9388109594583511,0.9250969688097636,8.23,52684,4380.97
541,0.9622078537940979,,7.98,52429,4388.95
542,1.003911167383194,,8.33,53003,4397.29
543,1.047436609864235,,8.31,52455,4405.59
544,1.01472357660532,,8.20,52822,4413.79
545,1.005690723657608,0.9167531331380209,8.25,53005,4422.04
546,1.087269812822342,,7.92,52740,4429.96
547,0.958832636475563,,8.46,52718,4438.42
548,1.0215068459510803,,7.42,52357,4445.84
549,1.0127899125218391,,8.40,52514,4454.24
550,0.973773792386055,0.9412252902984619,8.40,52712,4462.64
551,1.0212421268224716,,7.62,52496,4470.26
552,0.9639195129275322,,7.91,52679,4478.17
553,1.0120169892907143,,8.15,52719,4486.32
554,0.9998112171888351,,7.89,52413,4494.21
555,0.9518556967377663,0.947745700677236,7.96,53043,4502.17
556,1.0083142518997192,,8.18,52763,4510.35
557,0.9876269847154617,,8.73,52746,4519.07
558,1.0299058556556702,,8.35,52678,4527.43
559,0.9425525888800621,,8.13,52504,4535.56
560,0.9705530405044556,0.9002824823061625,8.20,52638,4543.76
561,0.983722098171711,,8.53,52606,4552.29
562,0.9758810326457024,,8.78,52513,4561.07
563,1.016175128519535,,8.23,52345,4569.31
564,0.9565848559141159,,7.75,52472,4577.06
565,0.9894436374306679,0.9691937565803528,7.93,52744,4584.99
566,1.00505281239748,,8.37,52541,4593.35
567,1.02146764844656,,8.35,52595,4601.71
568,0.9798139855265617,,7.83,52967,4609.54
569,1.0374109223484993,,8.17,52362,4617.71
570,1.0281864777207375,0.8859500885009766,7.77,52668,4625.48
571,1.0097020715475082,,7.99,52882,4633.48
572,1.0144487097859383,,8.09,52464,4641.57
573,1.0490940064191818,,8.14,52575,4649.70
574,0.9829896911978722,,8.63,52223,4658.33
575,0.9913135766983032,0.9291708866755167,8.52,52314,4666.86
576,0.9232264906167984,,7.94,53056,4674.80
577,0.9711600318551064,,9.01,52635,4683.81
578,1.0124461278319359,,8.78,52537,4692.59
579,0.9556331038475037,,7.60,52905,4700.19
580,1.008926622569561,0.9571883281071981,7.36,52659,4707.55
581,1.0373944491147995,,7.98,52740,4715.53
582,0.9617693424224854,,8.52,52625,4724.05
583,0.9773658290505409,,8.41,52509,4732.46
584,0.9937823191285133,,8.74,52680,4741.21
585,1.0509766042232513,0.9213151335716248,8.54,52714,4749.74
586,1.0135554745793343,,8.44,52584,4758.19
587,0.9684762507677078,,7.87,52501,4766.05
588,1.0026550590991974,,8.13,52476,4774.18
589,0.9976242482662201,,8.91,52726,4783.08
590,1.02670818567276,0.9386053681373596,8.12,52669,4791.20
591,0.9855960980057716,,8.47,52653,4799.66
592,1.028962880373001,,8.21,52800,4807.88
593,1.014967568218708,,8.43,52852,4816.31
594,0.9832142367959023,,8.12,52416,4824.43
595,1.0306763425469398,0.9926007986068726,7.73,52907,4832.16
596,0.9816089794039726,,7.39,52715,4839.55
597,1.0482288151979446,,7.36,52554,4846.91
598,0.998249739408493,,7.96,52308,4854.87
599,0.9833190813660622,,8.22,52945,4863.09
600,0.9271163642406464,0.8971929351488749,8.42,52511,4871.51
601,0.9890068843960762,,7.82,52557,4879.33
602,1.0628585442900658,,8.34,53001,4887.67
603,0.9792982265353203,,8.72,52628,4896.39
604,0.9810587614774704,,8.50,52771,4904.89
605,0.9622765779495239,0.9242170254389445,8.19,52883,4913.08
606,1.0071657225489616,,8.36,52743,4921.43
607,0.8931881338357925,,8.37,52567,4929.81
608,0.9658717215061188,,8.58,52777,4938.39
609,0.9958283305168152,,8.66,52598,4947.04
610,0.9841993972659111,0.8776055375734965,7.97,52924,4955.02
611,0.9725430384278297,,8.59,52559,4963.61
612,0.9671848267316818,,8.35,52790,4971.96
613,0.9472577422857285,,7.50,52538,4979.47
614,0.9699720069766045,,7.96,52603,4987.43
615,0.965040385723114,0.924262801806132,7.48,52619,4994.91
616,0.957193560898304,,8.04,52875,5002.95
617,0.9394057095050812,,7.56,52761,5010.51
618,0.9152502492070198,,8.43,52847,5018.94
619,0.9338005408644676,,8.37,52704,5027.31
620,0.8254759833216667,0.9140205184618632,8.21,52741,5035.52
621,0.9578680917620659,,8.35,52405,5043.87
622,0.9674216136336327,,8.32,52724,5052.18
623,0.9295668303966522,,8.81,52609,5061.00
624,0.9436811730265617,,8.42,52719,5069.42
625,0.9360092058777809,0.8964490095774332,8.41,52990,5077.83
626,0.8897832781076431,,8.99,52563,5086.82
627,1.0156992003321648,,8.41,52739,5095.23
628,0.8932116702198982,,8.51,52854,5103.75
629,0.9517994076013565,,7.76,52594,5111.51
630,0.8941569998860359,0.8732414444287618,8.38,52601,5119.89
631,0.9536896720528603,,8.08,52702,5127.97
632,0.9601026102900505,,8.08,52828,5136.05
633,0.9829912856221199,,8.99,52611,5145.03
634,0.925589919090271,,8.11,52625,5153.15
635,0.9260289669036865,0.8497218688329061,8.21,52778,5161.36
636,0.8616412207484245,,8.01,52835,5169.37
637,0.9415796622633934,,8.47,52640,5177.83
638,0.9169088825583458,,8.36,52691,5186.19
639,0.9337836429476738,,8.02,52521,5194.21
640,0.8900580406188965,0.8025792638460795,8.34,52593,5202.55
641,0.955829344689846,,8.53,52682,5211.08
642,0.8880681395530701,,7.80,52590,5218.88
643,0.8516348004341125,,8.47,52380,5227.35
644,0.9448317736387253,,7.93,52648,5235.27
645,0.9198518842458725,0.8170884847640991,7.63,52861,5242.90
646,0.913553461432457,,7.85,52743,5250.75
647,0.995890386402607,,7.77,52640,5258.52
648,0.9377340003848076,,8.00,52588,5266.52
649,0.8845228552818298,,8.17,52537,5274.68
650,0.9326400458812714,0.9092967311541239,7.94,52713,5282.63
651,0.9495316669344902,,7.79,52519,5290.41
652,0.8864718973636627,,7.93,52720,5298.34
653,0.9155386462807655,,8.16,52753,5306.50
654,0.8966332525014877,,8.20,52752,5314.70
655,0.9346303045749664,0.9096980094909668,7.89,52600,5322.59
656,0.9338653087615967,,8.15,52584,5330.73
657,0.8829213753342628,,8.17,52788,5338.90
658,0.8978969901800156,,7.64,52698,5346.54
659,0.9463037848472595,,7.63,52760,5354.17
660,0.9237297773361206,0.8751199245452881,8.04,52681,5362.20
661,0.919064849615097,,8.35,52641,5370.55
662,0.906015120446682,,7.52,52814,5378.07
663,0.8402604013681412,,7.86,52553,5385.93
664,0.8933594897389412,,7.93,52791,5393.86
665,0.9437073022127151,0.888345738252004,8.37,53236,5402.23
666,0.8912623971700668,,8.01,52616,5410.24
667,0.9237305521965027,,8.06,53041,5418.30
668,0.9476205334067345,,8.20,52713,5426.49
669,0.9268559664487839,,8.04,52456,5434.53
670,0.9219156578183174,0.8796644409497579,7.98,52682,5442.51
671,0.897019237279892,,8.10,52409,5450.61
672,0.8951649069786072,,8.31,52467,5458.92
673,0.9422162622213364,,8.14,52682,5467.07
674,1.0201390832662582,,7.77,52692,5474.83
675,0.9264378100633621,0.8983462452888489,7.78,53233,5482.61
676,0.9452080652117729,,7.62,52414,5490.24
677,0.9593891352415085,,7.73,52454,5497.97
678,0.9775454923510551,,7.77,52664,5505.74
679,0.9518190175294876,,8.47,53008,5514.21
680,0.9565661773085594,0.8776941696802775,8.38,52771,5522.59
681,0.9111973568797112,,8.49,52451,5531.09
682,0.9178960770368576,,8.13,53099,5539.21
683,0.9326811954379082,,8.52,52437,5547.73
684,0.8907715156674385,,8.08,52553,5555.82
685,0.9198886528611183,0.9126243591308594,8.39,52754,5564.20
686,0.9410461187362671,,7.93,52547,5572.14
687,0.8985013961791992,,7.94,52813,5580.08
688,0.8579298853874207,,7.91,52845,5587.99
689,0.9350271597504616,,8.62,52456,5596.61
690,0.8956381157040596,0.8603474299112955,8.06,52454,5604.67
691,0.9004049375653267,,8.22,52784,5612.89
692,0.874003991484642,,8.28,52291,5621.16
693,0.9564836323261261,,8.22,52660,5629.38
694,0.9286514967679977,,8.18,52724,5637.55
695,0.9366897270083427,0.8629677693049113,8.00,52697,5645.55
696,0.9246191009879112,,7.73,52493,5653.29
697,0.9340695813298225,,8.00,52790,5661.29
698,0.9458257928490639,,8.30,52970,5669.59
699,0.9306505098938942,,7.83,52921,5677.43
700,0.9364494159817696,0.9008254408836365,8.05,52816,5685.48
701,0.8909189477562904,,7.96,52785,5693.43
702,0.9448304995894432,,7.89,52641,5701.32
703,0.9479571953415871,,7.98,52697,5709.30
704,0.9324966073036194,,8.11,52631,5717.41
705,0.9588446021080017,0.8863782286643982,8.33,52589,5725.74
706,0.8857677653431892,,7.77,52791,5733.51
707,0.9403155073523521,,7.71,52832,5741.22
708,0.898083433508873,,8.34,52437,5749.56
709,0.9326961487531662,,7.90,52777,5757.46
710,0.8538299351930618,0.8750674923261007,8.33,52552,5765.79
711,0.9245673343539238,,8.32,52471,5774.12
712,0.9644308611750603,,8.36,52843,5782.48
713,0.9088008999824524,,8.00,52725,5790.48
714,1.0008454844355583,,7.87,52590,5798.35
715,0.9429256170988083,0.8647830486297607,8.03,52196,5806.38
716,0.9170827567577362,,7.93,53028,5814.31
717,0.9387394487857819,,7.90,52612,5822.21
718,0.8915664777159691,,8.39,52842,5830.59
719,0.8916143625974655,,8.03,52571,5838.62
720,0.8665090277791023,0.9039110541343689,7.92,52569,5846.54
721,0.8602197393774986,,7.78,52831,5854.32
722,0.9374009445309639,,7.57,52693,5861.89
723,0.9568364098668098,,8.33,52576,5870.22
724,0.964787133038044,,7.51,52481,5877.73
725,0.875512883067131,0.8519553144772848,7.50,52820,5885.23
726,0.8942668810486794,,7.66,52718,5892.89
727,0.9318037182092667,,7.79,52827,5900.68
728,0.8980782702565193,,8.32,52684,5908.99
729,0.8925441578030586,,8.01,52848,5917.00
730,0.9030325561761856,0.8439977566401163,7.44,52386,5924.44
731,0.8969163820147514,,8.03,52678,5932.47
732,0.9126457795500755,,8.25,52273,5940.72
733,0.9482886269688606,,8.13,52831,5948.85
734,0.9349709078669548,,7.82,52460,5956.67
735,0.933753252029419,0.8531731168429056,8.04,52755,5964.72
736,0.9002111852169037,,7.97,53046,5972.69
737,0.9069137424230576,,8.26,52408,5980.95
738,0.9014552682638168,,7.14,52646,5988.08
739,0.9189697355031967,,7.34,52828,5995.43
740,0.9112581163644791,0.8195053736368815,7.67,52675,6003.09
741,0.9030284881591797,,7.71,52666,6010.80
742,0.9270894899964333,,7.55,52968,6018.36
743,0.8949411287903786,,8.23,53080,6026.59
744,0.9295901656150818,,8.06,52840,6034.64
745,0.9123012125492096,0.8974334001541138,7.90,52496,6042.55
746,0.8697499632835388,,7.93,52589,6050.47
747,0.9216680005192757,,8.01,52689,6058.48
748,0.8913439139723778,,7.89,52554,6066.37
749,0.8537932708859444,,8.15,52612,6074.52
750,0.942373126745224,0.8833639820416769,8.66,52630,6083.18
751,0.9322693049907684,,8.12,52405,6091.30
752,0.924823708832264,,8.18,52523,6099.48
753,0.861447274684906,,7.67,52144,6107.15
754,0.8717500120401382,,7.25,52611,6114.40
755,0.9659573882818222,0.9430800875027975,8.25,52875,6122.65
756,0.9537549540400505,,7.99,53116,6130.64
757,0.8491915613412857,,7.66,52690,6138.30
758,0.8879449218511581,,7.37,52728,6145.67
759,0.8885970562696457,,7.36,52622,6153.03
760,0.8653089851140976,0.9337583780288696,8.02,52490,6161.05
761,0.9630829989910126,,7.26,52874,6168.30
762,0.9850180819630623,,7.87,52566,6176.18
763,0.939043328166008,,7.41,52457,6183.58
764,0.928919106721878,,8.53,52621,6192.11
765,0.9098661616444588,0.8328031102816263,8.55,52894,6200.66
766,0.9214383438229561,,8.32,52793,6208.98
767,0.9597105160355568,,8.14,52533,6217.12
768,0.8564552143216133,,7.68,52450,6224.80
769,0.8710371032357216,,7.50,52649,6232.30
770,0.8874536827206612,0.9058961272239685,8.27,52606,6240.57
771,0.9129271507263184,,7.90,52627,6248.47
772,0.8768257051706314,,7.71,52620,6256.18
773,0.9127519354224205,,8.04,52621,6264.22
774,0.8798225522041321,,7.88,52675,6272.11
775,0.9457665383815765,0.8886695901552836,7.62,52405,6279.72
776,0.9037672504782677,,8.42,52162,6288.14
777,0.8683262765407562,,8.34,52511,6296.48
778,0.950315572321415,,7.56,52851,6304.04
779,0.9497679024934769,,7.96,52411,6312.00
780,0.9199304282665253,0.858247697353363,7.88,52693,6319.88
781,0.8289973586797714,,7.93,52775,6327.81
782,0.8677401542663574,,7.95,52429,6335.76
783,0.9060371294617653,,8.28,52759,6344.04
784,0.9508891701698303,,8.11,52584,6352.14
785,0.8936842456459999,0.9117383559544882,8.37,52657,6360.51
786,0.9093774706125259,,8.29,52811,6368.80
787,0.9690721705555916,,7.17,52335,6375.97
788,0.915482185781002,,7.51,52570,6383.48
789,0.882842130959034,,8.06,52562,6391.55
790,0.8906879350543022,0.7768103281656901,8.72,52702,6400.27
791,0.8930730894207954,,8.11,52513,6408.38
792,0.8906742855906487,,8.06,52931,6416.44
793,0.9703270122408867,,8.45,53066,6424.89
794,0.8950218632817268,,8.07,52481,6432.96
795,0.883986122906208,0.8007041414578756,8.50,52817,6441.45
796,0.8464697301387787,,8.14,52565,6449.59
797,0.8407812938094139,,8.33,52973,6457.92
798,0.8764101266860962,,8.64,52874,6466.56
799,0.9549339041113853,,8.41,52719,6474.96
800,0.907303586602211,0.8288899660110474,8.07,52227,6483.04
801,0.8880845010280609,,7.90,52392,6490.93
802,0.9552526846528053,,8.18,52671,6499.11
803,0.8856741562485695,,8.08,53142,6507.19
804,0.9133028984069824,,8.29,52501,6515.48
805,0.9085613489151001,0.8709644476572672,8.26,52357,6523.74
806,0.8769428730010986,,8.10,52695,6531.84
807,0.8859780132770538,,8.49,52657,6540.32
808,0.9086414948105812,,8.21,52603,6548.54
809,0.9176621660590172,,7.51,52679,6556.05
810,0.8767266944050789,0.8375037908554077,7.82,52444,6563.86
811,0.8889118134975433,,8.53,53073,6572.39
812,0.8901078328490257,,8.03,52788,6580.42
813,0.9071693792939186,,7.68,52719,6588.10
814,0.8997602388262749,,7.77,52585,6595.86
815,0.8812953680753708,0.8363847136497498,7.78,52667,6603.65
816,0.9290328770875931,,7.77,52799,6611.42
817,0.9309212788939476,,8.38,52567,6619.80
818,0.8921115100383759,,7.21,52563,6627.01
819,0.961954690515995,,7.68,52958,6634.69
820,0.8426161333918571,0.9143698414166769,8.14,52476,6642.83
821,0.9102659374475479,,7.74,52313,6650.57
822,0.881088137626648,,8.19,52917,6658.77
823,0.9166069328784943,,8.12,52805,6666.89
824,0.908917136490345,,8.13,52631,6675.02
825,0.9248192459344864,0.8530341188112894,7.88,53268,6682.89
826,0.905473530292511,,7.60,52814,6690.50
827,0.9477895051240921,,8.18,52584,6698.67
828,0.9086060971021652,,8.16,52430,6706.83
829,0.9013322219252586,,7.72,52715,6714.55
830,0.9038888290524483,0.8964110016822815,7.72,52619,6722.27
831,0.8754583597183228,,7.92,52736,6730.18
832,0.9291950166225433,,8.00,52684,6738.18
833,0.9150553345680237,,8.63,52480,6746.81
834,0.8846379444003105,,8.22,52579,6755.03
835,0.9218377247452736,0.8648093342781067,7.77,52659,6762.80
836,0.9305592626333237,,8.23,52384,6771.03
837,0.9146032780408859,,8.59,52635,6779.62
838,0.9031172171235085,,7.70,52481,6787.32
839,0.8412135541439056,,8.37,52809,6795.69
840,0.8779017478227615,0.9158219297726949,8.47,52386,6804.17
841,0.9410295784473419,,8.40,52475,6812.57
842,0.8834851533174515,,8.27,52830,6820.84
843,0.9413164556026459,,8.40,53056,6829.24
844,0.8751075491309166,,8.43,52868,6837.67
845,0.9000182300806046,0.8643027544021606,8.31,52655,6845.98
846,0.940949484705925,,8.49,52682,6854.47
847,0.8483816236257553,,8.20,52507,6862.67
848,0.8466245383024216,,8.35,52537,6871.02
849,0.9389566779136658,,8.11,52332,6879.13
850,0.9299090206623077,0.9150288303693136,7.35,53060,6886.48
851,0.8785254135727882,,7.52,52659,6894.00
852,0.9081706777215004,,7.41,52965,6901.41
853,0.9098162949085236,,8.28,52446,6909.70
854,0.9669704139232635,,7.62,52560,6917.32
855,0.9284395799040794,0.9091075658798218,7.87,52662,6925.19
856,0.9155768901109695,,8.03,52426,6933.22
857,0.8919025436043739,,7.89,52833,6941.11
858,0.9030273035168648,,7.93,52444,6949.05
859,0.8544067963957787,,7.84,52787,6956.89
860,0.8933182060718536,0.849280039469401,7.54,52676,6964.43
861,0.8428738638758659,,7.74,52530,6972.17
862,0.9106773808598518,,7.68,52525,6979.85
863,0.8707504197955132,,7.45,52949,6987.30
864,0.9158272296190262,,7.84,52686,6995.14
865,0.832918331027031,0.9469950993855795,7.87,52704,7003.01
866,0.8677343055605888,,7.28,52666,7010.30
867,0.8933546990156174,,7.72,52583,7018.02
868,0.9184559658169746,,7.76,52654,7025.78
869,0.9114887714385986,,8.29,52677,7034.06
870,0.9301091507077217,0.8384046951929728,8.15,52801,7042.22
871,0.8811126351356506,,8.13,52875,7050.35
872,0.9094006270170212,,7.75,52535,7058.09
873,0.8734347596764565,,8.08,52570,7066.17
874,0.8324546217918396,,8.05,52447,7074.22
875,0.8568444475531578,0.7901510198911031,8.63,52881,7082.85
876,0.8898788243532181,,7.70,53043,7090.55
877,0.878437802195549,,7.98,52771,7098.53
878,0.8388956934213638,,7.99,53208,7106.52
879,0.8770454525947571,,7.99,52620,7114.51
880,0.8676176816225052,0.8327089349428812,7.53,52995,7122.03
881,0.9080753177404404,,8.02,52631,7130.06
882,0.9000803977251053,,7.56,52596,7137.61
883,0.853473037481308,,7.66,52864,7145.27
884,0.8629951551556587,,7.91,52715,7153.18
885,0.854279562830925,0.936820904413859,7.77,52858,7160.95
886,0.8674889579415321,,7.39,52310,7168.33
887,0.8715208098292351,,7.63,52357,7175.96
888,0.9501090347766876,,7.60,52147,7183.56
889,0.8605473637580872,,7.52,52450,7191.08
890,0.8907759562134743,0.8881135582923889,7.28,52626,7198.37
891,0.9445236325263977,,7.58,52575,7205.95
892,0.8717913925647736,,7.88,52425,7213.82
893,0.858649417757988,,7.80,52842,7221.62
894,0.8854742869734764,,8.26,52542,7229.89
895,0.8752341195940971,0.9160213470458984,7.86,52451,7237.75
896,0.914102241396904,,7.86,52353,7245.61
897,0.950956255197525,,7.60,52814,7253.21
898,0.939821183681488,,7.36,52659,7260.57
899,0.8994418904185295,,7.54,52516,7268.11
900,0.9193600863218307,0.8378137548764547,7.71,52653,7275.81
901,0.8269150704145432,,7.87,52679,7283.69
902,0.8444783836603165,,8.09,52698,7291.77
903,0.8412159755825996,,18.62,52450,7310.39
904,0.8652035892009735,,7.74,52842,7318.13
905,0.8530713990330696,0.8424487709999084,8.10,52502,7326.24
906,0.9124560058116913,,8.03,52213,7334.27
907,0.8545386642217636,,8.54,52708,7342.81
908,0.8929993659257889,,8.21,52766,7351.03
909,0.8685284778475761,,7.84,52534,7358.87
910,0.873843178153038,0.9316618243853251,8.00,52879,7366.87
911,0.8413398712873459,,8.18,52871,7375.04
912,0.8956387639045715,,8.51,52983,7383.55
913,0.8986082896590233,,8.57,52708,7392.12
914,0.8523532450199127,,7.99,52797,7400.11
915,0.9045995399355888,0.9211825529734293,7.93,53011,7408.04
916,0.850224107503891,,8.20,52865,7416.24
917,0.9243257120251656,,8.28,52553,7424.52
918,0.8683154061436653,,7.61,52538,7432.13
919,0.8056464865803719,,8.15,52431,7440.28
920,0.8854325786232948,0.8974538048108419,8.34,52491,7448.62
921,0.8321176096796989,,7.93,52868,7456.56
922,0.8706938326358795,,7.76,52485,7464.31
923,0.8495519012212753,,7.66,52498,7471.97
924,0.882761999964714,,8.03,52979,7480.00
925,0.9046955928206444,0.874116043249766,7.57,52865,7487.57
926,0.9376576617360115,,8.49,52554,7496.06
927,0.9224953353404999,,8.01,52723,7504.07
928,0.8710650727152824,,7.78,52682,7511.86
929,0.8792008832097054,,7.94,52951,7519.79
930,0.8807723671197891,0.7950565417607626,7.35,52562,7527.14
931,0.8063997477293015,,8.06,52743,7535.20
932,0.9274706467986107,,8.25,52585,7543.45
933,0.8627033159136772,,7.82,52934,7551.28
934,0.8785825371742249,,7.70,52488,7558.97
935,0.8529054149985313,0.8555781443913778,7.90,52594,7566.87
936,0.8769411370158195,,8.15,52697,7575.02
937,0.8501804620027542,,8.50,52432,7583.52
938,0.8692671209573746,,8.04,52733,7591.56
939,0.934581458568573,,8.32,52619,7599.88
940,0.8714322447776794,0.8292121887207031,8.61,52599,7608.49
941,0.858869194984436,,7.97,52739,7616.46
942,0.9345305189490318,,8.12,52556,7624.59
943,0.8915880545973778,,8.21,53010,7632.80
944,0.9206366240978241,,7.90,52494,7640.69
945,0.8990820422768593,0.8643778363863627,8.42,52654,7649.11
946,0.8731884658336639,,7.24,52658,7656.35
947,0.8697357699275017,,7.53,52486,7663.88
948,0.8880028873682022,,8.30,52457,7672.17
949,0.8503432869911194,,7.67,52635,7679.84
950,0.913486011326313,0.8252605199813843,8.14,52987,7687.99
951,0.9063158482313156,,7.82,52560,7695.81
952,0.8094026446342468,,7.72,52217,7703.53
953,0.8510110974311829,,8.63,53035,7712.15
954,0.8656371310353279,,8.25,52508,7720.41
955,0.8854894191026688,0.8319937984148661,7.73,52893,7728.13
956,0.8879116401076317,,7.67,52503,7735.80
957,0.8496756628155708,,7.51,53204,7743.31
958,0.8292265236377716,,7.85,52516,7751.17
959,0.8863564804196358,,7.46,52558,7758.62
960,0.89476378262043,0.8117852807044983,8.34,53013,7766.96
961,0.8656966462731361,,8.12,52840,7775.09
962,0.8325885385274887,,7.55,52819,7782.64
963,0.874367356300354,,7.65,52319,7790.28
964,0.8946397304534912,,8.37,52580,7798.65
965,0.8734426945447922,0.8223004341125488,8.14,52709,7806.79
966,0.8639280945062637,,8.16,52910,7814.95
967,0.8067787289619446,,7.60,52571,7822.55
968,0.9132372811436653,,7.96,52822,7830.51
969,0.8315934613347054,,8.24,52457,7838.75
970,0.8823310434818268,0.8985610008239746,7.62,52754,7846.37
971,0.9002721384167671,,8.64,52651,7855.01
972,0.8780688643455505,,8.85,52862,7863.86
973,0.9405975565314293,,8.23,52524,7872.09
974,0.8564745262265205,,8.46,52770,7880.55
975,0.8794305101037025,0.8923852841059366,8.50,52566,7889.05
976,0.8298999071121216,,8.63,52785,7897.68
977,0.8832788094878197,,8.49,52738,7906.18
978,0.8650408312678337,,8.32,52648,7914.50
979,0.8763839527964592,,8.23,52840,7922.73
980,0.8409848362207413,0.8858480453491211,8.30,52551,7931.03
981,0.9309054836630821,,8.30,52757,7939.33
982,0.807833231985569,,7.88,52497,7947.21
983,0.8877035230398178,,7.72,52445,7954.93
984,0.8540993183851242,,8.85,52403,7963.78
985,0.8493505865335464,0.90276038646698,9.66,52632,7973.44
986,0.9205103144049644,,8.22,52613,7981.65
987,0.8936249911785126,,8.74,52540,7990.39
988,0.8722423017024994,,7.98,53046,7998.36
989,0.8980366066098213,,7.93,52605,8006.29
990,0.8683315888047218,0.8096195459365845,7.80,52593,8014.09
991,0.899154968559742,,7.77,52853,8021.86
992,0.8760166242718697,,8.06,52793,8029.92
993,0.877846896648407,,8.30,52629,8038.23
994,0.8729708194732666,,8.41,52645,8046.64
995,0.8741329461336136,0.8577298919359843,8.00,52422,8054.63
996,0.8429537042975426,,7.71,52552,8062.34
997,0.8656064942479134,,7.51,52531,8069.85
998,0.8824467658996582,,7.95,52758,8077.80
999,0.9083219468593597,,8.03,52507,8085.83
1000,0.9136945232748985,0.8444843689600626,8.24,52772,8094.07
1001,0.8929090946912766,,8.41,52558,8102.48
1002,0.8489795699715614,,7.90,52615,8110.38
1003,0.8982977122068405,,7.86,52550,8118.24
1004,0.8061643540859222,,7.90,53071,8126.14
1005,0.8925152271986008,0.8516055345535278,8.08,52621,8134.22
1006,0.8520365729928017,,8.07,52645,8142.29
1007,0.912206195294857,,7.67,52577,8149.95
1008,0.8379550203680992,,7.74,52692,8157.70
1009,0.8598800301551819,,7.48,52844,8165.17
1010,0.95314060151577,0.8394741614659628,7.63,52802,8172.80
1011,0.8242688626050949,,7.41,52548,8180.21
1012,0.8196897879242897,,7.71,52488,8187.92
1013,0.8542805016040802,,7.90,52635,8195.82
1014,0.8468318358063698,,7.98,52606,8203.80
1015,0.8507696092128754,0.9069446722666422,8.04,52764,8211.84
1016,0.8258480057120323,,8.99,52829,8220.83
1017,0.8492771461606026,,9.51,52697,8230.34
1018,0.8966742530465126,,9.21,52860,8239.55
1019,0.8842983022332191,,10.16,52684,8249.71
1020,0.8943457677960396,0.8718746503194174,8.52,52498,8258.23
1021,0.8331406787037849,,9.02,52372,8267.25
1022,0.8260166347026825,,9.32,52759,8276.57
1023,0.850197046995163,,9.30,52482,8285.86
1024,0.8871850520372391,,9.10,53047,8294.96
1025,0.8652124330401421,0.8145190874735514,9.40,52652,8304.36
1026,0.8459478616714478,,9.71,52529,8314.07
1027,0.8535162881016731,,8.76,52579,8322.83
1028,0.8711963146924973,,8.87,52858,8331.70
1029,0.8365090489387512,,7.87,52832,8339.57
1030,0.8484780713915825,0.9268401861190796,8.14,52996,8347.70
1031,0.8367143422365189,,8.48,52475,8356.18
1032,0.8169754222035408,,8.79,52526,8364.97
1033,0.8035409674048424,,8.67,52487,8373.65
1034,0.8723638281226158,,8.43,52324,8382.07
1035,0.8445701003074646,0.8692634105682373,8.54,52216,8390.61
1036,0.8290539905428886,,8.65,52820,8399.26
1037,0.8575964197516441,,8.08,52653,8407.34
1038,0.8805555030703545,,8.40,52835,8415.75
1039,0.8194363489747047,,7.93,52562,8423.68
1040,0.8736008927226067,0.8152535756429037,8.48,52362,8432.16
1041,0.8284310474991798,,7.67,52565,8439.83
1042,0.8559342697262764,,7.31,52794,8447.14
1043,0.8424292653799057,,8.00,52589,8455.15
1044,0.8604061529040337,,8.03,52623,8463.18
1045,0.8571701496839523,0.836246112982432,8.06,52945,8471.24
1046,0.8643877357244492,,8.04,52525,8479.28
1047,0.8745705634355545,,8.23,52857,8487.51
1048,0.8399487212300301,,7.62,52864,8495.13
1049,0.8027608320116997,,7.70,52693,8502.83
1050,0.8491731062531471,0.7946178118387858,8.77,52885,8511.60
1051,0.8827851787209511,,7.95,52460,8519.55
1052,0.8791364207863808,,8.10,52481,8527.65
1053,0.8476195558905602,,8.30,52493,8535.95
1054,0.8789673075079918,,8.68,52417,8544.63
1055,0.8508492335677147,0.8280785083770752,9.18,52335,8553.80
1056,0.8463695347309113,,9.27,52570,8563.08
1057,0.8226379826664925,,9.95,52659,8573.03
1058,0.8475870937108994,,9.08,52509,8582.11
1059,0.8111062794923782,,9.04,52760,8591.15
1060,0.8190014511346817,0.9019319415092468,8.86,52842,8600.01
1061,0.828267827630043,,9.62,52617,8609.63
1062,0.8844409808516502,,9.80,52682,8619.44
1063,0.859609842300415,,8.80,52608,8628.24
1064,0.8395836427807808,,9.20,52648,8637.44
1065,0.8428328260779381,0.8894540071487427,9.21,53027,8646.65
1066,0.8371950685977936,,8.94,52530,8655.59
1067,0.8716181144118309,,8.29,52535,8663.88
1068,0.892808623611927,,8.46,52728,8672.34
1069,0.8639605343341827,,8.48,52553,8680.81
1070,0.849059447646141,0.8614584803581238,7.65,52716,8688.46
1071,0.8609242737293243,,8.20,52981,8696.67
1072,0.8805574104189873,,7.61,52800,8704.27
1073,0.8826793804764748,,7.78,52380,8712.05
1074,0.8419100046157837,,7.88,52403,8719.94
1075,0.8115486726164818,0.8498759468396505,7.49,52586,8727.42
1076,0.8119705244898796,,7.58,52631,8735.00
1077,0.8107658624649048,,7.77,52577,8742.77
1078,0.8474544286727905,,7.87,52656,8750.64
1079,0.8674583062529564,,8.16,52579,8758.80
1080,0.8052499443292618,0.900524914264679,8.38,52683,8767.18
1081,0.8209758102893829,,7.60,52650,8774.78
1082,0.872414119541645,,7.55,52473,8782.33
1083,0.8607569709420204,,7.82,53000,8790.15
1084,0.8564014136791229,,8.06,53285,8798.21
1085,0.8651285246014595,0.9608896970748901,8.20,52893,8806.41
1086,0.815060555934906,,8.81,52923,8815.23
1087,0.8190020471811295,,8.40,52643,8823.62
1088,0.850386418402195,,8.05,52711,8831.67
1089,0.887985423207283,,8.53,52909,8840.20
1090,0.8527029305696487,0.882449726263682,7.97,53086,8848.16
1091,0.8561748117208481,,7.66,52510,8855.82
1092,0.762080192565918,,7.41,52599,8863.24
1093,0.8613076061010361,,7.64,52780,8870.87
1094,0.8088219910860062,,8.63,52838,8879.51
1095,0.8340043798089027,0.8964246511459351,8.30,52436,8887.80
1096,0.8452936112880707,,8.45,52617,8896.25
1097,0.8732695356011391,,7.70,52608,8903.95
1098,0.8350199237465858,,7.56,52665,8911.51
1099,0.856225848197937,,8.81,52556,8920.33
1100,0.9153732880949974,0.8539354801177979,8.15,52388,8928.48
1101,0.8316634073853493,,7.90,53107,8936.38
1102,0.8452695831656456,,7.81,52700,8944.19
1103,0.8829671815037727,,8.47,52353,8952.66
1104,0.8666374757885933,,7.72,52823,8960.38
1105,0.8970759510993958,0.9068552652994791,8.07,52570,8968.45
1106,0.8071063235402107,,7.89,52373,8976.34
1107,0.840057261288166,,8.00,52857,8984.35
1108,0.8910390436649323,,7.42,52256,8991.76
1109,0.8897385522723198,,8.35,52685,9000.12
1110,0.8110418915748596,0.8378769755363464,8.43,52816,9008.55
1111,0.8469492569565773,,7.66,53008,9016.21
1112,0.8869758695363998,,8.49,52561,9024.70
1113,0.8177585154771805,,7.76,52573,9032.46
1114,0.8406806662678719,,8.43,52619,9040.88
1115,0.8440301343798637,0.8751242160797119,8.41,52409,9049.29
1116,0.8492418602108955,,7.94,52434,9057.23
1117,0.8612154424190521,,8.41,52922,9065.64
1118,0.8150413557887077,,7.88,52870,9073.52
1119,0.8215101957321167,,7.82,52554,9081.34
1120,0.901916041970253,0.7894121408462524,8.10,52642,9089.44
1121,0.9182198792695999,,8.10,52782,9097.54
1122,0.8969192132353783,,8.27,52666,9105.81
1123,0.8323570117354393,,7.78,52598,9113.59
1124,0.7888064682483673,,7.86,52545,9121.45
1125,0.857880175113678,0.9325669209162394,8.22,52737,9129.67
1126,0.8367156758904457,,7.81,52566,9137.49
1127,0.831777960062027,,7.86,52870,9145.35
1128,0.8207492977380753,,8.07,52837,9153.42
1129,0.8495801836252213,,8.12,52386,9161.55
1130,0.7889172211289406,0.8311090270678202,8.28,52765,9169.83
1131,0.840120293200016,,7.83,52550,9177.66
1132,0.8535681441426277,,7.81,52374,9185.47
1133,0.8833867907524109,,8.09,52533,9193.56
1134,0.8256493657827377,,9.92,52390,9203.48
1135,0.7945810556411743,0.8871013522148132,9.50,52575,9212.98
1136,0.8589788377285004,,8.86,52909,9221.84
1137,0.8438925445079803,,9.04,52797,9230.88
1138,0.8804023563861847,,8.52,52593,9239.40
1139,0.8289368376135826,,7.95,52652,9247.35
1140,0.8658542186021805,0.9075671831766764,7.66,52816,9255.01
1141,0.8296045362949371,,7.63,52391,9262.65
1142,0.8610772043466568,,7.82,52491,9270.47
1143,0.8523451238870621,,7.46,52689,9277.93
1144,0.8800619915127754,,8.20,52662,9286.13
1145,0.8642428889870644,0.8837618231773376,7.63,52737,9293.76
1146,0.8371605575084686,,7.77,52692,9301.53
1147,0.8061768785119057,,8.12,52425,9309.65
1148,0.790974035859108,,8.07,52807,9317.72
1149,0.8441761136054993,,8.05,52619,9325.76
1150,0.8254427164793015,0.84129798412323,8.43,52451,9334.19
1151,0.856085866689682,,8.27,52903,9342.46
1152,0.8440361022949219,,8.43,52798,9350.90
1153,0.8134584650397301,,7.87,52760,9358.76
1154,0.8268896788358688,,7.72,52928,9366.49
1155,0.84410510212183,0.8930386503537496,7.62,52735,9374.11
1156,0.7735458463430405,,7.53,52684,9381.64
1157,0.8282505124807358,,8.11,53134,9389.75
1158,0.7981318384408951,,8.55,52866,9398.30
1159,0.8248695433139801,,7.56,52813,9405.86
1160,0.8216444402933121,0.8852449456850687,8.48,52669,9414.33
1161,0.8431427329778671,,8.30,52385,9422.63
1162,0.8502567932009697,,8.20,52584,9430.83
1163,0.796101376414299,,7.94,53051,9438.77
1164,0.8554756790399551,,7.87,52500,9446.64
1165,0.8366659879684448,0.7500742673873901,7.75,52383,9454.39
1166,0.7982527166604996,,8.19,52645,9462.59
1167,0.8274768441915512,,8.58,52933,9471.17
1168,0.8350644707679749,,8.26,52618,9479.42
1169,0.8221163749694824,,7.58,52688,9487.00
1170,0.8146948665380478,0.8860446214675903,7.55,52752,9494.55
1171,0.8290879428386688,,8.00,52381,9502.55
1172,0.8534291982650757,,7.61,52833,9510.16
1173,0.8212578073143959,,8.31,52808,9518.47
1174,0.8457482233643532,,7.82,52740,9526.30
1175,0.814949244260788,0.8771079579989115,8.29,52781,9534.58
1176,0.8286815583705902,,8.18,52801,9542.76
1177,0.8059048131108284,,8.41,53052,9551.17
1178,0.8614807948470116,,8.59,52488,9559.77
1179,0.8917957618832588,,7.98,52397,9567.75
1180,0.8392301052808762,0.9642028013865153,7.94,52744,9575.69
1181,0.8479608818888664,,8.18,53045,9583.87
1182,0.8272335007786751,,7.98,52829,9591.84
1183,0.7953799664974213,,8.31,52712,9600.16
1184,0.8060557693243027,,8.61,52798,9608.77
1185,0.7790233939886093,0.9005356232325236,8.51,52643,9617.28
1186,0.8219351917505264,,7.78,52475,9625.06
1187,0.8737147152423859,,7.83,52883,9632.89
1188,0.8088586702942848,,7.85,52578,9640.74
1189,0.8765559270977974,,7.61,52546,9648.35
1190,0.8262431621551514,0.959096352259318,7.57,52772,9655.91
1191,0.8250215500593185,,7.87,52742,9663.78
1192,0.8647522702813148,,8.17,52641,9671.95
1193,0.8219844996929169,,7.57,52698,9679.52
1194,0.7981453016400337,,8.74,52577,9688.26
1195,0.7988288402557373,0.8551451762517294,7.60,52422,9695.86
1196,0.8015787899494171,,7.81,52702,9703.67
1197,0.7904023826122284,,7.56,52957,9711.23
1198,0.8696531355381012,,8.44,52950,9719.67
1199,0.8121702373027802,,8.19,52918,9727.86
1200,0.8320625498890877,0.8072094122568766,7.75,52501,9735.60
1201,0.7747792825102806,,8.73,52612,9744.33
1202,0.8452527076005936,,7.61,52705,9751.93
1203,0.8586099967360497,,8.26,52694,9760.20
1204,0.7949376851320267,,8.24,52906,9768.44
1205,0.8428165465593338,0.864488422870636,7.88,52597,9776.32
1206,0.8056611344218254,,8.32,52842,9784.64
1207,0.8278447985649109,,8.39,52376,9793.03
1208,0.8568589463829994,,8.04,52265,9801.08
1209,0.755668580532074,,7.86,52596,9808.93
1210,0.8517800122499466,0.820057193438212,7.85,52973,9816.79
1211,0.8158573657274246,,7.60,52782,9824.39
1212,0.8070337176322937,,8.44,52674,9832.83
1213,0.8079002797603607,,8.02,53003,9840.84
1214,0.8773892298340797,,7.94,52703,9848.78
1215,0.8003202378749847,0.8639454046885172,7.65,52712,9856.43
1216,0.850215382874012,,8.08,52783,9864.51
1217,0.836491622030735,,7.69,52504,9872.20
1218,0.8184052854776382,,7.64,52763,9879.84
1219,0.8272816464304924,,7.65,52367,9887.49
1220,0.8555752709507942,0.8775345881779989,7.67,53011,9895.16
1221,0.8305634707212448,,7.40,52707,9902.56
1222,0.87749794870615,,7.56,53195,9910.12
1223,0.8432544022798538,,7.82,52625,9917.94
1224,0.8268349468708038,,7.86,52950,9925.80
1225,0.8682786896824837,0.9005337754885355,7.82,52615,9933.62
1226,0.8010299503803253,,8.08,52745,9941.71
1227,0.8501735776662827,,8.28,52479,9949.99
1228,0.8030954450368881,,7.88,53112,9957.86
1229,0.8000184893608093,,8.75,52748,9966.61
1230,0.7951281145215034,0.9038357734680176,8.35,52440,9974.96
1231,0.8036918491125107,,8.38,52673,9983.33
1232,0.8317070677876472,,8.25,53023,9991.59
1233,0.7934936285018921,,8.72,52849,10000.31
1234,0.8476793617010117,,7.96,52532,10008.27
1235,0.8029305413365364,0.8630328377087911,7.77,52597,10016.04
1236,0.8527431935071945,,7.98,52552,10024.02
1237,0.8532945662736893,,7.74,52785,10031.75
1238,0.8916938528418541,,7.89,52714,10039.64
1239,0.826323039829731,,8.06,52524,10047.70
1240,0.749967634677887,0.8175093730290731,8.05,52609,10055.75
1241,0.7776883095502853,,8.42,52435,10064.17
1242,0.8164949342608452,,8.20,52967,10072.36
1243,0.8298387676477432,,8.07,52685,10080.44
1244,0.8404052257537842,,8.00,52396,10088.44
1245,0.8144063428044319,0.8409127593040466,7.68,53007,10096.12
1246,0.7850458323955536,,8.41,52873,10104.53
1247,0.8446734696626663,,8.51,52708,10113.04
1248,0.828881673514843,,8.33,52631,10121.36
1249,0.7823565229773521,,7.95,52583,10129.31
1250,0.8468743860721588,0.8961420853932699,7.21,52738,10136.53
1251,0.8321781381964684,,7.44,52714,10143.97
1252,0.8822490945458412,,7.61,52871,10151.58
1253,0.8281237110495567,,8.17,52747,10159.74
1254,0.8502393662929535,,7.59,52610,10167.33
1255,0.833950363099575,0.8417195081710815,7.52,52421,10174.85
1256,0.8382658511400223,,7.57,52603,10182.42
1257,0.8309485986828804,,7.81,52433,10190.23
1258,0.836983397603035,,8.37,52679,10198.60
1259,0.8354932814836502,,7.58,52699,10206.18
1260,0.8220051676034927,0.863466719786326,7.54,52234,10213.72
1261,0.8412817940115929,,7.82,52525,10221.53
1262,0.853617362678051,,7.69,52564,10229.22
1263,0.8331765830516815,,8.12,52495,10237.34
1264,0.8520024567842484,,7.69,52510,10245.03
1265,0.8377685099840164,0.8810973167419434,7.78,52619,10252.81
1266,0.8504643067717552,,7.47,52720,10260.28
1267,0.803414411842823,,8.03,52732,10268.30
1268,0.8434345573186874,,8.19,53222,10276.49
1269,0.807133212685585,,8.45,52617,10284.94
1270,0.7947368919849396,0.7845614552497864,7.89,52487,10292.83
1271,0.7938740029931068,,8.25,52720,10301.08
1272,0.8244866281747818,,8.07,52731,10309.14
1273,0.8391623124480247,,8.26,52782,10317.40
1274,0.8105579912662506,,8.32,52542,10325.72
1275,0.8438269048929214,0.8989713589350382,7.90,52549,10333.62
1276,0.8427136316895485,,8.04,53175,10341.66
1277,0.8701473847031593,,7.76,52710,10349.41
1278,0.84788528829813,,7.96,52873,10357.37
1279,0.7985821813344955,,7.64,52739,10365.01
1280,0.8440008908510208,0.8477124373118082,8.22,52422,10373.24
1281,0.8671681508421898,,8.49,52749,10381.73
1282,0.919964075088501,,7.58,52661,10389.31
1283,0.8429631069302559,,7.56,52724,10396.87
1284,0.7850133031606674,,7.65,52517,10404.51
1285,0.8053744807839394,0.8924117088317871,17.81,52993,10422.33
1286,0.8041590824723244,,7.57,52581,10429.90
1287,0.8869456276297569,,7.84,52824,10437.73
1288,0.820489913225174,,7.93,52551,10445.66
1289,0.8032022938132286,,8.75,52559,10454.41
1290,0.8177193105220795,0.8664542039235433,8.01,52950,10462.42
1291,0.8157724291086197,,7.83,52572,10470.25
1292,0.7945977449417114,,8.19,52396,10478.44
1293,0.7995265126228333,,8.13,52673,10486.57
1294,0.8272175788879395,,8.58,52838,10495.15
1295,0.8389318734407425,0.8853655258814493,8.26,52662,10503.41
1296,0.8599680587649345,,8.25,52438,10511.66
1297,0.8992209061980247,,8.24,52742,10519.90
1298,0.8309322819113731,,7.88,52588,10527.77
1299,0.8117503523826599,,7.57,52510,10535.35
1300,0.8320841863751411,0.8456929127375284,8.45,52422,10543.79
1301,0.8109921738505363,,7.78,52594,10551.57
1302,0.8155761435627937,,8.41,52786,10559.98
1303,0.8575450256466866,,7.91,52597,10567.89
1304,0.8461663946509361,,8.08,52774,10575.97
1305,0.828397661447525,0.8816355466842651,7.74,52683,10583.71
1306,0.8589892610907555,,8.61,52590,10592.31
1307,0.7806934341788292,,7.73,52915,10600.04
1308,0.8229527473449707,,7.92,52560,10607.96
1309,0.7876835763454437,,8.50,52997,10616.46
1310,0.7736515551805496,0.9028518398602804,8.09,52723,10624.55
1311,0.8256755247712135,,8.21,53073,10632.76
1312,0.8148986622691154,,8.21,52959,10640.97
1313,0.8219126313924789,,8.61,52447,10649.58
1314,0.8030004650354385,,7.46,52639,10657.04
1315,0.8155742511153221,0.8063350121180216,7.31,52958,10664.34
1316,0.7484289929270744,,8.27,52547,10672.61
1317,0.781134657561779,,8.16,52643,10680.77
1318,0.8014724254608154,,8.16,52499,10688.93
1319,0.7973401620984077,,8.37,52512,10697.30
1320,0.7900060042738914,0.9182554880777994,8.08,52592,10705.38
1321,0.79323510825634,,8.07,52461,10713.44
1322,0.8360874429345131,,7.99,52708,10721.44
1323,0.8309492021799088,,8.24,52311,10729.68
1324,0.8179716095328331,,7.51,53216,10737.18
1325,0.7948291525244713,0.8537658452987671,7.67,52468,10744.86
1326,0.8461295515298843,,8.05,52550,10752.91
1327,0.7821807935833931,,8.23,52729,10761.14
1328,0.7301318496465683,,8.19,52819,10769.33
1329,0.7861323580145836,,7.91,52639,10777.24
1330,0.7696715891361237,0.8325536449750265,8.06,52834,10785.30
1331,0.8272700682282448,,8.07,52846,10793.37
1332,0.8439896553754807,,8.35,52548,10801.72
1333,0.8102433457970619,,8.30,52548,10810.03
1334,0.7837557420134544,,8.09,52599,10818.12
1335,0.8413053378462791,0.9076715707778931,7.99,52784,10826.11
1336,0.7974737510085106,,8.05,52521,10834.16
1337,0.7953200414776802,,8.00,52834,10842.16
1338,0.810643695294857,,8.60,52681,10850.76
1339,0.8263844028115273,,8.09,52603,10858.85
1340,0.8102782964706421,0.8668900728225708,8.48,52319,10867.33
1341,0.822218269109726,,7.89,52939,10875.22
1342,0.7879938185214996,,8.74,52690,10883.95
1343,0.8666636124253273,,8.03,52575,10891.99
1344,0.8037004917860031,,8.49,52704,10900.48
1345,0.7612000480294228,0.8289879361788431,8.55,52916,10909.03
1346,0.7736702337861061,,7.74,52643,10916.77
1347,0.8260015025734901,,7.74,53180,10924.51
1348,0.7987527772784233,,7.88,53165,10932.39
1349,0.8540196642279625,,7.99,52752,10940.39
1350,0.8154503777623177,0.8469529350598654,7.94,53102,10948.32
1351,0.9240599125623703,,7.75,52403,10956.08
1352,0.8506239205598831,,8.27,52606,10964.35
1353,0.8188523203134537,,8.24,52850,10972.59
1354,0.8138777241110802,,8.65,52413,10981.24
1355,0.8026348054409027,0.8875719507535299,8.31,52837,10989.54
1356,0.7815938889980316,,7.98,52614,10997.53
1357,0.8466598838567734,,7.87,52560,11005.40
1358,0.784562349319458,,8.70,52845,11014.10
1359,0.7923838645219803,,8.50,52686,11022.60
1360,0.7817122340202332,0.9276203910509745,8.46,52992,11031.07
1361,0.8530811667442322,,7.75,52644,11038.81
1362,0.84535051882267,,7.63,53081,11046.44
1363,0.8295361623167992,,7.83,52626,11054.27
1364,0.7878371626138687,,7.49,52770,11061.76
1365,0.7869779840111732,0.8020276228586832,7.87,53087,11069.62
1366,0.7931675314903259,,7.77,52603,11077.39
1367,0.7886078581213951,,8.16,52495,11085.56
1368,0.83123429864645,,7.61,52472,11093.17
1369,0.8074514642357826,,7.57,52785,11100.74
1370,0.827643521130085,0.8462274273236593,8.48,52703,11109.22
1371,0.8328046426177025,,8.53,52308,11117.75
1372,0.7967831715941429,,8.19,52767,11125.94
1373,0.7933049872517586,,8.02,52414,11133.96
1374,0.8133942112326622,,7.80,52549,11141.76
1375,0.769797794520855,0.9544082085291544,7.91,53082,11149.68
1376,0.8124914243817329,,7.99,52973,11157.66
1377,0.7857801616191864,,8.41,52627,11166.07
1378,0.8027334436774254,,7.96,52464,11174.03
1379,0.793122723698616,,7.87,52651,11181.90
1380,0.7941817566752434,0.8147743145624796,7.86,52526,11189.76
1381,0.7957580536603928,,8.10,52620,11197.87
1382,0.8013461530208588,,8.20,52698,11206.07
1383,0.8463773876428604,,7.79,52503,11213.86
1384,0.7808269634842873,,8.20,52548,11222.05
1385,0.8226587325334549,0.8413037260373434,7.85,52380,11229.90
1386,0.7623261362314224,,8.52,52696,11238.42
1387,0.8185485526919365,,8.06,52562,11246.48
1388,0.7630552425980568,,7.73,52456,11254.21
1389,0.7423151358962059,,7.81,52865,11262.02
1390,0.7888674139976501,0.9020553628603617,8.28,52827,11270.30
1391,0.80998145788908,,8.18,52745,11278.48
1392,0.8333360552787781,,7.88,53137,11286.36
1393,0.8399053812026978,,8.52,52472,11294.88
1394,0.8203573897480965,,7.38,52492,11302.26
1395,0.8209084793925285,0.945882260799408,7.94,52625,11310.20
1396,0.771736703813076,,7.94,53118,11318.14
1397,0.8065437972545624,,7.32,52719,11325.46
1398,0.8629174456000328,,7.76,52924,11333.22
1399,0.8189769610762596,,7.95,52771,11341.17
1400,0.7691084891557693,0.8676664233207703,7.62,52374,11348.79
1401,0.7838118001818657,,8.61,52826,11357.40
1402,0.7862554267048836,,7.89,52777,11365.29
1403,0.8333228379487991,,8.28,52550,11373.57
1404,0.7900194451212883,,7.95,52337,11381.52
1405,0.7963619455695152,0.8623464902242025,8.06,52602,11389.57
1406,0.7769079282879829,,8.03,53216,11397.61
1407,0.8059579432010651,,8.11,52517,11405.71
1408,0.7731491103768349,,7.99,52709,11413.71
1409,0.8100695013999939,,8.43,52610,11422.14
1410,0.8728032633662224,0.848434329032898,7.69,52666,11429.83
1411,0.7913618087768555,,7.59,52733,11437.41
1412,0.8006824851036072,,7.86,52887,11445.27
1413,0.861162818968296,,7.58,52325,11452.84
1414,0.7666243091225624,,7.70,52784,11460.55
1415,0.7811199426651001,0.8279285232226054,8.51,52619,11469.06
1416,0.8144747093319893,,7.94,52686,11476.99
1417,0.8150599747896194,,7.98,52818,11484.98
1418,0.8517993912100792,,7.99,52427,11492.96
1419,0.86902666836977,,7.87,52866,11500.83
1420,0.8497689291834831,0.9039719899495443,7.40,52925,11508.23
1421,0.7842672765254974,,7.71,52716,11515.93
1422,0.7660112082958221,,8.07,52927,11524.01
1423,0.7871546968817711,,7.60,52691,11531.61
1424,0.783213883638382,,7.78,52592,11539.38
1425,0.7958546131849289,0.8499772747357687,7.31,52879,11546.70
1426,0.7995558306574821,,7.67,52747,11554.37
1427,0.7987910732626915,,7.48,52639,11561.86
1428,0.8139891028404236,,7.93,52707,11569.79
1429,0.7764647975564003,,8.07,52919,11577.86
1430,0.8070509731769562,0.7678097685178121,7.77,52474,11585.63
1431,0.8244374915957451,,7.91,52590,11593.54
1432,0.8399635702371597,,7.66,53142,11601.20
1433,0.8276288509368896,,7.48,52464,11608.68
1434,0.8372375443577766,,8.01,52429,11616.69
1435,0.7982631996273994,0.887992262840271,7.81,53044,11624.50
1436,0.8604914546012878,,7.59,52449,11632.08
1437,0.7793641537427902,,7.99,52804,11640.08
1438,0.7931215837597847,,8.00,52298,11648.08
1439,0.7928411588072777,,7.84,52423,11655.92
1440,0.7867508083581924,0.9482075174649557,8.42,52615,11664.34
1441,0.7964523509144783,,8.50,52829,11672.83
1442,0.8398090079426765,,7.99,52434,11680.82
1443,0.7622065991163254,,7.52,52727,11688.34
1444,0.8332512676715851,,7.96,52624,11696.30
1445,0.7845947071909904,0.8649165829022726,8.25,52553,11704.55
1446,0.8076817020773888,,8.43,52622,11712.99
1447,0.7735147550702095,,7.79,52585,11720.78
1448,0.7987131997942924,,8.10,52865,11728.88
1449,0.7405125051736832,,8.25,52466,11737.13
1450,0.798710934817791,0.8912074367205302,7.51,52571,11744.64
1451,0.8128232508897781,,8.20,52676,11752.83
1452,0.8015053868293762,,7.72,52662,11760.55
1453,0.793957456946373,,8.02,52647,11768.57
1454,0.8303326964378357,,8.31,52805,11776.89
1455,0.744146816432476,0.8357042670249939,8.20,52760,11785.09
1456,0.8189110681414604,,8.08,52641,11793.17
1457,0.8461248800158501,,7.33,53083,11800.50
1458,0.7834766432642937,,7.81,52890,11808.31
1459,0.7298541367053986,,7.69,52633,11816.00
1460,0.8101719915866852,0.7779113252957662,8.34,52742,11824.34
1461,0.8472171053290367,,7.69,52894,11832.03
1462,0.8097799494862556,,8.60,52548,11840.64
1463,0.8167793974280357,,8.53,52553,11849.17
1464,0.7789170295000076,,7.58,52530,11856.75
1465,0.8030286878347397,0.9079680442810059,8.02,52696,11864.77
1466,0.8184560462832451,,8.49,52706,11873.27
1467,0.7965854108333588,,8.34,52753,11881.61
1468,0.8023045137524605,,8.28,52674,11889.89
1469,0.7819645181298256,,7.86,52616,11897.74
1470,0.8232294470071793,0.9202155868212382,7.95,52543,11905.70
1471,0.7478948459029198,,7.58,53138,11913.27
1472,0.7958857715129852,,8.74,52522,11922.01
1473,0.8314492329955101,,8.35,52525,11930.35
1474,0.7797293812036514,,7.69,52693,11938.04
1475,0.7787329405546188,0.8748157024383545,8.53,53104,11946.57
1476,0.7979628220200539,,8.17,52530,11954.74
1477,0.7795301452279091,,7.36,52687,11962.10
1478,0.7773738875985146,,7.69,52357,11969.78
1479,0.7413469403982162,,8.15,52506,11977.93
1480,0.8333457112312317,0.9050798217455546,8.21,52471,11986.15
1481,0.8430055752396584,,8.33,52684,11994.48
1482,0.8410874828696251,,7.71,52641,12002.19
1483,0.8366492539644241,,8.04,52482,12010.23
1484,0.7717497795820236,,8.54,52704,12018.77
1485,0.7466406896710396,0.9188061555226644,7.90,52543,12026.67
1486,0.8571061417460442,,7.96,52637,12034.63
1487,0.8394516408443451,,7.97,52826,12042.60
1488,0.7933006286621094,,8.20,52621,12050.80
1489,0.8207801952958107,,8.33,52367,12059.13
1490,0.7919239029288292,0.8805953661600748,8.04,52885,12067.16
1491,0.7674411088228226,,7.84,52882,12075.00
1492,0.8195588067173958,,8.34,52680,12083.34
1493,0.8237678036093712,,7.89,53375,12091.23
1494,0.7936815023422241,,7.21,52435,12098.44
1495,0.7935033589601517,0.88106369972229,7.79,52289,12106.23
1496,0.7653810679912567,,7.60,52778,12113.83
1497,0.8542676791548729,,7.86,52557,12121.68
1498,0.7927394062280655,,7.60,52583,12129.29
1499,0.8231681808829308,,7.82,52941,12137.11
1500,0.8213685005903244,0.8707005977630615,7.85,52627,12144.96
1501,0.780992902815342,,7.85,52675,12152.81
1502,0.8187591731548309,,8.17,52750,12160.98
1503,0.804441437125206,,7.87,52878,12168.85
1504,0.8154594898223877,,7.71,52183,12176.56
1505,0.8421043828129768,0.8464416265487671,7.60,52829,12184.16
1506,0.7949752286076546,,7.59,52657,12191.75
1507,0.7508872598409653,,7.43,52823,12199.18
1508,0.7988360300660133,,8.13,52369,12207.30
1509,0.8202893063426018,,8.43,52281,12215.73
1510,0.7836249098181725,0.9568434755007426,8.53,52666,12224.26
1511,0.76797915995121,,7.84,52766,12232.11
1512,0.7879863306879997,,7.85,52766,12239.96
1513,0.7578563466668129,,8.45,52865,12248.41
1514,0.7830476835370064,,7.81,52541,12256.22
1515,0.7953443303704262,0.9140311082204183,8.26,53210,12264.48
1516,0.7721299007534981,,8.01,52535,12272.49
1517,0.8045045435428619,,8.23,52737,12280.72
1518,0.7423154190182686,,7.72,52627,12288.44
1519,0.7832573503255844,,7.92,52793,12296.36
1520,0.7400385439395905,0.8874792257944742,7.98,52777,12304.34
1521,0.7749393135309219,,7.77,52570,12312.11
1522,0.8499553948640823,,7.41,52707,12319.52
1523,0.7646773681044579,,7.88,52633,12327.40
1524,0.807347796857357,,7.41,52648,12334.81
1525,0.8075264617800713,0.8704564571380615,8.16,52676,12342.97
1526,0.7546224296092987,,7.37,52278,12350.34
1527,0.7762838304042816,,8.54,52777,12358.88
1528,0.8236634433269501,,8.08,52640,12366.95
1529,0.7890784665942192,,7.93,52903,12374.88
1530,0.7934119179844856,0.8796528180440267,7.83,52651,12382.72
1531,0.7816732451319695,,8.06,52932,12390.77
1532,0.7517894580960274,,8.19,52622,12398.97
1533,0.8306180015206337,,8.56,52747,12407.53
1534,0.8295120671391487,,8.17,52562,12415.70
1535,0.7598401978611946,0.9135573705037435,7.65,52710,12423.34
1536,0.8022115603089333,,7.89,52685,12431.23
1537,0.7723398879170418,,7.91,52682,12439.14
1538,0.8118266239762306,,8.05,52688,12447.19
1539,0.8347892984747887,,8.24,52327,12455.43
1540,0.7928251475095749,0.9469655752182007,7.89,52570,12463.32
1541,0.8024100884795189,,8.61,52831,12471.93
1542,0.7708198130130768,,8.39,52412,12480.32
1543,0.7903218269348145,,7.48,52738,12487.80
1544,0.8238250911235809,,8.67,52568,12496.48
1545,0.819682776927948,0.8048299551010132,8.12,52674,12504.60
1546,0.8408323004841805,,7.61,52444,12512.21
1547,0.7620479464530945,,8.08,52519,12520.29
1548,0.7592897489666939,,7.47,52556,12527.76
1549,0.777180977165699,,8.02,52835,12535.78
1550,0.7692785337567329,0.9509305159250895,7.62,52463,12543.41
1551,0.7825912833213806,,7.79,52630,12551.20
1552,0.8005485311150551,,8.00,52588,12559.19
1553,0.8066773265600204,,7.67,52798,12566.86
1554,0.7880093976855278,,7.51,52866,12574.37
1555,0.7668490931391716,0.8389487663904825,8.13,52944,12582.50
1556,0.7386634796857834,,8.01,52784,12590.52
1557,0.7550706788897514,,7.85,52604,12598.36
1558,0.8117068856954575,,7.79,52777,12606.15
1559,0.7938971519470215,,7.65,52358,12613.80
1560,0.8212033361196518,0.9146173993746439,7.36,52543,12621.16
1561,0.7860021591186523,,8.14,52950,12629.30
1562,0.7563667744398117,,8.03,52494,12637.33
1563,0.7542383521795273,,8.03,52741,12645.36
1564,0.7504022791981697,,8.20,52368,12653.56
1565,0.7604207247495651,0.8937011957168579,8.41,52763,12661.97
1566,0.7325758039951324,,7.96,52941,12669.94
1567,0.7877973839640617,,7.96,52724,12677.89
1568,0.7837827652692795,,7.66,52946,12685.55
1569,0.8071959540247917,,7.86,52924,12693.42
1570,0.8153883367776871,0.871039609114329,8.42,52658,12701.83
1571,0.8438789397478104,,8.30,52515,12710.13
1572,0.7767463698983192,,8.38,52615,12718.51
1573,0.7810237035155296,,8.48,52785,12727.00
1574,0.7402153164148331,,8.19,52818,12735.19
1575,0.7499010935425758,0.9565431276957194,7.45,52556,12742.63
1576,0.7749213576316833,,7.94,52680,12750.58
1577,0.7742557898163795,,8.39,52814,12758.97
1578,0.8001837655901909,,7.93,52674,12766.90
1579,0.7859254851937294,,7.74,52589,12774.63
1580,0.7869725301861763,0.7705617149670919,8.44,52861,12783.07
1581,0.802215963602066,,8.52,52726,12791.59
1582,0.7585929408669472,,8.01,53021,12799.60
1583,0.7588493824005127,,8.19,52397,12807.79
1584,0.7841624543070793,,8.25,52574,12816.03
1585,0.8048524782061577,0.8414979775746664,7.97,52669,12824.01
1586,0.7617757692933083,,8.13,52930,12832.13
1587,0.8072147145867348,,7.79,52681,12839.93
1588,0.7808967679738998,,8.15,52750,12848.08
1589,0.783253937959671,,7.47,53243,12855.55
1590,0.7906486093997955,0.8880007465680441,7.45,52549,12862.99
1591,0.7639634981751442,,7.93,53021,12870.93
1592,0.8122446537017822,,7.66,52495,12878.59
1593,0.7669642865657806,,7.66,52272,12886.25
1594,0.7697150260210037,,7.96,52841,12894.21
1595,0.7998278066515923,0.8884838024775187,7.70,52801,12901.91
1596,0.8144215568900108,,8.08,52840,12909.99
1597,0.7784677371382713,,7.85,52670,12917.84
1598,0.7553687170147896,,8.10,52793,12925.94
1599,0.7581550627946854,,8.32,52688,12934.26
1600,0.8076353818178177,0.862532377243042,8.11,53182,12942.37
1601,0.7943820282816887,,8.00,52877,12950.38
1602,0.8122400194406509,,7.37,52373,12957.75
1603,0.8000044524669647,,7.63,52697,12965.38
1604,0.8261274099349976,,7.64,52765,12973.02
1605,0.7953577563166618,0.8303871750831604,7.66,52422,12980.68
1606,0.7321599796414375,,7.75,52606,12988.43
1607,0.7984267771244049,,7.36,52873,12995.79
1608,0.7809339240193367,,7.77,52249,13003.56
1609,0.7647483348846436,,7.51,52458,13011.07
1610,0.753861278295517,0.881495475769043,7.45,53136,13018.52
1611,0.7844103500247002,,7.51,52579,13026.03
1612,0.8077185079455376,,7.47,52513,13033.50
1613,0.7458492144942284,,7.49,52446,13040.99
1614,0.8109358102083206,,8.44,52715,13049.43
1615,0.8072491437196732,0.888891319433848,7.99,52937,13057.42
1616,0.7933655753731728,,7.95,52810,13065.37
1617,0.8105551451444626,,8.22,52806,13073.59
1618,0.7351582497358322,,7.90,52801,13081.49
1619,0.7980342134833336,,8.13,52484,13089.62
1620,0.7469904720783234,0.9279291232426962,8.20,52776,13097.82
1621,0.8263493254780769,,8.25,52484,13106.08
1622,0.7792157679796219,,8.29,52759,13114.37
1623,0.8695336356759071,,8.27,52643,13122.64
1624,0.7686475962400436,,8.28,52725,13130.92
1625,0.764469139277935,0.8585958878199259,7.72,52523,13138.65
1626,0.7362537607550621,,8.11,52698,13146.76
1627,0.7549240067601204,,7.40,52689,13154.15
1628,0.802420362830162,,7.74,52527,13161.89
1629,0.7833554148674011,,8.35,52887,13170.24
1630,0.7607165351510048,0.8790366649627686,7.62,52607,13177.86
1631,0.7832031100988388,,8.45,52754,13186.31
1632,0.8001874759793282,,8.55,52509,13194.86
1633,0.804898701608181,,7.82,52662,13202.68
1634,0.8002098947763443,,7.73,53072,13210.41
1635,0.7435642257332802,0.8254957795143127,7.82,52561,13218.23
1636,0.7926064804196358,,7.66,53295,13225.89
1637,0.8150270730257034,,7.74,52254,13233.63
1638,0.8114509731531143,,7.98,52511,13241.61
1639,0.7550162822008133,,7.66,53001,13249.26
1640,0.7773450613021851,0.8980945547421774,8.31,52589,13257.58
1641,0.8501211628317833,,7.36,52593,13264.94
1642,0.7280668094754219,,7.99,53096,13272.93
1643,0.776932068169117,,8.06,52362,13280.99
1644,0.7893446236848831,,8.08,52499,13289.07
1645,0.7641397193074226,0.8920882344245911,8.10,52615,13297.17
1646,0.7591544017195702,,7.38,52359,13304.55
1647,0.7273025065660477,,8.42,52685,13312.97
1648,0.7830315977334976,,7.87,52762,13320.84
1649,0.8138951510190964,,7.68,52806,13328.52
1650,0.774452343583107,0.8737331628799438,8.22,52934,13336.74
1651,0.7840522155165672,,7.64,52843,13344.38
1652,0.8283166140317917,,7.58,52687,13351.95
1653,0.8160443380475044,,8.07,52690,13360.02
1654,0.8075623512268066,,8.52,52590,13368.54
1655,0.8255158066749573,0.7807138760884603,7.83,52812,13376.36
1656,0.7361099570989609,,7.89,52649,13384.25
1657,0.8192338421940804,,7.92,52623,13392.18
1658,0.8527567014098167,,8.53,52606,13400.70
1659,0.7312419041991234,,17.75,52944,13418.45
1660,0.7695575729012489,0.9336834748586019,8.04,52417,13426.49
1661,0.7763608619570732,,8.17,52548,13434.67
1662,0.8306704387068748,,7.51,52692,13442.18
1663,0.7936305925250053,,8.33,52748,13450.51
1664,0.8121456727385521,,8.46,52512,13458.96
1665,0.7542203813791275,0.8537079493204752,8.35,52695,13467.31
1666,0.764624573290348,,7.37,52406,13474.68
1667,0.7906791046261787,,7.99,52975,13482.67
1668,0.7600564360618591,,8.29,52381,13490.96
1669,0.768325500190258,,8.03,52467,13498.99
1670,0.7476884350180626,0.9077123800913492,8.42,52755,13507.41
1671,0.804436057806015,,7.96,52825,13515.37
1672,0.7618385404348373,,7.49,52409,13522.86
1673,0.7872099503874779,,8.26,52573,13531.12
1674,0.7445491924881935,,8.30,52480,13539.41
1675,0.7494606152176857,0.8418948451677958,7.75,52582,13547.16
1676,0.7547179907560349,,7.82,52683,13554.98
1677,0.8164666816592216,,7.46,52508,13562.44
1678,0.7565746679902077,,7.84,52636,13570.28
1679,0.796837329864502,,8.35,52350,13578.63
1680,0.7586602568626404,0.8602237900098165,8.28,52591,13586.91
1681,0.8002366721630096,,7.58,52825,13594.48
1682,0.7864015623927116,,7.26,52964,13601.74
1683,0.8080481514334679,,7.67,52512,13609.42
1684,0.7440151199698448,,8.40,52702,13617.81
1685,0.7709564790129662,0.8657408555348715,7.57,52912,13625.39
1686,0.7664934396743774,,7.97,52856,13633.36
1687,0.7945488393306732,,7.90,52647,13641.26
1688,0.7597337886691093,,8.20,52756,13649.46
1689,0.7638739347457886,,7.66,52522,13657.13
1690,0.7666617780923843,0.8320088585217794,7.60,52644,13664.73
1691,0.7820060849189758,,7.99,52690,13672.72
1692,0.7563553377985954,,7.89,52910,13680.61
1693,0.7546125799417496,,7.78,52726,13688.40
1694,0.8197394385933876,,7.80,52505,13696.20
1695,0.7812159955501556,0.8761899272600809,8.60,52405,13704.80
1696,0.7791380882263184,,8.34,52657,13713.14
1697,0.767756998538971,,8.03,52703,13721.17
1698,0.7681741863489151,,7.99,52886,13729.15
1699,0.7664219215512276,,7.90,52511,13737.06
1700,0.7743229120969772,0.9377472003300985,7.38,52599,13744.44
1701,0.7808572575449944,,7.34,52444,13751.78
1702,0.7728937342762947,,7.24,52846,13759.02
1703,0.792853906750679,,7.24,52712,13766.27
1704,0.771729126572609,,8.02,52941,13774.28
1705,0.7868833616375923,0.9289452433586121,7.21,52479,13781.49
1706,0.7903759628534317,,7.73,52469,13789.23
1707,0.791492648422718,,7.70,52748,13796.93
1708,0.798264816403389,,7.69,52779,13804.62
1709,0.760821521282196,,8.28,53191,13812.90
1710,0.8049080818891525,0.8685618042945862,7.74,52733,13820.64
1711,0.7874607816338539,,8.37,52741,13829.02
1712,0.7660292536020279,,8.43,52487,13837.45
1713,0.7675560489296913,,8.72,52505,13846.17
1714,0.7386485636234283,,7.50,52618,13853.68
1715,0.7913028299808502,0.9234546621640524,7.91,52367,13861.58
1716,0.7345231026411057,,7.94,52678,13869.52
1717,0.7666228264570236,,8.55,52946,13878.07
1718,0.8039656579494476,,8.26,52750,13886.33
1719,0.7782098725438118,,8.04,52788,13894.37
1720,0.8471879810094833,0.881438414255778,8.03,52500,13902.40
1721,0.7776444107294083,,7.76,52491,13910.15
1722,0.7996470108628273,,8.36,52635,13918.51
1723,0.7512260004878044,,8.20,52849,13926.72
1724,0.8100103065371513,,8.30,52637,13935.01
1725,0.8329474627971649,0.876787265141805,7.83,52720,13942.84
1726,0.8094168081879616,,7.83,52986,13950.67
1727,0.7952472865581512,,8.09,52780,13958.77
1728,0.7748207822442055,,8.60,52628,13967.37
1729,0.7939666137099266,,7.89,52634,13975.25
1730,0.7778676226735115,0.9380090037981669,7.47,52518,13982.73
1731,0.7535906210541725,,7.83,52833,13990.56
1732,0.761374369263649,,7.57,52495,13998.13
1733,0.8030870780348778,,7.67,52629,14005.80
1734,0.7564758956432343,,7.86,53070,14013.67
1735,0.798209547996521,0.8964236974716187,8.03,52399,14021.70
1736,0.7588241994380951,,7.88,52582,14029.58
1737,0.7897443249821663,,8.05,52745,14037.63
1738,0.7863991856575012,,7.73,52690,14045.36
1739,0.7520784437656403,,8.03,52681,14053.39
1740,0.7661210671067238,0.892295261224111,7.99,52857,14061.37
1741,0.8197954893112183,,8.51,52435,14069.88
1742,0.80809186398983,,8.63,52695,14078.52
1743,0.78415547311306,,9.25,52725,14087.76
1744,0.7683841735124588,,8.92,52744,14096.68
1745,0.7724452912807465,0.894641101360321,8.47,52884,14105.15
1746,0.8325413465499878,,7.95,52711,14113.10
1747,0.7152195498347282,,8.56,52900,14121.67
1748,0.7559189423918724,,7.97,52574,14129.64
1749,0.7523071765899658,,8.19,52266,14137.83
1750,0.7247312664985657,0.9380693634351095,7.86,52716,14145.69
1751,0.7669971361756325,,8.17,52733,14153.85
1752,0.7676118612289429,,7.92,52778,14161.77
1753,0.7798046618700027,,8.65,53013,14170.43
1754,0.8045555651187897,,7.69,52720,14178.12
1755,0.764455683529377,0.8762965401013693,7.91,52650,14186.02
1756,0.7816205024719238,,7.95,52651,14193.97
1757,0.7774214819073677,,7.82,52505,14201.79
1758,0.8130324706435204,,8.67,52599,14210.46
1759,0.7595709711313248,,7.62,52869,14218.08
1760,0.7820849716663361,0.9532418847084045,8.27,52777,14226.34
1761,0.7134534046053886,,7.88,53175,14234.22
1762,0.7621325477957726,,7.52,52405,14241.74
1763,0.7378796264529228,,8.27,52967,14250.01
1764,0.75258719176054,,7.61,52574,14257.62
1765,0.7713209167122841,0.9488614002863566,8.02,52377,14265.64
1766,0.7555714175105095,,8.67,52560,14274.31
1767,0.7423349469900131,,7.99,52675,14282.30
1768,0.755722813308239,,7.85,52602,14290.15
1769,0.7298513948917389,,8.19,53071,14298.34
1770,0.7889810130000114,0.8898037274678549,8.36,52927,14306.70
1771,0.7611312568187714,,8.13,52840,14314.83
1772,0.804090291261673,,8.60,52514,14323.43
1773,0.724466048181057,,8.88,52790,14332.31
1774,0.7541181743144989,,7.98,53114,14340.28
1775,0.7863670215010643,0.8848641117413839,8.52,52745,14348.80
1776,0.7909976094961166,,8.12,53223,14356.92
1777,0.7804329246282578,,8.26,52592,14365.19
1778,0.7637837901711464,,7.87,52473,14373.06
1779,0.8002718240022659,,8.08,52385,14381.14
1780,0.742404468357563,0.8909311294555664,8.10,52497,14389.24
1781,0.7901510149240494,,8.32,52661,14397.56
1782,0.7753200754523277,,8.03,52418,14405.59
1783,0.7500216588377953,,7.91,52791,14413.51
1784,0.7545999810099602,,8.23,52530,14421.73
1785,0.7571326494216919,0.9104501406351725,8.69,52823,14430.43
1786,0.7760088890790939,,8.65,52842,14439.08
1787,0.7614087834954262,,8.62,52513,14447.70
1788,0.7492882832884789,,8.24,52563,14455.94
1789,0.6893498376011848,,7.87,52966,14463.81
1790,0.7233324646949768,0.9360302090644836,8.14,52656,14471.95
1791,0.7784874737262726,,8.41,52685,14480.36
1792,0.7482210993766785,,7.97,52646,14488.33
1793,0.7536017820239067,,7.81,52973,14496.14
1794,0.7480276003479958,,7.57,52445,14503.71
1795,0.7753345966339111,0.8915483554204305,8.06,52596,14511.76
1796,0.7692980989813805,,7.86,52465,14519.62
1797,0.7385256364941597,,8.25,52849,14527.87
1798,0.7885755375027657,,8.53,52756,14536.40
1799,0.7195796370506287,,8.20,53001,14544.60
1800,0.7654402479529381,0.8832541108131409,8.71,52613,14553.31
1801,0.8122158497571945,,8.66,52835,14561.97
1802,0.7657171189785004,,8.06,52467,14570.03
1803,0.7782683148980141,,8.53,52786,14578.56
1804,0.7933799475431442,,8.75,52403,14587.30
1805,0.8072300031781197,0.8990409771601359,7.99,52799,14595.29
1806,0.7458032816648483,,8.23,52921,14603.52
1807,0.7390875592827797,,8.42,53147,14611.94
1808,0.8006933555006981,,8.35,52550,14620.29
1809,0.7287880033254623,,8.60,52719,14628.88
1810,0.7352107018232346,0.868891179561615,7.85,52478,14636.74
1811,0.7853163182735443,,7.53,52556,14644.26
1812,0.7464254274964333,,7.62,52276,14651.89
1813,0.751498632133007,,7.60,52480,14659.48
1814,0.7095952332019806,,8.04,52896,14667.53
1815,0.7934688776731491,0.8716931144396464,8.32,52882,14675.85
1816,0.7502755969762802,,7.94,52437,14683.79
1817,0.7589674741029739,,7.90,52457,14691.69
1818,0.7591538056731224,,8.22,52580,14699.92
1819,0.7358819469809532,,7.98,52645,14707.90
1820,0.725067600607872,0.9539191325505575,8.64,52775,14716.54
1821,0.786148339509964,,8.65,52290,14725.20
1822,0.7583626210689545,,8.06,52608,14733.25
1823,0.7671414837241173,,8.63,52685,14741.89
1824,0.7711318582296371,,7.99,52875,14749.88
1825,0.8181174397468567,0.8690322836240133,8.26,52287,14758.13
1826,0.7599871158599854,,8.50,52560,14766.63
1827,0.760969765484333,,8.69,52462,14775.32
1828,0.7446955144405365,,8.57,52560,14783.89
1829,0.7751712501049042,,8.50,52696,14792.39
1830,0.7898634076118469,0.9346161882082621,7.97,52715,14800.36
1831,0.7549473568797112,,8.97,52588,14809.33
1832,0.802051730453968,,8.56,52383,14817.89
1833,0.7003361582756042,,8.11,52461,14826.00
1834,0.7454966753721237,,8.15,52401,14834.15
1835,0.750987246632576,0.919552226861318,8.36,52565,14842.51
1836,0.7764681354165077,,8.32,52569,14850.83
1837,0.7642843276262283,,7.73,52781,14858.56
1838,0.7435241490602493,,8.32,52409,14866.88
1839,0.7584533467888832,,8.39,52968,14875.27
1840,0.7695038691163063,0.8807099262873331,7.93,52516,14883.21
1841,0.7579024285078049,,8.23,52828,14891.43
1842,0.7789901047945023,,8.17,52486,14899.61
1843,0.7014647200703621,,7.68,52774,14907.29
1844,0.7469792068004608,,7.64,52709,14914.93
1845,0.7548914551734924,0.8597226142883301,7.96,52765,14922.89
1846,0.7470608577132225,,8.51,52898,14931.39
1847,0.799713023006916,,8.54,53103,14939.94
1848,0.7566950917243958,,8.44,52834,14948.38
1849,0.759732149541378,,8.06,52773,14956.44
1850,0.7647804245352745,0.9393117626508077,7.84,52969,14964.27
1851,0.80171699821949,,8.36,52564,14972.63
1852,0.7904783114790916,,8.53,52761,14981.17
1853,0.7528368607163429,,7.88,52811,14989.04
1854,0.7480383068323135,,8.17,52861,14997.21
1855,0.7083208188414574,0.9030984242757162,8.83,52666,15006.04
1856,0.7815155312418938,,7.88,53027,15013.92
1857,0.739842601120472,,8.59,52511,15022.51
1858,0.7497798353433609,,8.50,52658,15031.01
1859,0.7360389605164528,,8.08,52579,15039.09
1860,0.699845090508461,0.8619076212247213,8.00,52642,15047.09
1861,0.7768124341964722,,7.71,52668,15054.80
1862,0.7292640507221222,,8.65,52862,15063.45
1863,0.7359195277094841,,8.36,52457,15071.81
1864,0.7211418524384499,,8.07,52555,15079.87
1865,0.7698785960674286,0.8824281891187032,8.41,52567,15088.29
1866,0.753967709839344,,7.84,52269,15096.13
1867,0.793297715485096,,7.85,52949,15103.98
1868,0.746288925409317,,8.26,52648,15112.24
1869,0.7634922191500664,,8.40,52876,15120.65
1870,0.7615855634212494,0.8984551429748535,8.11,52734,15128.76
1871,0.7264744155108929,,8.28,52591,15137.04
1872,0.7554947063326836,,8.23,53156,15145.27
1873,0.820885643362999,,8.49,52766,15153.76
1874,0.7475493028759956,,8.35,52776,15162.10
1875,0.7379850000143051,0.9065760970115662,7.91,52563,15170.01
1876,0.7485329061746597,,8.01,52965,15178.03
1877,0.7620859816670418,,8.45,52711,15186.48
1878,0.7177017480134964,,7.97,52699,15194.45
1879,0.7258055955171585,,8.18,52726,15202.63
1880,0.743390329182148,0.9279302954673767,8.24,52625,15210.87
1881,0.7979137822985649,,8.30,52768,15219.17
1882,0.7294001281261444,,8.44,52313,15227.61
1883,0.7319813594222069,,8.30,52540,15235.90
1884,0.8011867702007294,,8.39,52997,15244.29
1885,0.7508652210235596,0.9335971673329672,8.21,52783,15252.50
1886,0.7876013740897179,,7.96,52679,15260.46
1887,0.7311518862843513,,8.38,52373,15268.84
1888,0.7858278080821037,,8.09,52857,15276.93
1889,0.7820983901619911,,8.66,52552,15285.59
1890,0.7581796422600746,0.8692357540130615,8.65,52766,15294.25
1891,0.7900277227163315,,8.19,52540,15302.44
1892,0.7735874876379967,,7.83,52497,15310.27
1893,0.7633360400795937,,8.65,52601,15318.92
1894,0.7527642473578453,,8.32,52552,15327.24
1895,0.744654044508934,0.841927687327067,8.20,52426,15335.43
1896,0.7447472512722015,,8.23,52943,15343.66
1897,0.7873399630188942,,8.17,52704,15351.83
1898,0.7608336061239243,,8.33,52967,15360.16
1899,0.7544844448566437,,8.08,52664,15368.24
1900,0.7542865052819252,0.968549370765686,8.25,52527,15376.49
1901,0.7874831408262253,,8.36,52589,15384.85
1902,0.7823367416858673,,7.89,52396,15392.74
1903,0.8296176493167877,,8.01,52660,15400.75
1904,0.7735423669219017,,8.71,52701,15409.46
1905,0.7349682971835136,0.8198809027671814,8.14,52767,15417.61
1906,0.7374591529369354,,7.90,52531,15425.51
1907,0.7570802718400955,,8.17,52753,15433.68
1908,0.7755743116140366,,8.58,52627,15442.25
1909,0.7695631086826324,,8.63,52588,15450.89
1910,0.7778766304254532,0.9608120123545328,8.55,52574,15459.44
1911,0.7339734062552452,,8.19,52579,15467.62
1912,0.7817673981189728,,8.11,52592,15475.73
1913,0.7596863955259323,,7.75,52632,15483.48
1914,0.7443203628063202,,8.71,52923,15492.18
1915,0.7733791172504425,0.9026813904444376,8.22,52525,15500.40
1916,0.7670147344470024,,8.15,52578,15508.55
1917,0.7662521302700043,,8.85,52728,15517.39
1918,0.7801900953054428,,8.86,52882,15526.25
1919,0.7598601132631302,,8.10,52482,15534.35
1920,0.758237786591053,0.9578922986984253,7.91,52910,15542.26
1921,0.7788069695234299,,8.16,52824,15550.42
1922,0.7698552012443542,,7.74,52798,15558.16
1923,0.7490066513419151,,7.47,52660,15565.63
1924,0.7681950628757477,,7.53,52831,15573.16
1925,0.7444611862301826,0.8411128719647726,7.54,52466,15580.71
1926,0.7478977516293526,,8.19,52663,15588.90
1927,0.7773502767086029,,8.79,52716,15597.68
1928,0.8090850561857224,,8.30,52343,15605.98
1929,0.7369336187839508,,8.03,52592,15614.00
1930,0.8085153922438622,0.9218977093696594,8.05,52525,15622.05
1931,0.7475035041570663,,8.03,52815,15630.08
1932,0.740156501531601,,8.50,52488,15638.58
1933,0.8131174147129059,,7.94,52891,15646.51
1934,0.7519669905304909,,8.55,52658,15655.06
1935,0.7399490773677826,0.8288480440775553,8.33,52570,15663.40
1936,0.77376289665699,,8.23,52837,15671.63
1937,0.7839456275105476,,8.19,52578,15679.81
1938,0.7354141250252724,,7.97,52652,15687.78
1939,0.7571878656744957,,7.45,52655,15695.23
1940,0.7402679473161697,0.8961483836174011,7.56,52561,15702.79
1941,0.7448711097240448,,8.03,52677,15710.82
1942,0.7723776325583458,,8.39,52803,15719.20
1943,0.809421956539154,,8.25,52617,15727.46
1944,0.7222036793828011,,7.75,52441,15735.21
1945,0.7498813569545746,0.9326921900113424,8.72,52471,15743.93
1946,0.7573457583785057,,8.42,52424,15752.35
1947,0.7378287389874458,,8.10,52393,15760.45
1948,0.7444658428430557,,7.64,52604,15768.09
1949,0.8158872649073601,,7.85,52859,15775.94
1950,0.7323692366480827,0.8832497994105021,8.21,52760,15784.15
1951,0.7964160367846489,,8.18,52754,15792.34
1952,0.7590558752417564,,7.90,52377,15800.23
1953,0.7474992871284485,,8.28,52926,15808.51
1954,0.7362808957695961,,8.14,53014,15816.65
1955,0.7562148049473763,0.9276553193728129,8.42,52452,15825.07
1956,0.7631667107343674,,8.07,52735,15833.14
1957,0.8060766607522964,,8.69,53143,15841.83
1958,0.7800051495432854,,7.80,52905,15849.64
1959,0.7531285881996155,,8.27,52754,15857.90
1960,0.7561910226941109,0.881559689839681,7.93,52716,15865.84
1961,0.7107874825596809,,8.75,52537,15874.58
1962,0.7191576585173607,,8.44,52481,15883.02
1963,0.7498855292797089,,8.29,52960,15891.31
1964,0.7177305668592453,,7.62,52452,15898.93
1965,0.7088321149349213,0.9296940565109253,8.25,52572,15907.18
1966,0.7418719530105591,,7.63,52610,15914.81
1967,0.7803865745663643,,8.36,52577,15923.17
1968,0.7391691505908966,,8.82,52435,15931.99
1969,0.7797091379761696,,8.15,52488,15940.14
1970,0.8171587809920311,0.8937680721282959,7.64,52706,15947.78
1971,0.7794886231422424,,8.03,52668,15955.80
1972,0.7661730200052261,,8.30,52637,15964.10
1973,0.7723084390163422,,8.30,52662,15972.40
1974,0.7843421697616577,,7.77,52632,15980.17
1975,0.7602484822273254,0.8854597210884094,8.39,52696,15988.56
1976,0.7843784466385841,,8.08,52561,15996.64
1977,0.7274137288331985,,8.08,53090,16004.72
1978,0.7287186533212662,,8.59,52971,16013.31
1979,0.7688123881816864,,8.12,52451,16021.43
1980,0.7848465889692307,0.849347710609436,8.35,52511,16029.78
1981,0.7472083792090416,,8.04,52382,16037.83
1982,0.7469410002231598,,8.73,52407,16046.55
1983,0.7654841169714928,,8.31,52705,16054.87
1984,0.7599664181470871,,8.47,52770,16063.33
1985,0.7994221597909927,0.9383100668589274,7.91,52843,16071.24
1986,0.7622864842414856,,7.78,52601,16079.03
1987,0.7459767833352089,,7.86,52699,16086.88
1988,0.7517621889710426,,7.51,52600,16094.39
1989,0.7572849914431572,,8.19,52917,16102.58
1990,0.7611370906233788,0.9571747779846191,8.30,52875,16110.88
1991,0.7428921833634377,,7.81,52893,16118.69
1992,0.7500592693686485,,8.20,52692,16126.89
1993,0.7622910141944885,,7.94,52660,16134.83
1994,0.7443976774811745,,8.21,52782,16143.04
1995,0.7607049718499184,0.9076115091641744,7.97,52696,16151.01
1996,0.7562855258584023,,7.97,52258,16158.98
1997,0.8049412667751312,,8.06,52590,16167.04
1998,0.7552126869559288,,8.02,52468,16175.06
1999,0.7889977097511292,,7.85,52991,16182.91
2000,0.7328415289521217,0.8809066812197367,8.32,52485,16191.23
2001,0.7434170544147491,,8.61,52563,16199.84
2002,0.7255728766322136,,8.35,52980,16208.19
2003,0.7283309027552605,,8.22,52714,16216.41
2004,0.727457731962204,,8.26,52800,16224.67
2005,0.7396480441093445,0.8811237414677938,8.16,52549,16232.83
2006,0.7246083840727806,,7.46,52978,16240.29
2007,0.7756485790014267,,8.02,52821,16248.31
2008,0.7111916542053223,,8.59,52900,16256.90
2009,0.7490414530038834,,8.67,52607,16265.58
2010,0.7612874880433083,0.9268078207969666,8.51,52900,16274.09
2011,0.7846226841211319,,8.31,52619,16282.39
2012,0.7441862896084785,,8.16,52848,16290.56
2013,0.7224216982722282,,8.36,52691,16298.92
2014,0.7389508411288261,,8.36,52538,16307.27
2015,0.7430382668972015,0.8274956941604614,8.89,52699,16316.16
2016,0.792095459997654,,8.31,52667,16324.47
2017,0.8110686540603638,,8.38,52909,16332.84
2018,0.746752992272377,,7.91,52680,16340.75
2019,0.7768317982554436,,8.02,52499,16348.77
2020,0.7763249576091766,0.8535680572191874,7.86,52535,16356.64
2021,0.7455297634005547,,7.97,52595,16364.61
2022,0.737757183611393,,7.73,52394,16372.34
2023,0.7297551557421684,,8.13,52423,16380.46
2024,0.6908031105995178,,8.52,52810,16388.98
2025,0.7260616570711136,0.8862971663475037,8.07,52625,16397.06
2026,0.7595527693629265,,7.86,52423,16404.92
2027,0.8017137870192528,,8.49,52513,16413.41
2028,0.7600704208016396,,8.71,52562,16422.12
2029,0.7811633720993996,,8.35,52481,16430.47
2030,0.7634265571832657,0.8103461861610413,8.05,52895,16438.52
2031,0.7772657796740532,,7.95,52750,16446.47
2032,0.7997426316142082,,8.20,52906,16454.66
2033,0.7490864098072052,,8.09,52659,16462.75
2034,0.7314616218209267,,7.93,52463,16470.68
2035,0.7554100230336189,0.9290764530499777,7.84,52589,16478.51
2036,0.7579825818538666,,7.93,52742,16486.44
2037,0.7244828417897224,,8.02,52533,16494.46
2038,0.7073865532875061,,8.33,53074,16502.79
2039,0.7103897854685783,,8.56,52501,16511.35
2040,0.7542169168591499,0.8766367634137472,8.17,52653,16519.53
2041,0.7370312586426735,,8.10,52997,16527.62
2042,0.7984507381916046,,8.16,52628,16535.78
2043,0.743217870593071,,9.20,52661,16544.98
2044,0.7536381781101227,,8.88,52631,16553.86
2045,0.7070268839597702,0.8379442493120829,8.58,52434,16562.44
2046,0.7610840052366257,,8.10,52794,16570.54
2047,0.7638601139187813,,8.55,52647,16579.09
2048,0.7381177917122841,,7.89,52671,16586.98
2049,0.7703638970851898,,8.45,52703,16595.43
2050,0.7504089325666428,0.9004031419754028,7.94,52678,16603.37
2051,0.737688884139061,,7.69,52646,16611.06
2052,0.7555822134017944,,8.05,52738,16619.12
2053,0.7212556302547455,,7.60,52544,16626.72
2054,0.7552797049283981,,8.36,52764,16635.08
2055,0.7415594384074211,0.8621769746144613,8.10,52691,16643.18
2056,0.7543072178959846,,8.32,52820,16651.50
2057,0.7360833436250687,,8.11,52899,16659.62
2058,0.7339184954762459,,8.11,53092,16667.73
2059,0.7704761624336243,,8.37,52535,16676.10
2060,0.773361511528492,0.9493902722994486,8.13,52765,16684.23
2061,0.7233470901846886,,8.35,52767,16692.58
2062,0.7709907814860344,,7.75,52777,16700.33
2063,0.7680858820676804,,8.02,52627,16708.35
2064,0.7397397607564926,,8.28,52585,16716.63
2065,0.7525626495480537,0.875320037206014,8.14,52663,16724.78
2066,0.7346917241811752,,7.55,52798,16732.33
2067,0.7711931690573692,,7.75,52668,16740.08
2068,0.7345455586910248,,7.71,52869,16747.79
2069,0.7865046933293343,,7.70,52536,16755.49
2070,0.7413416132330894,0.9207422534624735,7.59,52438,16763.08
2071,0.7700468227267265,,8.16,52589,16771.24
2072,0.7350191026926041,,8.01,52825,16779.24
2073,0.7381758466362953,,8.25,52397,16787.49
2074,0.7440728917717934,,8.74,52763,16796.23
2075,0.7742553725838661,0.9588174819946289,7.69,52576,16803.91
2076,0.7405707240104675,,8.07,52594,16811.99
2077,0.7702514007687569,,8.35,52474,16820.34
2078,0.7086339071393013,,7.93,52858,16828.27
2079,0.7781433910131454,,7.80,53009,16836.07
2080,0.7939784303307533,0.9064912994702657,8.05,52666,16844.12
2081,0.7286200150847435,,8.67,52572,16852.80
2082,0.762343592941761,,7.80,52884,16860.60
2083,0.751485712826252,,7.71,52801,16868.31
2084,0.7568151876330376,,7.63,52534,16875.93
2085,0.772347666323185,0.9528026779492696,8.40,52778,16884.33
2086,0.7684967741370201,,7.49,52760,16891.82
2087,0.7521098181605339,,8.38,52470,16900.21
2088,0.6985507979989052,,8.02,52671,16908.22
2089,0.7939959093928337,,7.58,52467,16915.81
2090,0.7480919659137726,0.949674665927887,8.58,52480,16924.38
2091,0.7638224810361862,,8.82,52975,16933.20
2092,0.7429947629570961,,7.90,52348,16941.11
2093,0.7863273918628693,,7.84,52975,16948.94
2094,0.778815969824791,,8.48,52668,16957.42
2095,0.7392036765813828,0.917711615562439,8.43,52566,16965.86
2096,0.7409905567765236,,8.30,52492,16974.15
2097,0.7589061632752419,,8.50,52557,16982.66
2098,0.7244062572717667,,7.75,52373,16990.41
2099,0.738608755171299,,7.91,52455,16998.31
2100,0.7629163563251495,0.8959701458613077,7.76,52728,17006.08
2101,0.7401632741093636,,7.58,52620,17013.65
2102,0.7616081684827805,,8.27,52630,17021.92
2103,0.7704160138964653,,8.34,52779,17030.26
2104,0.7553635388612747,,8.92,52877,17039.18
2105,0.7603516653180122,0.8220807711283366,8.13,52784,17047.31
2106,0.7281967326998711,,8.23,52707,17055.53
2107,0.7471960410475731,,8.19,52695,17063.72
2108,0.7692464739084244,,8.17,52936,17071.89
2109,0.7153877168893814,,8.69,52955,17080.58
2110,0.7407615259289742,0.8984528183937073,9.08,52914,17089.66
2111,0.7596881613135338,,8.60,52735,17098.25
2112,0.7363139018416405,,8.66,52441,17106.91
2113,0.7330388054251671,,8.45,52479,17115.36
2114,0.7485548034310341,,7.97,52558,17123.33
2115,0.747529923915863,0.8564088940620422,7.91,53002,17131.24
2116,0.7732160091400146,,7.85,52722,17139.10
2117,0.7845719754695892,,8.16,52637,17147.25
2118,0.7502921298146248,,7.94,52837,17155.19
2119,0.7371806204319,,8.13,52752,17163.32
2120,0.7033874467015266,0.8981989622116089,8.04,52562,17171.35
2121,0.7909315526485443,,8.23,52770,17179.59
2122,0.7457616105675697,,8.38,52818,17187.97
2123,0.7666498720645905,,8.38,52703,17196.35
2124,0.7381020784378052,,8.60,52645,17204.95
2125,0.7349595278501511,0.9100366830825806,9.04,52338,17213.99
2126,0.754242293536663,,8.24,52922,17222.23
2127,0.7136544287204742,,7.99,52577,17230.22
2128,0.758894108235836,,8.72,52608,17238.94
2129,0.7330322563648224,,8.47,52779,17247.41
2130,0.7843207865953445,0.9312071998914083,7.83,52279,17255.24
2131,0.7090237066149712,,8.20,52327,17263.44
2132,0.7839407026767731,,7.67,52811,17271.11
2133,0.7243213057518005,,8.03,52305,17279.13
2134,0.7358765825629234,,8.34,52472,17287.47
2135,0.7187783718109131,0.8986951112747192,7.92,52562,17295.39
2136,0.7117738127708435,,7.70,52641,17303.08
2137,0.7385187149047852,,8.06,52413,17311.14
2138,0.7731917276978493,,8.12,53315,17319.26
2139,0.7094291374087334,,8.21,52512,17327.46
2140,0.7424077615141869,0.8830917278925577,8.46,52737,17335.92
2141,0.7593870833516121,,7.67,52704,17343.59
2142,0.7553504705429077,,8.24,52532,17351.83
2143,0.7388820871710777,,8.31,52548,17360.14
2144,0.751933142542839,,7.94,52640,17368.08
2145,0.7391620799899101,0.9541997909545898,8.33,52759,17376.41
2146,0.7636592984199524,,7.72,52668,17384.14
2147,0.7752133458852768,,8.02,52722,17392.16
2148,0.7322407886385918,,8.39,52893,17400.55
2149,0.7472156137228012,,7.98,52651,17408.53
